rundate,last_period,reporting_airport_group_name,reporting_airport_name,total_pax_this_period,total_pax_last_period,total_pax_percent,terminal_pax_this_period,terminal_pax_last_period,terminal_pax_percent,transit_pax_this_period,transit_pax_last_period,transit_pax_percent,date
13-Mar-2015 14:19,201401,Other UK Airports             ,ABERDEEN                      ,249165,247286, 0.7598489 ,249165,247255, 0.7724819 ,0,31,Null,2015-01-01
13-Mar-2015 14:19,201401,Non UK Reporting Airports     ,ALDERNEY                      ,2906,3358,-13.46039 ,2906,3358,-13.46039 ,0,0,Null,2015-01-01
13-Mar-2015 14:19,201401,Other UK Airports             ,BARRA                         ,437,520,-15.96154 ,437,520,-15.96154 ,0,0,Null,2015-01-01
13-Mar-2015 14:19,201401,Other UK Airports             ,BELFAST CITY (GEORGE BEST)    ,167662,162358, 3.266855 ,167662,162358, 3.266855 ,0,0,Null,2015-01-01
13-Mar-2015 14:19,201401,Other UK Airports             ,BELFAST INTERNATIONAL         ,237948,251009,-5.203399 ,237819,251008,-5.254414 ,129,1, 12800 ,2015-01-01
13-Mar-2015 14:19,201401,Other UK Airports             ,BENBECULA                     ,2082,2120,-1.792453 ,2082,2120,-1.792453 ,0,0,Null,2015-01-01
13-Mar-2015 14:19,201401,Other UK Airports             ,BIGGIN HILL                   ,138,0,Null,138,0,Null,0,0,Null,2015-01-01
13-Mar-2015 14:19,201401,Other UK Airports             ,BIRMINGHAM                    ,611467,549246, 11.32844 ,611171,548823, 11.36031 ,296,423,-30.02364 ,2015-01-01
13-Mar-2015 14:19,201401,Other UK Airports             ,BLACKPOOL                     ,1787,7799,-77.08681 ,1787,7799,-77.08681 ,0,0,Null,2015-01-01
13-Mar-2015 14:19,201401,Other UK Airports             ,BOURNEMOUTH                   ,21419,21260, 0.7478833 ,20789,21260,-2.215428 ,630,0,Null,2015-01-01
13-Mar-2015 14:19,201401,Other UK Airports             ,BRISTOL                       ,360924,342989, 5.229031 ,360538,342489, 5.26995 ,386,500,-22.8 ,2015-01-01
13-Mar-2015 14:19,201401,Other UK Airports             ,CAMBRIDGE                     ,350,1758,-80.09101 ,350,1758,-80.09101 ,0,0,Null,2015-01-01
13-Mar-2015 14:19,201401,Other UK Airports             ,CAMPBELTOWN                   ,429,579,-25.90674 ,419,578,-27.50865 ,10,1, 900 ,2015-01-01
13-Mar-2015 14:19,201401,Other UK Airports             ,CARDIFF WALES                 ,42316,46336,-8.675759 ,42023,45203,-7.034931 ,293,1133,-74.13945 ,2015-01-01
13-Mar-2015 14:19,201401,Other UK Airports             ,CITY OF DERRY (EGLINTON)      ,20381,22336,-8.752687 ,20378,22336,-8.766117 ,3,0,Null,2015-01-01
13-Mar-2015 14:19,201401,Other UK Airports             ,COVENTRY                      ,0,0,Null,0,0,Null,0,0,Null,2015-01-01
13-Mar-2015 14:19,201401,Other UK Airports             ,DONCASTER SHEFFIELD           ,45034,34554, 30.32934 ,45034,34544, 30.36707 ,0,10,Null,2015-01-01
13-Mar-2015 14:19,201401,Other UK Airports             ,DUNDEE                        ,1240,1531,-19.00718 ,1240,1531,-19.00718 ,0,0,Null,2015-01-01
13-Mar-2015 14:19,201401,Other UK Airports             ,DURHAM TEES VALLEY            ,9894,10620,-6.836158 ,9878,10580,-6.63516 ,16,40,-60 ,2015-01-01
13-Mar-2015 14:19,201401,Other UK Airports             ,EAST MIDLANDS INTERNATIONAL   ,183335,162188, 13.03857 ,183043,162129, 12.8996 ,292,59, 394.9153 ,2015-01-01
13-Mar-2015 14:19,201401,Other UK Airports             ,EDINBURGH                     ,625306,586723, 6.576016 ,624836,586723, 6.49591 ,470,0,Null,2015-01-01
13-Mar-2015 14:19,201401,Other UK Airports             ,EXETER                        ,44294,33612, 31.78032 ,44178,33401, 32.2655 ,116,211,-45.0237 ,2015-01-01
13-Mar-2015 14:19,201401,London Area Airports          ,GATWICK                       ,2359570,2236661, 5.4952 ,2358459,2234922, 5.527575 ,1111,1739,-36.11271 ,2015-01-01
13-Mar-2015 14:19,201401,Other UK Airports             ,GLASGOW                       ,485824,435980, 11.43263 ,485546,435807, 11.41308 ,278,173, 60.69364 ,2015-01-01
13-Mar-2015 14:19,201401,Other UK Airports             ,GLOUCESTERSHIRE               ,733,829,-11.58022 ,733,829,-11.58022 ,0,0,Null,2015-01-01
13-Mar-2015 14:19,201401,Non UK Reporting Airports     ,GUERNSEY                      ,53392,53624,-0.4326421 ,51115,51571,-0.8842179 ,2277,2053, 10.91086 ,2015-01-01
13-Mar-2015 14:19,201401,London Area Airports          ,HEATHROW                      ,5456668,5387171, 1.290046 ,5454900,5383975, 1.317335 ,1768,3196,-44.68085 ,2015-01-01
13-Mar-2015 14:19,201401,Other UK Airports             ,HUMBERSIDE                    ,15770,16844,-6.376158 ,15767,16775,-6.008942 ,3,69,-95.65218 ,2015-01-01
13-Mar-2015 14:19,201401,Other UK Airports             ,INVERNESS                     ,43447,33954, 27.95841 ,43349,33853, 28.05069 ,98,101,-2.970297 ,2015-01-01
13-Mar-2015 14:19,201401,Other UK Airports             ,ISLAY                         ,1659,1518, 9.288538 ,1629,1502, 8.455393 ,30,16, 87.5 ,2015-01-01
13-Mar-2015 14:19,201401,Non UK Reporting Airports     ,ISLE OF MAN                   ,47013,49032,-4.117719 ,47013,48987,-4.029641 ,0,45,Null,2015-01-01
13-Mar-2015 14:19,201401,Other UK Airports             ,ISLES OF SCILLY (ST.MARYS)    ,2855,2811, 1.565279 ,2855,2811, 1.565279 ,0,0,Null,2015-01-01
13-Mar-2015 14:19,201401,Non UK Reporting Airports     ,JERSEY                        ,82321,79399, 3.680147 ,80930,78139, 3.57184 ,1391,1260, 10.39683 ,2015-01-01
13-Mar-2015 14:19,201401,Other UK Airports             ,KIRKWALL                      ,10236,10644,-3.833145 ,9564,10134,-5.62463 ,672,510, 31.76471 ,2015-01-01
13-Mar-2015 14:19,201401,Other UK Airports             ,LANDS END (ST JUST)           ,2229,0,Null,2187,0,Null,42,0,Null,2015-01-01
13-Mar-2015 14:19,201401,Other UK Airports             ,LEEDS BRADFORD                ,145040,131664, 10.15919 ,142891,131369, 8.770715 ,2149,295, 628.4745 ,2015-01-01
13-Mar-2015 14:19,201401,Other UK Airports             ,LERWICK (TINGWALL)            ,141,150,-6 ,141,150,-6 ,0,0,Null,2015-01-01
13-Mar-2015 14:19,201401,Other UK Airports             ,LIVERPOOL (JOHN LENNON)       ,250595,252241,-0.6525505 ,249764,252241,-0.9819974 ,831,0,Null,2015-01-01
13-Mar-2015 14:19,201401,London Area Airports          ,LONDON CITY                   ,297929,240500, 23.879 ,297929,240500, 23.879 ,0,0,Null,2015-01-01
13-Mar-2015 14:19,201401,London Area Airports          ,LUTON                         ,656324,589397, 11.35516 ,656256,589167, 11.38709 ,68,230,-70.43478 ,2015-01-01
13-Mar-2015 14:19,201401,Other UK Airports             ,LYDD                          ,9,2, 350 ,9,2, 350 ,0,0,Null,2015-01-01
13-Mar-2015 14:19,201401,Other UK Airports             ,MANCHESTER                    ,1318080,1227261, 7.400137 ,1312800,1223993, 7.255516 ,5280,3268, 61.56671 ,2015-01-01
13-Mar-2015 14:19,201401,Other UK Airports             ,MANSTON (KENT INT)            ,0,3136,Null,0,3136,Null,0,0,Null,2015-01-01
13-Mar-2015 14:19,201401,Other UK Airports             ,NEWCASTLE                     ,233423,229276, 1.808737 ,233047,228684, 1.907873 ,376,592,-36.48649 ,2015-01-01
13-Mar-2015 14:19,201401,Other UK Airports             ,NEWQUAY                       ,11587,7987, 45.07324 ,11587,7987, 45.07324 ,0,0,Null,2015-01-01
13-Mar-2015 14:19,201401,Other UK Airports             ,NORWICH                       ,26609,26317, 1.109549 ,26609,26317, 1.109549 ,0,0,Null,2015-01-01
13-Mar-2015 14:19,201401,Other UK Airports             ,PRESTWICK                     ,19773,46485,-57.4637 ,19773,46320,-57.31218 ,0,165,Null,2015-01-01
13-Mar-2015 14:19,201401,Other UK Airports             ,SCATSTA                       ,20684,15341, 34.82824 ,20684,15341, 34.82824 ,0,0,Null,2015-01-01
13-Mar-2015 14:19,201401,Other UK Airports             ,SHOREHAM                      ,68,29, 134.4828 ,68,29, 134.4828 ,0,0,Null,2015-01-01
13-Mar-2015 14:19,201401,Other UK Airports             ,SOUTHAMPTON                   ,110848,95793, 15.71618 ,110405,95793, 15.25372 ,443,0,Null,2015-01-01
13-Mar-2015 14:19,201401,London Area Airports          ,SOUTHEND                      ,55301,59904,-7.683961 ,55301,59904,-7.683961 ,0,0,Null,2015-01-01
13-Mar-2015 14:19,201401,London Area Airports          ,STANSTED                      ,1485962,1156468, 28.49141 ,1485451,1156366, 28.45855 ,511,102, 400.9804 ,2015-01-01
13-Mar-2015 14:19,201401,Other UK Airports             ,STORNOWAY                     ,8659,8758,-1.130395 ,8489,8583,-1.095188 ,170,175,-2.857143 ,2015-01-01
13-Mar-2015 14:19,201401,Other UK Airports             ,SUMBURGH                      ,15055,21494,-29.9572 ,14991,21494,-30.25496 ,64,0,Null,2015-01-01
13-Mar-2015 14:19,201401,Other UK Airports             ,TIREE                         ,495,552,-10.32609 ,484,523,-7.456979 ,11,29,-62.06897 ,2015-01-01
13-Mar-2015 14:19,201401,Other UK Airports             ,WICK JOHN O GROATS            ,2840,1866, 52.19721 ,2509,1866, 34.45874 ,331,0,Null,2015-01-01
23-Apr-2015 13:04,201402,Other UK Airports             ,ABERDEEN                      ,250294,251751,-0.5787464 ,250294,251680,-0.5506993 ,0,71,Null,2015-02-01
23-Apr-2015 13:04,201402,Non UK Reporting Airports     ,ALDERNEY                      ,3271,2953, 10.76871 ,3271,2953, 10.76871 ,0,0,Null,2015-02-01
23-Apr-2015 13:04,201402,Other UK Airports             ,BARRA                         ,530,530, 0 ,530,530, 0 ,0,0,Null,2015-02-01
23-Apr-2015 13:04,201402,Other UK Airports             ,BELFAST CITY (GEORGE BEST)    ,187658,171530, 9.402437 ,187658,171496, 9.424127 ,0,34,Null,2015-02-01
23-Apr-2015 13:04,201402,Other UK Airports             ,BELFAST INTERNATIONAL         ,273747,280023,-2.241245 ,273539,279863,-2.259677 ,208,160, 30 ,2015-02-01
23-Apr-2015 13:04,201402,Other UK Airports             ,BENBECULA                     ,2348,2218, 5.861136 ,2348,2218, 5.861136 ,0,0,Null,2015-02-01
23-Apr-2015 13:04,201402,Other UK Airports             ,BIGGIN HILL                   ,4,0,Null,4,0,Null,0,0,Null,2015-02-01
23-Apr-2015 13:04,201402,Other UK Airports             ,BIRMINGHAM                    ,629843,577306, 9.100373 ,629157,576444, 9.144513 ,686,862,-20.41763 ,2015-02-01
23-Apr-2015 13:04,201402,Other UK Airports             ,BLACKPOOL                     ,1949,8990,-78.32036 ,1949,8990,-78.32036 ,0,0,Null,2015-02-01
23-Apr-2015 13:04,201402,Other UK Airports             ,BOURNEMOUTH                   ,20748,23018,-9.861847 ,20522,23018,-10.84369 ,226,0,Null,2015-02-01
23-Apr-2015 13:04,201402,Other UK Airports             ,BRISTOL                       ,381531,368932, 3.414993 ,381071,368022, 3.545712 ,460,910,-49.45055 ,2015-02-01
23-Apr-2015 13:04,201402,Other UK Airports             ,CAMBRIDGE                     ,93,1769,-94.74279 ,93,1769,-94.74279 ,0,0,Null,2015-02-01
23-Apr-2015 13:04,201402,Other UK Airports             ,CAMPBELTOWN                   ,601,594, 1.178451 ,601,594, 1.178451 ,0,0,Null,2015-02-01
23-Apr-2015 13:04,201402,Other UK Airports             ,CARDIFF WALES                 ,44472,59629,-25.41884 ,44472,59557,-25.32868 ,0,72,Null,2015-02-01
23-Apr-2015 13:04,201402,Other UK Airports             ,CITY OF DERRY (EGLINTON)      ,22899,24283,-5.699461 ,22899,24283,-5.699461 ,0,0,Null,2015-02-01
23-Apr-2015 13:04,201402,Other UK Airports             ,COVENTRY                      ,0,0,Null,0,0,Null,0,0,Null,2015-02-01
23-Apr-2015 13:04,201402,Other UK Airports             ,DONCASTER SHEFFIELD           ,40675,31916, 27.44391 ,40675,31916, 27.44391 ,0,0,Null,2015-02-01
23-Apr-2015 13:04,201402,Other UK Airports             ,DUNDEE                        ,1448,1498,-3.337784 ,1448,1498,-3.337784 ,0,0,Null,2015-02-01
23-Apr-2015 13:04,201402,Other UK Airports             ,DURHAM TEES VALLEY            ,10108,10960,-7.773723 ,10108,10960,-7.773723 ,0,0,Null,2015-02-01
23-Apr-2015 13:04,201402,Other UK Airports             ,EAST MIDLANDS INTERNATIONAL   ,202460,179395, 12.8571 ,202149,179280, 12.75602 ,311,115, 170.4348 ,2015-02-01
23-Apr-2015 13:04,201402,Other UK Airports             ,EDINBURGH                     ,656799,607143, 8.178634 ,656731,607021, 8.189173 ,68,122,-44.26229 ,2015-02-01
23-Apr-2015 13:04,201402,Other UK Airports             ,EXETER                        ,46684,37872, 23.26785 ,46684,37657, 23.97164 ,0,215,Null,2015-02-01
23-Apr-2015 13:04,201402,London Area Airports          ,GATWICK                       ,2469609,2304446, 7.167146 ,2468890,2303288, 7.189809 ,719,1158,-37.91019 ,2015-02-01
23-Apr-2015 13:04,201402,Other UK Airports             ,GLASGOW                       ,511080,448837, 13.86762 ,510718,448272, 13.93038 ,362,565,-35.9292 ,2015-02-01
23-Apr-2015 13:04,201402,Other UK Airports             ,GLOUCESTERSHIRE               ,1012,1004, 0.7968128 ,1012,1004, 0.7968128 ,0,0,Null,2015-02-01
23-Apr-2015 13:04,201402,Non UK Reporting Airports     ,GUERNSEY                      ,57868,56573, 2.289078 ,55553,54049, 2.78266 ,2315,2524,-8.280507 ,2015-02-01
23-Apr-2015 13:04,201402,London Area Airports          ,HEATHROW                      ,4955098,4899815, 1.128267 ,4953326,4897862, 1.132412 ,1772,1953,-9.267793 ,2015-02-01
23-Apr-2015 13:04,201402,Other UK Airports             ,HUMBERSIDE                    ,16244,16639,-2.373941 ,16244,16544,-1.813346 ,0,95,Null,2015-02-01
23-Apr-2015 13:04,201402,Other UK Airports             ,INVERNESS                     ,48527,38973, 24.51441 ,48367,38894, 24.35594 ,160,79, 102.5316 ,2015-02-01
23-Apr-2015 13:04,201402,Other UK Airports             ,ISLAY                         ,1837,1720, 6.802326 ,1817,1708, 6.381733 ,20,12, 66.66666 ,2015-02-01
23-Apr-2015 13:04,201402,Non UK Reporting Airports     ,ISLE OF MAN                   ,52889,53056,-0.3147618 ,52889,52978,-0.1679943 ,0,78,Null,2015-02-01
23-Apr-2015 13:04,201402,Other UK Airports             ,ISLES OF SCILLY (ST.MARYS)    ,4038,2943, 37.20693 ,4038,2943, 37.20693 ,0,0,Null,2015-02-01
23-Apr-2015 13:04,201402,Non UK Reporting Airports     ,JERSEY                        ,90911,82323, 10.43208 ,89262,81121, 10.03563 ,1649,1202, 37.18802 ,2015-02-01
23-Apr-2015 13:04,201402,Other UK Airports             ,KIRKWALL                      ,10866,10881,-0.137855 ,10173,10229,-0.5474631 ,693,652, 6.288343 ,2015-02-01
23-Apr-2015 13:04,201402,Other UK Airports             ,LANDS END (ST JUST)           ,2824,0,Null,2796,0,Null,28,0,Null,2015-02-01
23-Apr-2015 13:04,201402,Other UK Airports             ,LEEDS BRADFORD                ,164683,142221, 15.79373 ,162159,141366, 14.70863 ,2524,855, 195.2047 ,2015-02-01
23-Apr-2015 13:04,201402,Other UK Airports             ,LERWICK (TINGWALL)            ,92,276,-66.66666 ,0,276,Null,92,0,Null,2015-02-01
23-Apr-2015 13:04,201402,Other UK Airports             ,LIVERPOOL (JOHN LENNON)       ,272021,263149, 3.371474 ,272021,262863, 3.483944 ,0,286,Null,2015-02-01
23-Apr-2015 13:04,201402,London Area Airports          ,LONDON CITY                   ,327047,245191, 33.38459 ,327047,245191, 33.38459 ,0,0,Null,2015-02-01
23-Apr-2015 13:04,201402,London Area Airports          ,LUTON                         ,686837,600027, 14.46768 ,686707,600027, 14.44602 ,130,0,Null,2015-02-01
23-Apr-2015 13:04,201402,Other UK Airports             ,LYDD                          ,36,13, 176.9231 ,36,13, 176.9231 ,0,0,Null,2015-02-01
23-Apr-2015 13:04,201402,Other UK Airports             ,MANCHESTER                    ,1351743,1227546, 10.1175 ,1348089,1223731, 10.1622 ,3654,3815,-4.220183 ,2015-02-01
23-Apr-2015 13:04,201402,Other UK Airports             ,MANSTON (KENT INT)            ,0,3727,Null,0,3727,Null,0,0,Null,2015-02-01
23-Apr-2015 13:04,201402,Other UK Airports             ,NEWCASTLE                     ,246821,243418, 1.398007 ,246615,242988, 1.492666 ,206,430,-52.09302 ,2015-02-01
23-Apr-2015 13:04,201402,Other UK Airports             ,NEWQUAY                       ,12591,16252,-22.52646 ,12591,16252,-22.52646 ,0,0,Null,2015-02-01
23-Apr-2015 13:04,201402,Other UK Airports             ,NORWICH                       ,26283,26059, 0.8595878 ,26283,26059, 0.8595878 ,0,0,Null,2015-02-01
23-Apr-2015 13:04,201402,Other UK Airports             ,OXFORD (KIDLINGTON)           ,122,3, 3966.667 ,122,3, 3966.667 ,0,0,Null,2015-02-01
23-Apr-2015 13:04,201402,Other UK Airports             ,PRESTWICK                     ,18393,46162,-60.15554 ,18393,46047,-60.05603 ,0,115,Null,2015-02-01
23-Apr-2015 13:04,201402,Other UK Airports             ,SCATSTA                       ,23807,23135, 2.90469 ,23807,23135, 2.90469 ,0,0,Null,2015-02-01
23-Apr-2015 13:04,201402,Other UK Airports             ,SHOREHAM                      ,32,28, 14.28571 ,32,28, 14.28571 ,0,0,Null,2015-02-01
23-Apr-2015 13:04,201402,Other UK Airports             ,SOUTHAMPTON                   ,129013,105849, 21.884 ,128207,105748, 21.23823 ,806,101, 698.0198 ,2015-02-01
23-Apr-2015 13:04,201402,London Area Airports          ,SOUTHEND                      ,63339,72786,-12.97914 ,63339,72786,-12.97914 ,0,0,Null,2015-02-01
23-Apr-2015 13:04,201402,London Area Airports          ,STANSTED                      ,1469692,1179344, 24.61945 ,1469273,1178945, 24.62609 ,419,399, 5.012531 ,2015-02-01
23-Apr-2015 13:04,201402,Other UK Airports             ,STORNOWAY                     ,9586,8890, 7.829021 ,9412,8742, 7.66415 ,174,148, 17.56757 ,2015-02-01
23-Apr-2015 13:04,201402,Other UK Airports             ,SUMBURGH                      ,16239,17599,-7.727712 ,16143,17313,-6.757927 ,96,286,-66.43356 ,2015-02-01
23-Apr-2015 13:04,201402,Other UK Airports             ,TIREE                         ,603,599, 0.6677796 ,579,582,-0.5154639 ,24,17, 41.17647 ,2015-02-01
23-Apr-2015 13:04,201402,Other UK Airports             ,WICK JOHN O GROATS            ,2626,1929, 36.13271 ,2291,1854, 23.57066 ,335,75, 346.6667 ,2015-02-01
19-May-2015 10:58,201403,Other UK Airports             ,ABERDEEN                      ,281553,286310,-1.661486 ,281553,286310,-1.661486 ,0,0,Null,2015-03-01
19-May-2015 10:58,201403,Non UK Reporting Airports     ,ALDERNEY                      ,4256,4209, 1.116655 ,4256,4209, 1.116655 ,0,0,Null,2015-03-01
19-May-2015 10:58,201403,Other UK Airports             ,BARRA                         ,594,538, 10.40892 ,594,538, 10.40892 ,0,0,Null,2015-03-01
19-May-2015 10:58,201403,Other UK Airports             ,BELFAST CITY (GEORGE BEST)    ,210413,195070, 7.865382 ,210413,195070, 7.865382 ,0,0,Null,2015-03-01
19-May-2015 10:58,201403,Other UK Airports             ,BELFAST INTERNATIONAL         ,331707,308464, 7.535077 ,331487,308440, 7.472118 ,220,24, 816.6667 ,2015-03-01
19-May-2015 10:58,201403,Other UK Airports             ,BENBECULA                     ,2629,2418, 8.72622 ,2629,2418, 8.72622 ,0,0,Null,2015-03-01
19-May-2015 10:58,201403,Other UK Airports             ,BIGGIN HILL                   ,264,144, 83.33334 ,264,144, 83.33334 ,0,0,Null,2015-03-01
19-May-2015 10:58,201403,Other UK Airports             ,BIRMINGHAM                    ,730870,654544, 11.66094 ,729748,654140, 11.55838 ,1122,404, 177.7228 ,2015-03-01
19-May-2015 10:58,201403,Other UK Airports             ,BLACKPOOL                     ,1994,11667,-82.90906 ,1994,11667,-82.90906 ,0,0,Null,2015-03-01
19-May-2015 10:58,201403,Other UK Airports             ,BOURNEMOUTH                   ,27186,28577,-4.867551 ,27012,28577,-5.476432 ,174,0,Null,2015-03-01
19-May-2015 10:58,201403,Other UK Airports             ,BRISTOL                       ,448061,427151, 4.895225 ,447614,426291, 5.001982 ,447,860,-48.02325 ,2015-03-01
19-May-2015 10:58,201403,Other UK Airports             ,CAMBRIDGE                     ,235,576,-59.20139 ,235,576,-59.20139 ,0,0,Null,2015-03-01
19-May-2015 10:58,201403,Other UK Airports             ,CAMPBELTOWN                   ,608,802,-24.18953 ,608,802,-24.18953 ,0,0,Null,2015-03-01
19-May-2015 10:58,201403,Other UK Airports             ,CARDIFF WALES                 ,60508,57064, 6.035329 ,60508,56985, 6.182329 ,0,79,Null,2015-03-01
19-May-2015 10:58,201403,Other UK Airports             ,CITY OF DERRY (EGLINTON)      ,24140,25500,-5.333333 ,24140,25500,-5.333333 ,0,0,Null,2015-03-01
19-May-2015 10:58,201403,Other UK Airports             ,COVENTRY                      ,0,0,Null,0,0,Null,0,0,Null,2015-03-01
19-May-2015 10:58,201403,Other UK Airports             ,DONCASTER SHEFFIELD           ,48677,37319, 30.4349 ,48677,37319, 30.4349 ,0,0,Null,2015-03-01
19-May-2015 10:58,201403,Other UK Airports             ,DUNDEE                        ,1386,1630,-14.96933 ,1386,1630,-14.96933 ,0,0,Null,2015-03-01
19-May-2015 10:58,201403,Other UK Airports             ,DURHAM TEES VALLEY            ,11996,11940, 0.4690117 ,11979,11940, 0.3266332 ,17,0,Null,2015-03-01
19-May-2015 10:58,201403,Other UK Airports             ,EAST MIDLANDS INTERNATIONAL   ,258473,222223, 16.31244 ,257968,221613, 16.40472 ,505,610,-17.21312 ,2015-03-01
19-May-2015 10:58,201403,Other UK Airports             ,EDINBURGH                     ,790242,732887, 7.8259 ,790235,732887, 7.824944 ,7,0,Null,2015-03-01
19-May-2015 10:58,201403,Other UK Airports             ,EXETER                        ,55107,46788, 17.7802 ,55107,46670, 18.078 ,0,118,Null,2015-03-01
19-May-2015 10:58,201403,London Area Airports          ,GATWICK                       ,2958178,2706985, 9.279438 ,2956922,2706876, 9.237438 ,1256,109, 1052.294 ,2015-03-01
19-May-2015 10:58,201403,Other UK Airports             ,GLASGOW                       ,606565,531993, 14.01748 ,605971,531757, 13.95638 ,594,236, 151.6949 ,2015-03-01
19-May-2015 10:58,201403,Other UK Airports             ,GLOUCESTERSHIRE               ,1156,1178,-1.867572 ,1156,1178,-1.867572 ,0,0,Null,2015-03-01
19-May-2015 10:58,201403,Non UK Reporting Airports     ,GUERNSEY                      ,70293,68212, 3.050783 ,67427,65340, 3.194062 ,2866,2872,-0.2089137 ,2015-03-01
19-May-2015 10:58,201403,London Area Airports          ,HEATHROW                      ,5951061,5755911, 3.390428 ,5949719,5753526, 3.409961 ,1342,2385,-43.73166 ,2015-03-01
19-May-2015 10:58,201403,Other UK Airports             ,HUMBERSIDE                    ,17579,17777,-1.113799 ,17572,17559, 7.403611E-02 ,7,218,-96.78899 ,2015-03-01
19-May-2015 10:58,201403,Other UK Airports             ,INVERNESS                     ,55995,43811, 27.81037 ,55828,43710, 27.72363 ,167,101, 65.34653 ,2015-03-01
19-May-2015 10:58,201403,Other UK Airports             ,ISLAY                         ,2210,2104, 5.038023 ,2194,2084, 5.278311 ,16,20,-20 ,2015-03-01
19-May-2015 10:58,201403,Non UK Reporting Airports     ,ISLE OF MAN                   ,61908,59468, 4.103047 ,61901,59392, 4.224475 ,7,76,-90.78947 ,2015-03-01
19-May-2015 10:58,201403,Other UK Airports             ,ISLES OF SCILLY (ST.MARYS)    ,5189,4275, 21.38012 ,5189,4275, 21.38012 ,0,0,Null,2015-03-01
19-May-2015 10:58,201403,Non UK Reporting Airports     ,JERSEY                        ,112421,101460, 10.80327 ,110606,100034, 10.56841 ,1815,1426, 27.2791 ,2015-03-01
19-May-2015 10:58,201403,Other UK Airports             ,KIRKWALL                      ,12818,12854,-0.2800685 ,11992,12038,-0.3821233 ,826,816, 1.22549 ,2015-03-01
19-May-2015 10:58,201403,Other UK Airports             ,LANDS END (ST JUST)           ,3917,1340, 192.3134 ,3863,1340, 188.2836 ,54,0,Null,2015-03-01
19-May-2015 10:58,201403,Other UK Airports             ,LEEDS BRADFORD                ,205718,171689, 19.82014 ,203245,171064, 18.81226 ,2473,625, 295.68 ,2015-03-01
19-May-2015 10:58,201403,Other UK Airports             ,LERWICK (TINGWALL)            ,289,238, 21.42857 ,289,238, 21.42857 ,0,0,Null,2015-03-01
19-May-2015 10:58,201403,Other UK Airports             ,LIVERPOOL (JOHN LENNON)       ,320751,297917, 7.664551 ,320569,297741, 7.667067 ,182,176, 3.409091 ,2015-03-01
19-May-2015 10:58,201403,London Area Airports          ,LONDON CITY                   ,378776,281774, 34.42546 ,378776,281774, 34.42546 ,0,0,Null,2015-03-01
19-May-2015 10:58,201403,London Area Airports          ,LUTON                         ,839319,707420, 18.64508 ,839316,707420, 18.64465 ,3,0,Null,2015-03-01
19-May-2015 10:58,201403,Other UK Airports             ,LYDD                          ,0,25,Null,0,25,Null,0,0,Null,2015-03-01
19-May-2015 10:58,201403,Other UK Airports             ,MANCHESTER                    ,1574561,1435846, 9.660855 ,1570488,1432951, 9.598165 ,4073,2895, 40.69085 ,2015-03-01
19-May-2015 10:58,201403,Other UK Airports             ,MANSTON (KENT INT)            ,0,4250,Null,0,4250,Null,0,0,Null,2015-03-01
19-May-2015 10:58,201403,Other UK Airports             ,NEWCASTLE                     ,300766,283436, 6.114255 ,300475,282955, 6.191797 ,291,481,-39.50104 ,2015-03-01
19-May-2015 10:58,201403,Other UK Airports             ,NEWQUAY                       ,16284,17453,-6.697989 ,16210,17338,-6.505941 ,74,115,-35.65217 ,2015-03-01
19-May-2015 10:58,201403,Other UK Airports             ,NORWICH                       ,29511,30301,-2.607175 ,29511,30301,-2.607175 ,0,0,Null,2015-03-01
19-May-2015 10:58,201403,Other UK Airports             ,OXFORD (KIDLINGTON)           ,0,5,Null,0,5,Null,0,0,Null,2015-03-01
19-May-2015 10:58,201403,Other UK Airports             ,PRESTWICK                     ,24236,52024,-53.41381 ,24236,51816,-53.2268 ,0,208,Null,2015-03-01
19-May-2015 10:58,201403,Other UK Airports             ,SCATSTA                       ,23972,25699,-6.720106 ,23972,25699,-6.720106 ,0,0,Null,2015-03-01
19-May-2015 10:58,201403,Other UK Airports             ,SHOREHAM                      ,29,39,-25.64103 ,29,39,-25.64103 ,0,0,Null,2015-03-01
19-May-2015 10:58,201403,Other UK Airports             ,SOUTHAMPTON                   ,148915,129100, 15.34857 ,147198,129085, 14.03184 ,1717,15, 11346.67 ,2015-03-01
19-May-2015 10:58,201403,London Area Airports          ,SOUTHEND                      ,74571,84911,-12.17746 ,74571,84911,-12.17746 ,0,0,Null,2015-03-01
19-May-2015 10:58,201403,London Area Airports          ,STANSTED                      ,1666162,1343092, 24.0542 ,1665751,1343016, 24.03061 ,411,76, 440.7895 ,2015-03-01
19-May-2015 10:58,201403,Other UK Airports             ,STORNOWAY                     ,10614,10704,-0.8408072 ,10397,10525,-1.216152 ,217,179, 21.22905 ,2015-03-01
19-May-2015 10:58,201403,Other UK Airports             ,SUMBURGH                      ,20913,19657, 6.389581 ,20776,19485, 6.625609 ,137,172,-20.34884 ,2015-03-01
19-May-2015 10:58,201403,Other UK Airports             ,TIREE                         ,640,664,-3.614458 ,625,632,-1.107595 ,15,32,-53.125 ,2015-03-01
19-May-2015 10:58,201403,Other UK Airports             ,WICK JOHN O GROATS            ,2114,1807, 16.98948 ,2054,1807, 13.66906 ,60,0,Null,2015-03-01
11-Jun-2015 09:20,201404,Other UK Airports             ,ABERDEEN                      ,298203,307024,-2.873065 ,298196,307024,-2.875345 ,7,0,Null,2015-04-01
11-Jun-2015 09:20,201404,Non UK Reporting Airports     ,ALDERNEY                      ,4968,5236,-5.118411 ,4968,5236,-5.118411 ,0,0,Null,2015-04-01
11-Jun-2015 09:20,201404,Other UK Airports             ,BARRA                         ,699,804,-13.0597 ,699,804,-13.0597 ,0,0,Null,2015-04-01
11-Jun-2015 09:20,201404,Other UK Airports             ,BELFAST CITY (GEORGE BEST)    ,222410,212711, 4.559708 ,222410,212711, 4.559708 ,0,0,Null,2015-04-01
11-Jun-2015 09:20,201404,Other UK Airports             ,BELFAST INTERNATIONAL         ,340708,324507, 4.992496 ,340519,324507, 4.934254 ,189,0,Null,2015-04-01
11-Jun-2015 09:20,201404,Other UK Airports             ,BENBECULA                     ,2516,2527,-0.4352988 ,2516,2527,-0.4352988 ,0,0,Null,2015-04-01
11-Jun-2015 09:20,201404,Other UK Airports             ,BIGGIN HILL                   ,32,0,Null,32,0,Null,0,0,Null,2015-04-01
11-Jun-2015 09:20,201404,Other UK Airports             ,BIRMINGHAM                    ,771483,759568, 1.568655 ,770463,758687, 1.552155 ,1020,881, 15.77753 ,2015-04-01
11-Jun-2015 09:20,201404,Other UK Airports             ,BLACKPOOL                     ,3068,16814,-81.7533 ,3068,16814,-81.7533 ,0,0,Null,2015-04-01
11-Jun-2015 09:20,201404,Other UK Airports             ,BOURNEMOUTH                   ,52877,62791,-15.78889 ,52877,62791,-15.78889 ,0,0,Null,2015-04-01
11-Jun-2015 09:20,201404,Other UK Airports             ,BRISTOL                       ,536549,507592, 5.704779 ,536175,507047, 5.744635 ,374,545,-31.37615 ,2015-04-01
11-Jun-2015 09:20,201404,Other UK Airports             ,CAMBRIDGE                     ,177,118, 50 ,177,118, 50 ,0,0,Null,2015-04-01
11-Jun-2015 09:20,201404,Other UK Airports             ,CAMPBELTOWN                   ,704,753,-6.507304 ,704,753,-6.507304 ,0,0,Null,2015-04-01
11-Jun-2015 09:20,201404,Other UK Airports             ,CARDIFF WALES                 ,57138,59590,-4.114784 ,57131,59148,-3.41009 ,7,442,-98.41629 ,2015-04-01
11-Jun-2015 09:20,201404,Other UK Airports             ,CITY OF DERRY (EGLINTON)      ,22875,28330,-19.25521 ,22875,28330,-19.25521 ,0,0,Null,2015-04-01
11-Jun-2015 09:20,201404,Other UK Airports             ,COVENTRY                      ,0,0,Null,0,0,Null,0,0,Null,2015-04-01
11-Jun-2015 09:20,201404,Other UK Airports             ,DONCASTER SHEFFIELD           ,55662,45175, 23.21417 ,55662,45173, 23.21962 ,0,2,Null,2015-04-01
11-Jun-2015 09:20,201404,Other UK Airports             ,DUNDEE                        ,1539,1342, 14.67958 ,1508,1342, 12.3696 ,31,0,Null,2015-04-01
11-Jun-2015 09:20,201404,Other UK Airports             ,DURHAM TEES VALLEY            ,12230,12215, 0.1227998 ,12208,12215,-5.730659E-02 ,22,0,Null,2015-04-01
11-Jun-2015 09:20,201404,Other UK Airports             ,EAST MIDLANDS INTERNATIONAL   ,362412,358159, 1.187461 ,361807,358159, 1.018542 ,605,0,Null,2015-04-01
11-Jun-2015 09:20,201404,Other UK Airports             ,EDINBURGH                     ,927707,842123, 10.16289 ,927707,842083, 10.16812 ,0,40,Null,2015-04-01
11-Jun-2015 09:20,201404,Other UK Airports             ,EXETER                        ,60348,57921, 4.19019 ,60237,57700, 4.396881 ,111,221,-49.77375 ,2015-04-01
11-Jun-2015 09:20,201404,London Area Airports          ,GATWICK                       ,3180523,3157706, 0.7225815 ,3179929,3157351, 0.7150931 ,594,355, 67.32394 ,2015-04-01
11-Jun-2015 09:20,201404,Other UK Airports             ,GLASGOW                       ,665137,576754, 15.32421 ,664948,576323, 15.37766 ,189,431,-56.14849 ,2015-04-01
11-Jun-2015 09:20,201404,Other UK Airports             ,GLOUCESTERSHIRE               ,1071,1224,-12.5 ,1071,1224,-12.5 ,0,0,Null,2015-04-01
11-Jun-2015 09:20,201404,Non UK Reporting Airports     ,GUERNSEY                      ,72122,74539,-3.242598 ,69346,71401,-2.878111 ,2776,3138,-11.53601 ,2015-04-01
11-Jun-2015 09:20,201404,London Area Airports          ,HEATHROW                      ,6145379,6195591,-0.8104473 ,6143510,6193793,-0.8118289 ,1869,1798, 3.948832 ,2015-04-01
11-Jun-2015 09:20,201404,Other UK Airports             ,HUMBERSIDE                    ,16858,16418, 2.679985 ,16785,16334, 2.761112 ,73,84,-13.09524 ,2015-04-01
11-Jun-2015 09:20,201404,Other UK Airports             ,INVERNESS                     ,59376,51190, 15.9914 ,59234,51037, 16.0609 ,142,153,-7.189542 ,2015-04-01
11-Jun-2015 09:20,201404,Other UK Airports             ,ISLAY                         ,2417,2379, 1.59731 ,2393,2368, 1.055743 ,24,11, 118.1818 ,2015-04-01
11-Jun-2015 09:20,201404,Non UK Reporting Airports     ,ISLE OF MAN                   ,61945,59464, 4.172272 ,61905,59369, 4.27159 ,40,95,-57.89474 ,2015-04-01
11-Jun-2015 09:20,201404,Other UK Airports             ,ISLES OF SCILLY (ST.MARYS)    ,8781,7937, 10.63374 ,8781,7937, 10.63374 ,0,0,Null,2015-04-01
11-Jun-2015 09:20,201404,Non UK Reporting Airports     ,JERSEY                        ,122190,124163,-1.58904 ,120556,121585,-0.8463215 ,1634,2578,-36.61753 ,2015-04-01
11-Jun-2015 09:20,201404,Other UK Airports             ,KIRKWALL                      ,12761,12893,-1.023811 ,11802,11942,-1.172333 ,959,951, 0.8412198 ,2015-04-01
11-Jun-2015 09:20,201404,Other UK Airports             ,LANDS END (ST JUST)           ,2990,4718,-36.62569 ,2990,4713,-36.55846 ,0,5,Null,2015-04-01
11-Jun-2015 09:20,201404,Other UK Airports             ,LEEDS BRADFORD                ,265446,256418, 3.520814 ,264923,256052, 3.464531 ,523,366, 42.89618 ,2015-04-01
11-Jun-2015 09:20,201404,Other UK Airports             ,LERWICK (TINGWALL)            ,337,307, 9.771987 ,337,307, 9.771987 ,0,0,Null,2015-04-01
11-Jun-2015 09:20,201404,Other UK Airports             ,LIVERPOOL (JOHN LENNON)       ,366865,348248, 5.345903 ,366026,347981, 5.185628 ,839,267, 214.2322 ,2015-04-01
11-Jun-2015 09:20,201404,London Area Airports          ,LONDON CITY                   ,347167,287528, 20.74198 ,347167,287528, 20.74198 ,0,0,Null,2015-04-01
11-Jun-2015 09:20,201404,London Area Airports          ,LUTON                         ,989729,888629, 11.37708 ,989708,888288, 11.41747 ,21,341,-93.84164 ,2015-04-01
11-Jun-2015 09:20,201404,Other UK Airports             ,LYDD                          ,41,25, 64 ,41,25, 64 ,0,0,Null,2015-04-01
11-Jun-2015 09:20,201404,Other UK Airports             ,MANCHESTER                    ,1724804,1700330, 1.439368 ,1720957,1694751, 1.546304 ,3847,5579,-31.04499 ,2015-04-01
11-Jun-2015 09:20,201404,Other UK Airports             ,MANSTON (KENT INT)            ,0,1395,Null,0,1272,Null,0,123,Null,2015-04-01
11-Jun-2015 09:20,201404,Other UK Airports             ,NEWCASTLE                     ,331170,338849,-2.266201 ,330862,338641,-2.297123 ,308,208, 48.07692 ,2015-04-01
11-Jun-2015 09:20,201404,Other UK Airports             ,NEWQUAY                       ,19115,16396, 16.58331 ,18874,16172, 16.70789 ,241,224, 7.589286 ,2015-04-01
11-Jun-2015 09:20,201404,Other UK Airports             ,NORWICH                       ,32385,30149, 7.416498 ,32380,30129, 7.471207 ,5,20,-75 ,2015-04-01
11-Jun-2015 09:20,201404,Other UK Airports             ,OXFORD (KIDLINGTON)           ,0,6,Null,0,6,Null,0,0,Null,2015-04-01
11-Jun-2015 09:20,201404,Other UK Airports             ,PRESTWICK                     ,63845,79924,-20.11786 ,63845,79924,-20.11786 ,0,0,Null,2015-04-01
11-Jun-2015 09:20,201404,Other UK Airports             ,SCATSTA                       ,26314,23760, 10.74916 ,26314,23760, 10.74916 ,0,0,Null,2015-04-01
11-Jun-2015 09:20,201404,Other UK Airports             ,SHOREHAM                      ,24,32,-25 ,24,32,-25 ,0,0,Null,2015-04-01
11-Jun-2015 09:20,201404,Other UK Airports             ,SOUTHAMPTON                   ,147752,148172,-0.2834544 ,146048,148172,-1.433469 ,1704,0,Null,2015-04-01
11-Jun-2015 09:20,201404,London Area Airports          ,SOUTHEND                      ,74506,100224,-25.66052 ,74506,100224,-25.66052 ,0,0,Null,2015-04-01
11-Jun-2015 09:20,201404,London Area Airports          ,STANSTED                      ,1900625,1725957, 10.12007 ,1900521,1725541, 10.14059 ,104,416,-75 ,2015-04-01
11-Jun-2015 09:20,201404,Other UK Airports             ,STORNOWAY                     ,10522,10783,-2.420477 ,10317,10598,-2.651444 ,205,185, 10.81081 ,2015-04-01
11-Jun-2015 09:20,201404,Other UK Airports             ,SUMBURGH                      ,21042,20106, 4.655327 ,20993,20027, 4.823488 ,49,79,-37.97468 ,2015-04-01
11-Jun-2015 09:20,201404,Other UK Airports             ,TIREE                         ,682,724,-5.801105 ,666,703,-5.263158 ,16,21,-23.80952 ,2015-04-01
11-Jun-2015 09:20,201404,Other UK Airports             ,WICK JOHN O GROATS            ,1925,1750, 10 ,1862,1723, 8.067325 ,63,27, 133.3333 ,2015-04-01
13-Jul-2015 13:23,201405,Other UK Airports             ,ABERDEEN                      ,297671,323340,-7.938702 ,297501,323340,-7.991279 ,170,0,Null,2015-05-01
13-Jul-2015 13:23,201405,Non UK Reporting Airports     ,ALDERNEY                      ,5390,5799,-7.05294 ,5390,5799,-7.05294 ,0,0,Null,2015-05-01
13-Jul-2015 13:23,201405,Other UK Airports             ,BARRA                         ,1024,1035,-1.062802 ,1024,1035,-1.062802 ,0,0,Null,2015-05-01
13-Jul-2015 13:23,201405,Other UK Airports             ,BELFAST CITY (GEORGE BEST)    ,237893,221567, 7.368426 ,237893,221567, 7.368426 ,0,0,Null,2015-05-01
13-Jul-2015 13:23,201405,Other UK Airports             ,BELFAST INTERNATIONAL         ,393408,363902, 8.108227 ,393138,363902, 8.034031 ,270,0,Null,2015-05-01
13-Jul-2015 13:23,201405,Other UK Airports             ,BENBECULA                     ,2727,2574, 5.944056 ,2713,2574, 5.400156 ,14,0,Null,2015-05-01
13-Jul-2015 13:23,201405,Other UK Airports             ,BIGGIN HILL                   ,0,44,Null,0,44,Null,0,0,Null,2015-05-01
13-Jul-2015 13:23,201405,Other UK Airports             ,BIRMINGHAM                    ,904930,894377, 1.179927 ,904376,893852, 1.177376 ,554,525, 5.523809 ,2015-05-01
13-Jul-2015 13:23,201405,Other UK Airports             ,BLACKPOOL                     ,3032,27198,-88.85212 ,3032,27198,-88.85212 ,0,0,Null,2015-05-01
13-Jul-2015 13:23,201405,Other UK Airports             ,BOURNEMOUTH                   ,75771,76750,-1.27557 ,75607,76750,-1.489251 ,164,0,Null,2015-05-01
13-Jul-2015 13:23,201405,Other UK Airports             ,BRISTOL                       ,653430,615556, 6.152812 ,652936,615205, 6.133078 ,494,351, 40.74074 ,2015-05-01
13-Jul-2015 13:23,201405,Other UK Airports             ,CAMBRIDGE                     ,775,1264,-38.68671 ,775,1264,-38.68671 ,0,0,Null,2015-05-01
13-Jul-2015 13:23,201405,Other UK Airports             ,CAMPBELTOWN                   ,867,797, 8.782936 ,867,797, 8.782936 ,0,0,Null,2015-05-01
13-Jul-2015 13:23,201405,Other UK Airports             ,CARDIFF WALES                 ,105809,109892,-3.715466 ,105638,109801,-3.791404 ,171,91, 87.91209 ,2015-05-01
13-Jul-2015 13:23,201405,Other UK Airports             ,CITY OF DERRY (EGLINTON)      ,22661,29267,-22.5715 ,22661,29267,-22.5715 ,0,0,Null,2015-05-01
13-Jul-2015 13:23,201405,Other UK Airports             ,COVENTRY                      ,0,0,Null,0,0,Null,0,0,Null,2015-05-01
13-Jul-2015 13:23,201405,Other UK Airports             ,DONCASTER SHEFFIELD           ,83372,68427, 21.84079 ,83243,68427, 21.65227 ,129,0,Null,2015-05-01
13-Jul-2015 13:23,201405,Other UK Airports             ,DUNDEE                        ,1603,1749,-8.347628 ,1603,1749,-8.347628 ,0,0,Null,2015-05-01
13-Jul-2015 13:23,201405,Other UK Airports             ,DURHAM TEES VALLEY            ,13115,12112, 8.281044 ,13115,12091, 8.46911 ,0,21,Null,2015-05-01
13-Jul-2015 13:23,201405,Other UK Airports             ,EAST MIDLANDS INTERNATIONAL   ,463959,470432,-1.375969 ,463852,469963,-1.300315 ,107,469,-77.1855 ,2015-05-01
13-Jul-2015 13:23,201405,Other UK Airports             ,EDINBURGH                     ,1022749,935007, 9.384101 ,1022575,935007, 9.365491 ,174,0,Null,2015-05-01
13-Jul-2015 13:23,201405,Other UK Airports             ,EXETER                        ,80125,77498, 3.389765 ,80125,77498, 3.389765 ,0,0,Null,2015-05-01
13-Jul-2015 13:23,201405,London Area Airports          ,GATWICK                       ,3622552,3419227, 5.946519 ,3621807,3418335, 5.952372 ,745,892,-16.47982 ,2015-05-01
13-Jul-2015 13:23,201405,Other UK Airports             ,GLASGOW                       ,785400,693310, 13.28266 ,785127,693218, 13.25831 ,273,92, 196.7391 ,2015-05-01
13-Jul-2015 13:23,201405,Other UK Airports             ,GLOUCESTERSHIRE               ,1098,1451,-24.32805 ,1095,1451,-24.5348 ,3,0,Null,2015-05-01
13-Jul-2015 13:23,201405,Non UK Reporting Airports     ,GUERNSEY                      ,80299,79991, 0.3850433 ,77209,77341,-0.1706727 ,3090,2650, 16.60377 ,2015-05-01
13-Jul-2015 13:23,201405,London Area Airports          ,HEATHROW                      ,6346632,6240535, 1.700127 ,6342606,6236466, 1.701925 ,4026,4069,-1.056771 ,2015-05-01
13-Jul-2015 13:23,201405,Other UK Airports             ,HUMBERSIDE                    ,19914,20571,-3.193816 ,19851,20363,-2.514364 ,63,208,-69.71154 ,2015-05-01
13-Jul-2015 13:23,201405,Other UK Airports             ,INVERNESS                     ,63062,55394, 13.84265 ,62969,55293, 13.88241 ,93,101,-7.920792 ,2015-05-01
13-Jul-2015 13:23,201405,Other UK Airports             ,ISLAY                         ,3011,2845, 5.834798 ,2992,2803, 6.742775 ,19,42,-54.76191 ,2015-05-01
13-Jul-2015 13:23,201405,Non UK Reporting Airports     ,ISLE OF MAN                   ,69303,67994, 1.92517 ,69244,67880, 2.009429 ,59,114,-48.24561 ,2015-05-01
13-Jul-2015 13:23,201405,Other UK Airports             ,ISLES OF SCILLY (ST.MARYS)    ,10262,11340,-9.506173 ,10262,11340,-9.506173 ,0,0,Null,2015-05-01
13-Jul-2015 13:23,201405,Non UK Reporting Airports     ,JERSEY                        ,144034,144305,-0.1877967 ,142126,141568, 0.3941569 ,1908,2737,-30.28864 ,2015-05-01
13-Jul-2015 13:23,201405,Other UK Airports             ,KIRKWALL                      ,14758,14896,-0.9264232 ,13793,14020,-1.619116 ,965,876, 10.15982 ,2015-05-01
13-Jul-2015 13:23,201405,Other UK Airports             ,LANDS END (ST JUST)           ,6325,6592,-4.050364 ,6264,6537,-4.176228 ,61,55, 10.90909 ,2015-05-01
13-Jul-2015 13:23,201405,Other UK Airports             ,LEEDS BRADFORD                ,347461,330405, 5.162149 ,346992,329750, 5.22881 ,469,655,-28.39695 ,2015-05-01
13-Jul-2015 13:23,201405,Other UK Airports             ,LERWICK (TINGWALL)            ,531,496, 7.056452 ,531,496, 7.056452 ,0,0,Null,2015-05-01
13-Jul-2015 13:23,201405,Other UK Airports             ,LIVERPOOL (JOHN LENNON)       ,399156,371862, 7.339819 ,399007,371862, 7.299751 ,149,0,Null,2015-05-01
13-Jul-2015 13:23,201405,London Area Airports          ,LONDON CITY                   ,342176,287135, 19.16903 ,342176,287135, 19.16903 ,0,0,Null,2015-05-01
13-Jul-2015 13:23,201405,London Area Airports          ,LUTON                         ,1135770,980030, 15.89135 ,1135505,980014, 15.8662 ,265,16, 1556.25 ,2015-05-01
13-Jul-2015 13:23,201405,Other UK Airports             ,LYDD                          ,106,52, 103.8462 ,106,52, 103.8462 ,0,0,Null,2015-05-01
13-Jul-2015 13:23,201405,Other UK Airports             ,MANCHESTER                    ,2094765,2038370, 2.766671 ,2091576,2034952, 2.782572 ,3189,3418,-6.699824 ,2015-05-01
13-Jul-2015 13:23,201405,Other UK Airports             ,MANSTON (KENT INT)            ,0,0,Null,0,0,Null,0,0,Null,2015-05-01
13-Jul-2015 13:23,201405,Other UK Airports             ,NEWCASTLE                     ,432501,433627,-0.2596702 ,432278,433039,-0.1757347 ,223,588,-62.07483 ,2015-05-01
13-Jul-2015 13:23,201405,Other UK Airports             ,NEWQUAY                       ,24532,19250, 27.43896 ,24353,18941, 28.57294 ,179,309,-42.0712 ,2015-05-01
13-Jul-2015 13:23,201405,Other UK Airports             ,NORWICH                       ,44346,46054,-3.70869 ,44346,46054,-3.70869 ,0,0,Null,2015-05-01
13-Jul-2015 13:23,201405,Other UK Airports             ,OXFORD (KIDLINGTON)           ,35,176,-80.11364 ,35,176,-80.11364 ,0,0,Null,2015-05-01
13-Jul-2015 13:23,201405,Other UK Airports             ,PRESTWICK                     ,69613,99471,-30.01679 ,69613,99471,-30.01679 ,0,0,Null,2015-05-01
13-Jul-2015 13:23,201405,Other UK Airports             ,SCATSTA                       ,23991,23667, 1.368995 ,23991,23667, 1.368995 ,0,0,Null,2015-05-01
13-Jul-2015 13:23,201405,Other UK Airports             ,SHOREHAM                      ,27,26, 3.846154 ,27,26, 3.846154 ,0,0,Null,2015-05-01
13-Jul-2015 13:23,201405,Other UK Airports             ,SOUTHAMPTON                   ,155649,166214,-6.356264 ,153704,166214,-7.526442 ,1945,0,Null,2015-05-01
13-Jul-2015 13:23,201405,London Area Airports          ,SOUTHEND                      ,82081,103337,-20.56959 ,82081,103337,-20.56959 ,0,0,Null,2015-05-01
13-Jul-2015 13:23,201405,London Area Airports          ,STANSTED                      ,2035947,1819099, 11.92063 ,2035941,1818931, 11.93063 ,6,168,-96.42857 ,2015-05-01
13-Jul-2015 13:23,201405,Other UK Airports             ,STORNOWAY                     ,11268,11131, 1.230797 ,11068,10950, 1.077626 ,200,181, 10.49724 ,2015-05-01
13-Jul-2015 13:23,201405,Other UK Airports             ,SUMBURGH                      ,21965,21551, 1.921025 ,21863,21369, 2.31176 ,102,182,-43.95604 ,2015-05-01
13-Jul-2015 13:23,201405,Other UK Airports             ,TIREE                         ,751,791,-5.05689 ,731,776,-5.798969 ,20,15, 33.33333 ,2015-05-01
13-Jul-2015 13:23,201405,Other UK Airports             ,WICK JOHN O GROATS            ,2261,2421,-6.60884 ,2068,2374,-12.88964 ,193,47, 310.6383 ,2015-05-01
11-Aug-2015 14:58,201406,Other UK Airports             ,ABERDEEN                      ,320838,340219,-5.696625 ,320838,340219,-5.696625 ,0,0,Null,2015-06-01
11-Aug-2015 14:58,201406,Non UK Reporting Airports     ,ALDERNEY                      ,5677,5751,-1.286733 ,5677,5751,-1.286733 ,0,0,Null,2015-06-01
11-Aug-2015 14:58,201406,Other UK Airports             ,BARRA                         ,1127,1300,-13.30769 ,1127,1300,-13.30769 ,0,0,Null,2015-06-01
11-Aug-2015 14:58,201406,Other UK Airports             ,BELFAST CITY (GEORGE BEST)    ,250190,230616, 8.487702 ,250190,230616, 8.487702 ,0,0,Null,2015-06-01
11-Aug-2015 14:58,201406,Other UK Airports             ,BELFAST INTERNATIONAL         ,428942,395910, 8.34331 ,428742,395910, 8.292794 ,200,0,Null,2015-06-01
11-Aug-2015 14:58,201406,Other UK Airports             ,BENBECULA                     ,2988,2826, 5.732484 ,2981,2826, 5.484784 ,7,0,Null,2015-06-01
11-Aug-2015 14:58,201406,Other UK Airports             ,BIGGIN HILL                   ,133,26, 411.5385 ,133,26, 411.5385 ,0,0,Null,2015-06-01
11-Aug-2015 14:58,201406,Other UK Airports             ,BIRMINGHAM                    ,989101,961103, 2.913111 ,988627,961023, 2.872356 ,474,80, 492.5 ,2015-06-01
11-Aug-2015 14:58,201406,Other UK Airports             ,BLACKPOOL                     ,3746,35540,-89.45976 ,3746,35540,-89.45976 ,0,0,Null,2015-06-01
11-Aug-2015 14:58,201406,Other UK Airports             ,BOURNEMOUTH                   ,87139,77618, 12.26648 ,87139,77618, 12.26648 ,0,0,Null,2015-06-01
11-Aug-2015 14:58,201406,Other UK Airports             ,BRISTOL                       ,704112,653944, 7.671605 ,703172,653105, 7.665996 ,940,839, 12.03814 ,2015-06-01
11-Aug-2015 14:58,201406,Other UK Airports             ,CAMBRIDGE                     ,990,2420,-59.09091 ,990,2420,-59.09091 ,0,0,Null,2015-06-01
11-Aug-2015 14:58,201406,Other UK Airports             ,CAMPBELTOWN                   ,818,869,-5.868815 ,818,869,-5.868815 ,0,0,Null,2015-06-01
11-Aug-2015 14:58,201406,Other UK Airports             ,CARDIFF WALES                 ,133015,119078, 11.70409 ,132834,118782, 11.83008 ,181,296,-38.85135 ,2015-06-01
11-Aug-2015 14:58,201406,Other UK Airports             ,CITY OF DERRY (EGLINTON)      ,23768,31709,-25.04336 ,23768,31709,-25.04336 ,0,0,Null,2015-06-01
11-Aug-2015 14:58,201406,Other UK Airports             ,COVENTRY                      ,0,0,Null,0,0,Null,0,0,Null,2015-06-01
11-Aug-2015 14:58,201406,Other UK Airports             ,DONCASTER SHEFFIELD           ,98305,80886, 21.53525 ,98238,80868, 21.47945 ,67,18, 272.2222 ,2015-06-01
11-Aug-2015 14:58,201406,Other UK Airports             ,DUNDEE                        ,2082,2143,-2.846477 ,2082,2143,-2.846477 ,0,0,Null,2015-06-01
11-Aug-2015 14:58,201406,Other UK Airports             ,DURHAM TEES VALLEY            ,12041,12099,-0.4793785 ,12017,12091,-0.6120255 ,24,8, 200 ,2015-06-01
11-Aug-2015 14:58,201406,Other UK Airports             ,EAST MIDLANDS INTERNATIONAL   ,514294,522742,-1.616094 ,513642,522092,-1.618489 ,652,650, 0.3076923 ,2015-06-01
11-Aug-2015 14:58,201406,Other UK Airports             ,EDINBURGH                     ,1097272,992189, 10.59103 ,1097272,991860, 10.62771 ,0,329,Null,2015-06-01
11-Aug-2015 14:58,201406,Other UK Airports             ,EXETER                        ,91759,87076, 5.37806 ,91759,87036, 5.42649 ,0,40,Null,2015-06-01
11-Aug-2015 14:58,201406,London Area Airports          ,GATWICK                       ,3827158,3638602, 5.1821 ,3826422,3637564, 5.191881 ,736,1038,-29.09441 ,2015-06-01
11-Aug-2015 14:58,201406,Other UK Airports             ,GLASGOW                       ,905888,794130, 14.07301 ,905856,793192, 14.20387 ,32,938,-96.58849 ,2015-06-01
11-Aug-2015 14:58,201406,Other UK Airports             ,GLOUCESTERSHIRE               ,1311,1638,-19.96337 ,1311,1630,-19.57055 ,0,8,Null,2015-06-01
11-Aug-2015 14:58,201406,Non UK Reporting Airports     ,GUERNSEY                      ,79739,80685,-1.172461 ,77240,77778,-0.6917123 ,2499,2907,-14.03509 ,2015-06-01
11-Aug-2015 14:58,201406,London Area Airports          ,HEATHROW                      ,6677803,6603490, 1.125359 ,6674382,6600216, 1.12369 ,3421,3274, 4.489921 ,2015-06-01
11-Aug-2015 14:58,201406,Other UK Airports             ,HUMBERSIDE                    ,21471,22833,-5.965051 ,21199,22403,-5.37428 ,272,430,-36.74419 ,2015-06-01
11-Aug-2015 14:58,201406,Other UK Airports             ,INVERNESS                     ,61536,55922, 10.03898 ,61375,55769, 10.05218 ,161,153, 5.228758 ,2015-06-01
11-Aug-2015 14:58,201406,Other UK Airports             ,ISLAY                         ,3032,2630, 15.28517 ,2998,2607, 14.99808 ,34,23, 47.82609 ,2015-06-01
11-Aug-2015 14:58,201406,Non UK Reporting Airports     ,ISLE OF MAN                   ,82339,70337, 17.06357 ,82281,70209, 17.19438 ,58,128,-54.6875 ,2015-06-01
11-Aug-2015 14:58,201406,Other UK Airports             ,ISLES OF SCILLY (ST.MARYS)    ,11046,10789, 2.382056 ,11046,10789, 2.382056 ,0,0,Null,2015-06-01
11-Aug-2015 14:58,201406,Non UK Reporting Airports     ,JERSEY                        ,150030,143678, 4.420997 ,147982,141833, 4.335381 ,2048,1845, 11.00271 ,2015-06-01
11-Aug-2015 14:58,201406,Other UK Airports             ,KIRKWALL                      ,15919,15982,-0.3941935 ,15000,14853, 0.9896991 ,919,1129,-18.60053 ,2015-06-01
11-Aug-2015 14:58,201406,Other UK Airports             ,LANDS END (ST JUST)           ,6823,6028, 13.18845 ,6725,6005, 11.99001 ,98,23, 326.0869 ,2015-06-01
11-Aug-2015 14:58,201406,Other UK Airports             ,LEEDS BRADFORD                ,392941,374911, 4.809141 ,392412,374084, 4.899435 ,529,827,-36.03386 ,2015-06-01
11-Aug-2015 14:58,201406,Other UK Airports             ,LERWICK (TINGWALL)            ,665,420, 58.33333 ,665,420, 58.33333 ,0,0,Null,2015-06-01
11-Aug-2015 14:58,201406,Other UK Airports             ,LIVERPOOL (JOHN LENNON)       ,393012,359623, 9.284445 ,392656,359110, 9.341428 ,356,513,-30.60429 ,2015-06-01
11-Aug-2015 14:58,201406,London Area Airports          ,LONDON CITY                   ,378804,325680, 16.31172 ,378804,325680, 16.31172 ,0,0,Null,2015-06-01
11-Aug-2015 14:58,201406,London Area Airports          ,LUTON                         ,1199471,1032965, 16.11923 ,1199302,1032597, 16.14425 ,169,368,-54.07609 ,2015-06-01
11-Aug-2015 14:58,201406,Other UK Airports             ,LYDD                          ,288,697,-58.68006 ,288,697,-58.68006 ,0,0,Null,2015-06-01
11-Aug-2015 14:58,201406,Other UK Airports             ,MANCHESTER                    ,2320417,2250757, 3.094959 ,2316692,2247479, 3.079584 ,3725,3278, 13.63636 ,2015-06-01
11-Aug-2015 14:58,201406,Other UK Airports             ,NEWCASTLE                     ,500909,494902, 1.213776 ,500634,494509, 1.238602 ,275,393,-30.02545 ,2015-06-01
11-Aug-2015 14:58,201406,Other UK Airports             ,NEWQUAY                       ,28206,21205, 33.0158 ,27983,21049, 32.94218 ,223,156, 42.94872 ,2015-06-01
11-Aug-2015 14:58,201406,Other UK Airports             ,NORWICH                       ,48262,48798,-1.098406 ,48262,48798,-1.098406 ,0,0,Null,2015-06-01
11-Aug-2015 14:58,201406,Other UK Airports             ,OXFORD (KIDLINGTON)           ,9,220,-95.90909 ,9,220,-95.90909 ,0,0,Null,2015-06-01
11-Aug-2015 14:58,201406,Other UK Airports             ,PRESTWICK                     ,73924,110129,-32.87508 ,73913,110129,-32.88507 ,11,0,Null,2015-06-01
11-Aug-2015 14:58,201406,Other UK Airports             ,SCATSTA                       ,25306,23395, 8.168412 ,25306,23395, 8.168412 ,0,0,Null,2015-06-01
11-Aug-2015 14:58,201406,Other UK Airports             ,SHOREHAM                      ,55,39, 41.02564 ,55,39, 41.02564 ,0,0,Null,2015-06-01
11-Aug-2015 14:58,201406,Other UK Airports             ,SOUTHAMPTON                   ,168623,176229,-4.315975 ,167322,176229,-5.054219 ,1301,0,Null,2015-06-01
11-Aug-2015 14:58,201406,London Area Airports          ,SOUTHEND                      ,85380,105278,-18.90043 ,85380,105278,-18.90043 ,0,0,Null,2015-06-01
11-Aug-2015 14:58,201406,London Area Airports          ,STANSTED                      ,2037337,1855840, 9.779777 ,2036349,1855365, 9.75463 ,988,475, 108 ,2015-06-01
11-Aug-2015 14:58,201406,Other UK Airports             ,STORNOWAY                     ,11673,11454, 1.911996 ,11471,11244, 2.018855 ,202,210,-3.809524 ,2015-06-01
11-Aug-2015 14:58,201406,Other UK Airports             ,SUMBURGH                      ,23956,23513, 1.884064 ,23886,23337, 2.352488 ,70,176,-60.22727 ,2015-06-01
11-Aug-2015 14:58,201406,Other UK Airports             ,TIREE                         ,759,870,-12.75862 ,728,844,-13.74408 ,31,26, 19.23077 ,2015-06-01
11-Aug-2015 14:58,201406,Other UK Airports             ,WICK JOHN O GROATS            ,2384,2892,-17.5657 ,2295,2863,-19.83933 ,89,29, 206.8965 ,2015-06-01
11-Sep-2015 11:11,201407,Other UK Airports             ,ABERDEEN                      ,343272,363022,-5.440442 ,343252,362915,-5.418073 ,20,107,-81.30841 ,2015-07-01
11-Sep-2015 11:11,201407,Non UK Reporting Airports     ,ALDERNEY                      ,6763,6732, 0.4604872 ,6763,6732, 0.4604872 ,0,0,Null,2015-07-01
11-Sep-2015 11:11,201407,Other UK Airports             ,BARRA                         ,1449,1453,-0.2752925 ,1449,1453,-0.2752925 ,0,0,Null,2015-07-01
11-Sep-2015 11:11,201407,Other UK Airports             ,BELFAST CITY (GEORGE BEST)    ,268793,250784, 7.18108 ,268793,250784, 7.18108 ,0,0,Null,2015-07-01
11-Sep-2015 11:11,201407,Other UK Airports             ,BELFAST INTERNATIONAL         ,470834,424803, 10.83585 ,470801,424691, 10.85731 ,33,112,-70.53571 ,2015-07-01
11-Sep-2015 11:11,201407,Other UK Airports             ,BENBECULA                     ,3138,3136, 6.377551E-02 ,3138,3113, 0.8030838 ,0,23,Null,2015-07-01
11-Sep-2015 11:11,201407,Other UK Airports             ,BIGGIN HILL                   ,0,31,Null,0,31,Null,0,0,Null,2015-07-01
11-Sep-2015 11:11,201407,Other UK Airports             ,BIRMINGHAM                    ,1071661,1051064, 1.959633 ,1071173,1049191, 2.095138 ,488,1873,-73.94554 ,2015-07-01
11-Sep-2015 11:11,201407,Other UK Airports             ,BLACKPOOL                     ,2706,36794,-92.64554 ,2706,36794,-92.64554 ,0,0,Null,2015-07-01
11-Sep-2015 11:11,201407,Other UK Airports             ,BOURNEMOUTH                   ,91455,83897, 9.008665 ,91455,83371, 9.696417 ,0,526,Null,2015-07-01
11-Sep-2015 11:11,201407,Other UK Airports             ,BRISTOL                       ,747168,696218, 7.31811 ,746610,695502, 7.348361 ,558,716,-22.06704 ,2015-07-01
11-Sep-2015 11:11,201407,Other UK Airports             ,CAMBRIDGE                     ,543,3398,-84.02001 ,543,3398,-84.02001 ,0,0,Null,2015-07-01
11-Sep-2015 11:11,201407,Other UK Airports             ,CAMPBELTOWN                   ,863,962,-10.29106 ,863,962,-10.29106 ,0,0,Null,2015-07-01
11-Sep-2015 11:11,201407,Other UK Airports             ,CARDIFF WALES                 ,139893,130009, 7.602551 ,139461,129221, 7.924408 ,432,788,-45.17767 ,2015-07-01
11-Sep-2015 11:11,201407,Other UK Airports             ,CITY OF DERRY (EGLINTON)      ,29219,40061,-27.06373 ,29219,40061,-27.06373 ,0,0,Null,2015-07-01
11-Sep-2015 11:11,201407,Other UK Airports             ,COVENTRY                      ,0,0,Null,0,0,Null,0,0,Null,2015-07-01
11-Sep-2015 11:11,201407,Other UK Airports             ,DONCASTER SHEFFIELD           ,99435,88512, 12.3407 ,99435,88326, 12.57727 ,0,186,Null,2015-07-01
11-Sep-2015 11:11,201407,Other UK Airports             ,DUNDEE                        ,2576,2412, 6.799336 ,2576,2412, 6.799336 ,0,0,Null,2015-07-01
11-Sep-2015 11:11,201407,Other UK Airports             ,DURHAM TEES VALLEY            ,12080,12111,-0.2559657 ,11955,12111,-1.288085 ,125,0,Null,2015-07-01
11-Sep-2015 11:11,201407,Other UK Airports             ,EAST MIDLANDS INTERNATIONAL   ,537988,567953,-5.275965 ,536780,567498,-5.412882 ,1208,455, 165.4945 ,2015-07-01
11-Sep-2015 11:11,201407,Other UK Airports             ,EDINBURGH                     ,1214499,1101915, 10.21712 ,1214499,1101481, 10.26055 ,0,434,Null,2015-07-01
11-Sep-2015 11:11,201407,Other UK Airports             ,EXETER                        ,93510,90055, 3.836544 ,93302,90055, 3.605574 ,208,0,Null,2015-07-01
11-Sep-2015 11:11,201407,London Area Airports          ,GATWICK                       ,4323762,4058780, 6.528612 ,4322890,4057785, 6.533244 ,872,995,-12.36181 ,2015-07-01
11-Sep-2015 11:11,201407,Other UK Airports             ,GLASGOW                       ,957156,842740, 13.57667 ,956786,841236, 13.73574 ,370,1504,-75.39893 ,2015-07-01
11-Sep-2015 11:11,201407,Other UK Airports             ,GLOUCESTERSHIRE               ,1216,1558,-21.95122 ,1216,1550,-21.54839 ,0,8,Null,2015-07-01
11-Sep-2015 11:11,201407,Non UK Reporting Airports     ,GUERNSEY                      ,87394,88447,-1.190544 ,84992,85484,-0.5755463 ,2402,2963,-18.93351 ,2015-07-01
11-Sep-2015 11:11,201407,London Area Airports          ,HEATHROW                      ,7294400,6969570, 4.660689 ,7291749,6965435, 4.684761 ,2651,4135,-35.88876 ,2015-07-01
11-Sep-2015 11:11,201407,Other UK Airports             ,HUMBERSIDE                    ,21454,21784,-1.514873 ,21310,21475,-0.7683353 ,144,309,-53.39806 ,2015-07-01
11-Sep-2015 11:11,201407,Other UK Airports             ,INVERNESS                     ,65861,60213, 9.380034 ,65597,60092, 9.160954 ,264,121, 118.1818 ,2015-07-01
11-Sep-2015 11:11,201407,Other UK Airports             ,ISLAY                         ,2770,2525, 9.702971 ,2730,2490, 9.638555 ,40,35, 14.28571 ,2015-07-01
11-Sep-2015 11:11,201407,Non UK Reporting Airports     ,ISLE OF MAN                   ,70494,63121, 11.68074 ,70353,62923, 11.80808 ,141,198,-28.78788 ,2015-07-01
11-Sep-2015 11:11,201407,Other UK Airports             ,ISLES OF SCILLY (ST.MARYS)    ,13185,11702, 12.67305 ,13185,11702, 12.67305 ,0,0,Null,2015-07-01
11-Sep-2015 11:11,201407,Non UK Reporting Airports     ,JERSEY                        ,172033,162013, 6.184689 ,169606,160086, 5.946804 ,2427,1927, 25.94707 ,2015-07-01
11-Sep-2015 11:11,201407,Other UK Airports             ,KIRKWALL                      ,16084,15543, 3.480667 ,15137,14549, 4.041515 ,947,994,-4.72837 ,2015-07-01
11-Sep-2015 11:11,201407,Other UK Airports             ,LANDS END (ST JUST)           ,7944,1334, 495.5023 ,7903,1334, 492.4288 ,41,0,Null,2015-07-01
11-Sep-2015 11:11,201407,Other UK Airports             ,LEEDS BRADFORD                ,435031,404533, 7.539063 ,434446,403927, 7.555573 ,585,606,-3.465347 ,2015-07-01
11-Sep-2015 11:11,201407,Other UK Airports             ,LERWICK (TINGWALL)            ,523,149, 251.0067 ,523,1, 52200 ,0,148,Null,2015-07-01
11-Sep-2015 11:11,201407,Other UK Airports             ,LIVERPOOL (JOHN LENNON)       ,426945,398984, 7.00805 ,426574,398937, 6.92766 ,371,47, 689.3617 ,2015-07-01
11-Sep-2015 11:11,201407,London Area Airports          ,LONDON CITY                   ,406903,341866, 19.02412 ,406903,341866, 19.02412 ,0,0,Null,2015-07-01
11-Sep-2015 11:11,201407,London Area Airports          ,LUTON                         ,1319866,1137814, 16.00015 ,1319848,1136301, 16.15303 ,18,1513,-98.81031 ,2015-07-01
11-Sep-2015 11:11,201407,Other UK Airports             ,LYDD                          ,181,87, 108.046 ,181,87, 108.046 ,0,0,Null,2015-07-01
11-Sep-2015 11:11,201407,Other UK Airports             ,MANCHESTER                    ,2557971,2413446, 5.988326 ,2554961,2408775, 6.068894 ,3010,4671,-35.55984 ,2015-07-01
11-Sep-2015 11:11,201407,Other UK Airports             ,NEWCASTLE                     ,537435,524791, 2.40934 ,537182,524577, 2.402889 ,253,214, 18.2243 ,2015-07-01
11-Sep-2015 11:11,201407,Other UK Airports             ,NEWQUAY                       ,33581,30469, 10.21366 ,33327,30319, 9.921171 ,254,150, 69.33334 ,2015-07-01
11-Sep-2015 11:11,201407,Other UK Airports             ,NORWICH                       ,46346,47550,-2.532072 ,46346,47550,-2.532072 ,0,0,Null,2015-07-01
11-Sep-2015 11:11,201407,Other UK Airports             ,OXFORD (KIDLINGTON)           ,0,288,Null,0,288,Null,0,0,Null,2015-07-01
11-Sep-2015 11:11,201407,Other UK Airports             ,PRESTWICK                     ,87619,123691,-29.16299 ,87614,123691,-29.16704 ,5,0,Null,2015-07-01
11-Sep-2015 11:11,201407,Other UK Airports             ,SCATSTA                       ,24230,22623, 7.10339 ,24230,22623, 7.10339 ,0,0,Null,2015-07-01
11-Sep-2015 11:11,201407,Other UK Airports             ,SHOREHAM                      ,54,52, 3.846154 ,54,52, 3.846154 ,0,0,Null,2015-07-01
11-Sep-2015 11:11,201407,Other UK Airports             ,SOUTHAMPTON                   ,185673,192555,-3.574044 ,184304,192298,-4.15709 ,1369,257, 432.6848 ,2015-07-01
11-Sep-2015 11:11,201407,London Area Airports          ,SOUTHEND                      ,93030,114431,-18.7021 ,93030,114431,-18.7021 ,0,0,Null,2015-07-01
11-Sep-2015 11:11,201407,London Area Airports          ,STANSTED                      ,2189779,1937663, 13.01134 ,2188526,1936689, 13.00348 ,1253,974, 28.64476 ,2015-07-01
11-Sep-2015 11:11,201407,Other UK Airports             ,STORNOWAY                     ,11508,11818,-2.623117 ,11312,11595,-2.440707 ,196,223,-12.10762 ,2015-07-01
11-Sep-2015 11:11,201407,Other UK Airports             ,SUMBURGH                      ,25422,23266, 9.266741 ,25277,23149, 9.192622 ,145,117, 23.93162 ,2015-07-01
11-Sep-2015 11:11,201407,Other UK Airports             ,TIREE                         ,1420,1266, 12.1643 ,1383,1244, 11.17363 ,37,22, 68.18182 ,2015-07-01
11-Sep-2015 11:11,201407,Other UK Airports             ,WICK JOHN O GROATS            ,2083,3107,-32.95784 ,2064,3072,-32.8125 ,19,35,-45.71429 ,2015-07-01
19-Oct-2015 10:45,201408,Other UK Airports             ,ABERDEEN                      ,319316,336841,-5.202752 ,319316,336828,-5.199093 ,0,13,Null,2015-08-01
19-Oct-2015 10:45,201408,Non UK Reporting Airports     ,ALDERNEY                      ,7923,8545,-7.27911 ,7923,8545,-7.27911 ,0,0,Null,2015-08-01
19-Oct-2015 10:45,201408,Other UK Airports             ,BARRA                         ,1410,1486,-5.114401 ,1410,1486,-5.114401 ,0,0,Null,2015-08-01
19-Oct-2015 10:45,201408,Other UK Airports             ,BELFAST CITY (GEORGE BEST)    ,272355,254635, 6.958981 ,272355,254635, 6.958981 ,0,0,Null,2015-08-01
19-Oct-2015 10:45,201408,Other UK Airports             ,BELFAST INTERNATIONAL         ,466732,419853, 11.16558 ,466607,419818, 11.14507 ,125,35, 257.1429 ,2015-08-01
19-Oct-2015 10:45,201408,Other UK Airports             ,BENBECULA                     ,3071,2943, 4.349303 ,3071,2943, 4.349303 ,0,0,Null,2015-08-01
19-Oct-2015 10:45,201408,Other UK Airports             ,BIGGIN HILL                   ,73,33, 121.2121 ,73,33, 121.2121 ,0,0,Null,2015-08-01
19-Oct-2015 10:45,201408,Other UK Airports             ,BIRMINGHAM                    ,1138448,1104170, 3.104413 ,1137891,1103634, 3.104018 ,557,536, 3.91791 ,2015-08-01
19-Oct-2015 10:45,201408,Other UK Airports             ,BLACKPOOL                     ,3362,37861,-91.12015 ,3362,37861,-91.12015 ,0,0,Null,2015-08-01
19-Oct-2015 10:45,201408,Other UK Airports             ,BOURNEMOUTH                   ,99915,96782, 3.237172 ,99915,96782, 3.237172 ,0,0,Null,2015-08-01
19-Oct-2015 10:45,201408,Other UK Airports             ,BRISTOL                       ,776246,730536, 6.25705 ,775994,730345, 6.250334 ,252,191, 31.93717 ,2015-08-01
19-Oct-2015 10:45,201408,Other UK Airports             ,CAMBRIDGE                     ,689,3910,-82.37852 ,689,3910,-82.37852 ,0,0,Null,2015-08-01
19-Oct-2015 10:45,201408,Other UK Airports             ,CAMPBELTOWN                   ,949,1061,-10.55608 ,949,1061,-10.55608 ,0,0,Null,2015-08-01
19-Oct-2015 10:45,201408,Other UK Airports             ,CARDIFF WALES                 ,149086,135894, 9.707566 ,149086,135894, 9.707566 ,0,0,Null,2015-08-01
19-Oct-2015 10:45,201408,Other UK Airports             ,CITY OF DERRY (EGLINTON)      ,25531,39355,-35.12642 ,25531,39355,-35.12642 ,0,0,Null,2015-08-01
19-Oct-2015 10:45,201408,Other UK Airports             ,COVENTRY                      ,0,0,Null,0,0,Null,0,0,Null,2015-08-01
19-Oct-2015 10:45,201408,Other UK Airports             ,DONCASTER SHEFFIELD           ,102721,94542, 8.651181 ,102593,94324, 8.766592 ,128,218,-41.2844 ,2015-08-01
19-Oct-2015 10:45,201408,Other UK Airports             ,DUNDEE                        ,2265,2284,-0.8318739 ,2265,2284,-0.8318739 ,0,0,Null,2015-08-01
19-Oct-2015 10:45,201408,Other UK Airports             ,DURHAM TEES VALLEY            ,11958,12402,-3.580068 ,11839,12402,-4.53959 ,119,0,Null,2015-08-01
19-Oct-2015 10:45,201408,Other UK Airports             ,EAST MIDLANDS INTERNATIONAL   ,561213,624728,-10.16682 ,560992,624198,-10.12595 ,221,530,-58.30189 ,2015-08-01
19-Oct-2015 10:45,201408,Other UK Airports             ,EDINBURGH                     ,1157634,1064613, 8.737541 ,1157634,1064613, 8.737541 ,0,0,Null,2015-08-01
19-Oct-2015 10:45,201408,Other UK Airports             ,EXETER                        ,95960,94630, 1.405474 ,95960,94630, 1.405474 ,0,0,Null,2015-08-01
19-Oct-2015 10:45,201408,London Area Airports          ,GATWICK                       ,4529722,4362738, 3.827505 ,4529341,4361515, 3.847883 ,381,1223,-68.8471 ,2015-08-01
19-Oct-2015 10:45,201408,Other UK Airports             ,GLASGOW                       ,879161,783214, 12.25042 ,878119,782021, 12.28842 ,1042,1193,-12.65717 ,2015-08-01
19-Oct-2015 10:45,201408,Other UK Airports             ,GLOUCESTERSHIRE               ,1104,1386,-20.34632 ,1095,1380,-20.65217 ,9,6, 50 ,2015-08-01
19-Oct-2015 10:45,201408,Non UK Reporting Airports     ,GUERNSEY                      ,90276,94111,-4.074975 ,87594,90977,-3.718522 ,2682,3134,-14.42246 ,2015-08-01
19-Oct-2015 10:45,201408,London Area Airports          ,HEATHROW                      ,7335456,7054176, 3.987425 ,7332843,7051007, 3.997103 ,2613,3169,-17.54497 ,2015-08-01
19-Oct-2015 10:45,201408,Other UK Airports             ,HUMBERSIDE                    ,22140,25401,-12.83808 ,21996,25299,-13.05585 ,144,102, 41.17647 ,2015-08-01
19-Oct-2015 10:45,201408,Other UK Airports             ,INVERNESS                     ,63423,60567, 4.715439 ,63315,60446, 4.746385 ,108,121,-10.7438 ,2015-08-01
19-Oct-2015 10:45,201408,Other UK Airports             ,ISLAY                         ,3027,2767, 9.396459 ,3002,2748, 9.243086 ,25,19, 31.57895 ,2015-08-01
19-Oct-2015 10:45,201408,Non UK Reporting Airports     ,ISLE OF MAN                   ,72840,66314, 9.841059 ,72718,66141, 9.943908 ,122,173,-29.47977 ,2015-08-01
19-Oct-2015 10:45,201408,Other UK Airports             ,ISLES OF SCILLY (ST.MARYS)    ,13324,14480,-7.983426 ,13324,14480,-7.983426 ,0,0,Null,2015-08-01
19-Oct-2015 10:45,201408,Non UK Reporting Airports     ,JERSEY                        ,180732,176865, 2.186413 ,178708,175375, 1.900499 ,2024,1490, 35.83892 ,2015-08-01
19-Oct-2015 10:45,201408,Other UK Airports             ,KIRKWALL                      ,15118,15658,-3.448716 ,14101,14720,-4.205163 ,1017,938, 8.422174 ,2015-08-01
19-Oct-2015 10:45,201408,Other UK Airports             ,LANDS END (ST JUST)           ,8260,8377,-1.396681 ,8213,8362,-1.78187 ,47,15, 213.3333 ,2015-08-01
19-Oct-2015 10:45,201408,Other UK Airports             ,LEEDS BRADFORD                ,451794,437394, 3.292226 ,451603,436171, 3.538062 ,191,1223,-84.38267 ,2015-08-01
19-Oct-2015 10:45,201408,Other UK Airports             ,LERWICK (TINGWALL)            ,531,527, 0.7590133 ,531,527, 0.7590133 ,0,0,Null,2015-08-01
19-Oct-2015 10:45,201408,Other UK Airports             ,LIVERPOOL (JOHN LENNON)       ,465738,435218, 7.012578 ,465520,434721, 7.084774 ,218,497,-56.13682 ,2015-08-01
19-Oct-2015 10:45,201408,London Area Airports          ,LONDON CITY                   ,354496,297831, 19.02589 ,354496,297831, 19.02589 ,0,0,Null,2015-08-01
19-Oct-2015 10:45,201408,London Area Airports          ,LUTON                         ,1366896,1177552, 16.07946 ,1366856,1176898, 16.14057 ,40,654,-93.88379 ,2015-08-01
19-Oct-2015 10:45,201408,Other UK Airports             ,LYDD                          ,184,162, 13.58025 ,184,162, 13.58025 ,0,0,Null,2015-08-01
19-Oct-2015 10:45,201408,Other UK Airports             ,MANCHESTER                    ,2690006,2561523, 5.015883 ,2686574,2558015, 5.025733 ,3432,3508,-2.166477 ,2015-08-01
19-Oct-2015 10:45,201408,Other UK Airports             ,NEWCASTLE                     ,547760,534784, 2.4264 ,547485,534625, 2.405424 ,275,159, 72.95598 ,2015-08-01
19-Oct-2015 10:45,201408,Other UK Airports             ,NEWQUAY                       ,34154,27701, 23.29519 ,33910,27380, 23.84953 ,244,321,-23.98754 ,2015-08-01
19-Oct-2015 10:45,201408,Other UK Airports             ,NORWICH                       ,50495,50096, 0.7964708 ,50495,50096, 0.7964708 ,0,0,Null,2015-08-01
19-Oct-2015 10:45,201408,Other UK Airports             ,OXFORD (KIDLINGTON)           ,0,361,Null,0,361,Null,0,0,Null,2015-08-01
19-Oct-2015 10:45,201408,Other UK Airports             ,PRESTWICK                     ,75085,119138,-36.97645 ,75077,118952,-36.88462 ,8,186,-95.69892 ,2015-08-01
19-Oct-2015 10:45,201408,Other UK Airports             ,SCATSTA                       ,20644,25790,-19.95347 ,20644,25790,-19.95347 ,0,0,Null,2015-08-01
19-Oct-2015 10:45,201408,Other UK Airports             ,SHOREHAM                      ,44,58,-24.13793 ,44,58,-24.13793 ,0,0,Null,2015-08-01
19-Oct-2015 10:45,201408,Other UK Airports             ,SOUTHAMPTON                   ,188558,200673,-6.037185 ,186816,200673,-6.905264 ,1742,0,Null,2015-08-01
19-Oct-2015 10:45,201408,London Area Airports          ,SOUTHEND                      ,94202,120832,-22.03886 ,94188,120832,-22.05045 ,14,0,Null,2015-08-01
19-Oct-2015 10:45,201408,London Area Airports          ,STANSTED                      ,2231949,2035199, 9.667359 ,2231759,2033945, 9.725632 ,190,1254,-84.84849 ,2015-08-01
19-Oct-2015 10:45,201408,Other UK Airports             ,STORNOWAY                     ,10832,12018,-9.86853 ,10636,11819,-10.00931 ,196,199,-1.507538 ,2015-08-01
19-Oct-2015 10:45,201408,Other UK Airports             ,SUMBURGH                      ,27840,25999, 7.081042 ,27628,25932, 6.540182 ,212,67, 216.4179 ,2015-08-01
19-Oct-2015 10:45,201408,Other UK Airports             ,TIREE                         ,1105,1149,-3.829417 ,1091,1117,-2.327663 ,14,32,-56.25 ,2015-08-01
19-Oct-2015 10:45,201408,Other UK Airports             ,WICK JOHN O GROATS            ,1783,2560,-30.35156 ,1706,2458,-30.59398 ,77,102,-24.5098 ,2015-08-01
30-Nov-2015 16:31,201409,Other UK Airports             ,ABERDEEN                      ,321566,340239,-5.488201 ,321566,340239,-5.488201 ,0,0,Null,2015-09-01
30-Nov-2015 16:31,201409,Non UK Reporting Airports     ,ALDERNEY                      ,6089,5841, 4.245848 ,6089,5841, 4.245848 ,0,0,Null,2015-09-01
30-Nov-2015 16:31,201409,Other UK Airports             ,BARRA                         ,1250,1139, 9.745391 ,1250,1139, 9.745391 ,0,0,Null,2015-09-01
30-Nov-2015 16:31,201409,Other UK Airports             ,BELFAST CITY (GEORGE BEST)    ,243667,233071, 4.546254 ,243667,233071, 4.546254 ,0,0,Null,2015-09-01
30-Nov-2015 16:31,201409,Other UK Airports             ,BELFAST INTERNATIONAL         ,415580,371510, 11.8624 ,415559,371510, 11.85675 ,21,0,Null,2015-09-01
30-Nov-2015 16:31,201409,Other UK Airports             ,BENBECULA                     ,3008,2638, 14.02578 ,3008,2638, 14.02578 ,0,0,Null,2015-09-01
30-Nov-2015 16:31,201409,Other UK Airports             ,BIGGIN HILL                   ,0,124,Null,0,124,Null,0,0,Null,2015-09-01
30-Nov-2015 16:31,201409,Other UK Airports             ,BIRMINGHAM                    ,1042637,1008408, 3.39436 ,1042607,1007700, 3.464027 ,30,708,-95.76271 ,2015-09-01
30-Nov-2015 16:31,201409,Other UK Airports             ,BLACKPOOL                     ,3492,32815,-89.35853 ,3492,32815,-89.35853 ,0,0,Null,2015-09-01
30-Nov-2015 16:31,201409,Other UK Airports             ,BOURNEMOUTH                   ,87802,82263, 6.733282 ,87653,82248, 6.571589 ,149,15, 893.3333 ,2015-09-01
30-Nov-2015 16:31,201409,Other UK Airports             ,BRISTOL                       ,712931,659657, 8.076015 ,712454,659061, 8.101375 ,477,596,-19.96644 ,2015-09-01
30-Nov-2015 16:31,201409,Other UK Airports             ,CAMBRIDGE                     ,1102,3402,-67.60729 ,1102,3402,-67.60729 ,0,0,Null,2015-09-01
30-Nov-2015 16:31,201409,Other UK Airports             ,CAMPBELTOWN                   ,902,981,-8.053007 ,902,968,-6.818182 ,0,13,Null,2015-09-01
30-Nov-2015 16:31,201409,Other UK Airports             ,CARDIFF WALES                 ,150832,123848, 21.788 ,150130,122927, 22.12939 ,702,921,-23.7785 ,2015-09-01
30-Nov-2015 16:31,201409,Other UK Airports             ,CITY OF DERRY (EGLINTON)      ,22137,27846,-20.50205 ,22137,27846,-20.50205 ,0,0,Null,2015-09-01
30-Nov-2015 16:31,201409,Other UK Airports             ,COVENTRY                      ,0,0,Null,0,0,Null,0,0,Null,2015-09-01
30-Nov-2015 16:31,201409,Other UK Airports             ,DONCASTER SHEFFIELD           ,94001,83807, 12.16366 ,94001,83619, 12.41584 ,0,188,Null,2015-09-01
30-Nov-2015 16:31,201409,Other UK Airports             ,DUNDEE                        ,2133,2265,-5.827815 ,2133,2265,-5.827815 ,0,0,Null,2015-09-01
30-Nov-2015 16:31,201409,Other UK Airports             ,DURHAM TEES VALLEY            ,12570,12446, 0.996304 ,12570,12446, 0.996304 ,0,0,Null,2015-09-01
30-Nov-2015 16:31,201409,Other UK Airports             ,EAST MIDLANDS INTERNATIONAL   ,505863,540918,-6.480649 ,505642,540515,-6.45181 ,221,403,-45.16129 ,2015-09-01
30-Nov-2015 16:31,201409,Other UK Airports             ,EDINBURGH                     ,1072603,986053, 8.777419 ,1072603,985952, 8.788562 ,0,101,Null,2015-09-01
30-Nov-2015 16:31,201409,Other UK Airports             ,EXETER                        ,86765,84527, 2.647675 ,86765,84500, 2.680473 ,0,27,Null,2015-09-01
30-Nov-2015 16:31,201409,London Area Airports          ,GATWICK                       ,4047639,3830834, 5.659472 ,4046581,3830085, 5.652512 ,1058,749, 41.255 ,2015-09-01
30-Nov-2015 16:31,201409,Other UK Airports             ,GLASGOW                       ,895764,782890, 14.41761 ,895355,782119, 14.4781 ,409,771,-46.95201 ,2015-09-01
30-Nov-2015 16:31,201409,Other UK Airports             ,GLOUCESTERSHIRE               ,1214,1407,-13.71713 ,1214,1398,-13.16166 ,0,9,Null,2015-09-01
30-Nov-2015 16:31,201409,Non UK Reporting Airports     ,GUERNSEY                      ,83306,84112,-0.9582462 ,80529,80693,-0.2032394 ,2777,3419,-18.77742 ,2015-09-01
30-Nov-2015 16:31,201409,London Area Airports          ,HEATHROW                      ,6768954,6580696, 2.860761 ,6766069,6577438, 2.867849 ,2885,3258,-11.44874 ,2015-09-01
30-Nov-2015 16:31,201409,Other UK Airports             ,HUMBERSIDE                    ,21425,24853,-13.7931 ,21375,24821,-13.8834 ,50,32, 56.25 ,2015-09-01
30-Nov-2015 16:31,201409,Other UK Airports             ,INVERNESS                     ,57251,54408, 5.225335 ,57111,54304, 5.169048 ,140,104, 34.61538 ,2015-09-01
30-Nov-2015 16:31,201409,Other UK Airports             ,ISLAY                         ,3141,2759, 13.8456 ,3124,2746, 13.76548 ,17,13, 30.76923 ,2015-09-01
30-Nov-2015 16:31,201409,Non UK Reporting Airports     ,ISLE OF MAN                   ,68243,60635, 12.54721 ,68103,60495, 12.57625 ,140,140, 0 ,2015-09-01
30-Nov-2015 16:31,201409,Other UK Airports             ,ISLES OF SCILLY (ST.MARYS)    ,12554,10603, 18.40045 ,12554,10603, 18.40045 ,0,0,Null,2015-09-01
30-Nov-2015 16:31,201409,Non UK Reporting Airports     ,JERSEY                        ,154868,148401, 4.357787 ,152915,146705, 4.232985 ,1953,1696, 15.1533 ,2015-09-01
30-Nov-2015 16:31,201409,Other UK Airports             ,KIRKWALL                      ,14543,14205, 2.379444 ,13702,13172, 4.023686 ,841,1033,-18.58664 ,2015-09-01
30-Nov-2015 16:31,201409,Other UK Airports             ,LANDS END (ST JUST)           ,7911,6230, 26.98234 ,7863,6190, 27.02746 ,48,40, 20 ,2015-09-01
30-Nov-2015 16:31,201409,Other UK Airports             ,LEEDS BRADFORD                ,395950,381372, 3.822515 ,395699,381021, 3.852281 ,251,351,-28.49003 ,2015-09-01
30-Nov-2015 16:31,201409,Other UK Airports             ,LERWICK (TINGWALL)            ,440,330, 33.33333 ,440,330, 33.33333 ,0,0,Null,2015-09-01
30-Nov-2015 16:31,201409,Other UK Airports             ,LIVERPOOL (JOHN LENNON)       ,393921,370926, 6.19935 ,393069,370584, 6.067451 ,852,342, 149.1228 ,2015-09-01
30-Nov-2015 16:31,201409,London Area Airports          ,LONDON CITY                   ,401391,334821, 19.88227 ,401391,334821, 19.88227 ,0,0,Null,2015-09-01
30-Nov-2015 16:31,201409,London Area Airports          ,LUTON                         ,1210112,1014872, 19.23789 ,1210105,1014854, 19.23932 ,7,18,-61.11111 ,2015-09-01
30-Nov-2015 16:31,201409,Other UK Airports             ,LYDD                          ,88,61, 44.26229 ,88,61, 44.26229 ,0,0,Null,2015-09-01
30-Nov-2015 16:31,201409,Other UK Airports             ,MANCHESTER                    ,2430388,2303888, 5.490718 ,2427811,2301499, 5.488249 ,2577,2389, 7.869401 ,2015-09-01
30-Nov-2015 16:31,201409,Other UK Airports             ,NEWCASTLE                     ,494878,498062,-0.6392778 ,494657,497954,-0.6621094 ,221,108, 104.6296 ,2015-09-01
30-Nov-2015 16:31,201409,Other UK Airports             ,NEWQUAY                       ,26146,20327, 28.62695 ,25856,20026, 29.11215 ,290,301,-3.654485 ,2015-09-01
30-Nov-2015 16:31,201409,Other UK Airports             ,NORWICH                       ,51620,49826, 3.60053 ,51620,49826, 3.60053 ,0,0,Null,2015-09-01
30-Nov-2015 16:31,201409,Other UK Airports             ,OXFORD (KIDLINGTON)           ,0,132,Null,0,132,Null,0,0,Null,2015-09-01
30-Nov-2015 16:31,201409,Other UK Airports             ,PRESTWICK                     ,73382,105522,-30.4581 ,73123,105522,-30.70355 ,259,0,Null,2015-09-01
30-Nov-2015 16:31,201409,Other UK Airports             ,SCATSTA                       ,21754,24383,-10.7821 ,21754,24383,-10.7821 ,0,0,Null,2015-09-01
30-Nov-2015 16:31,201409,Other UK Airports             ,SHOREHAM                      ,56,48, 16.66667 ,56,48, 16.66667 ,0,0,Null,2015-09-01
30-Nov-2015 16:31,201409,Other UK Airports             ,SOUTHAMPTON                   ,167009,177058,-5.675541 ,165454,177058,-6.553785 ,1555,0,Null,2015-09-01
30-Nov-2015 16:31,201409,London Area Airports          ,SOUTHEND                      ,86083,103252,-16.62825 ,86083,103252,-16.62825 ,0,0,Null,2015-09-01
30-Nov-2015 16:31,201409,London Area Airports          ,STANSTED                      ,2041734,1874715, 8.909034 ,2041315,1873618, 8.950437 ,419,1097,-61.80492 ,2015-09-01
30-Nov-2015 16:31,201409,Other UK Airports             ,STORNOWAY                     ,11542,10965, 5.262198 ,11328,10767, 5.210365 ,214,198, 8.080808 ,2015-09-01
30-Nov-2015 16:31,201409,Other UK Airports             ,SUMBURGH                      ,27516,24273, 13.36052 ,27496,24093, 14.12443 ,20,180,-88.88889 ,2015-09-01
30-Nov-2015 16:31,201409,Other UK Airports             ,TIREE                         ,953,762, 25.06562 ,919,733, 25.37517 ,34,29, 17.24138 ,2015-09-01
30-Nov-2015 16:31,201409,Other UK Airports             ,WICK JOHN O GROATS            ,2140,3044,-29.69777 ,2088,3010,-30.63123 ,52,34, 52.94118 ,2015-09-01
24-Dec-2015 11:47,201410,Other UK Airports             ,ABERDEEN                      ,300884,352892,-14.73765 ,300884,352892,-14.73765 ,0,0,Null,2015-10-01
24-Dec-2015 11:47,201410,Non UK Reporting Airports     ,ALDERNEY                      ,4838,5023,-3.683058 ,4838,5023,-3.683058 ,0,0,Null,2015-10-01
24-Dec-2015 11:47,201410,Other UK Airports             ,BARRA                         ,801,656, 22.10366 ,801,656, 22.10366 ,0,0,Null,2015-10-01
24-Dec-2015 11:47,201410,Other UK Airports             ,BELFAST CITY (GEORGE BEST)    ,238769,229466, 4.054195 ,238769,229466, 4.054195 ,0,0,Null,2015-10-01
24-Dec-2015 11:47,201410,Other UK Airports             ,BELFAST INTERNATIONAL         ,386428,338132, 14.28318 ,386428,337914, 14.35691 ,0,218,Null,2015-10-01
24-Dec-2015 11:47,201410,Other UK Airports             ,BENBECULA                     ,2780,2993,-7.116605 ,2780,2993,-7.116605 ,0,0,Null,2015-10-01
24-Dec-2015 11:47,201410,Other UK Airports             ,BIRMINGHAM                    ,920484,877835, 4.85843 ,920335,877123, 4.926561 ,149,712,-79.07304 ,2015-10-01
24-Dec-2015 11:47,201410,Other UK Airports             ,BLACKPOOL                     ,2841,7894,-64.01064 ,2841,7894,-64.01064 ,0,0,Null,2015-10-01
24-Dec-2015 11:47,201410,Other UK Airports             ,BOURNEMOUTH                   ,79677,69903, 13.98223 ,79677,69632, 14.42584 ,0,271,Null,2015-10-01
24-Dec-2015 11:47,201410,Other UK Airports             ,BRISTOL                       ,640720,590218, 8.556499 ,640190,589609, 8.578736 ,530,609,-12.97208 ,2015-10-01
24-Dec-2015 11:47,201410,Other UK Airports             ,CAMBRIDGE                     ,415,2048,-79.73633 ,415,2048,-79.73633 ,0,0,Null,2015-10-01
24-Dec-2015 11:47,201410,Other UK Airports             ,CAMPBELTOWN                   ,766,903,-15.17165 ,766,883,-13.25028 ,0,20,Null,2015-10-01
24-Dec-2015 11:47,201410,Other UK Airports             ,CARDIFF WALES                 ,148357,92323, 60.69344 ,148212,92323, 60.53638 ,145,0,Null,2015-10-01
24-Dec-2015 11:47,201410,Other UK Airports             ,CITY OF DERRY (EGLINTON)      ,24401,32384,-24.65106 ,24401,32384,-24.65106 ,0,0,Null,2015-10-01
24-Dec-2015 11:47,201410,Other UK Airports             ,COVENTRY                      ,0,0,Null,0,0,Null,0,0,Null,2015-10-01
24-Dec-2015 11:47,201410,Other UK Airports             ,DONCASTER SHEFFIELD           ,81866,73637, 11.17509 ,81679,73626, 10.93771 ,187,11, 1600 ,2015-10-01
24-Dec-2015 11:47,201410,Other UK Airports             ,DUNDEE                        ,2114,1942, 8.856849 ,2114,1942, 8.856849 ,0,0,Null,2015-10-01
24-Dec-2015 11:47,201410,Other UK Airports             ,DURHAM TEES VALLEY            ,12134,12617,-3.828168 ,11996,12611,-4.876695 ,138,6, 2200 ,2015-10-01
24-Dec-2015 11:47,201410,Other UK Airports             ,EAST MIDLANDS INTERNATIONAL   ,437206,451365,-3.136929 ,436903,450923,-3.109178 ,303,442,-31.44796 ,2015-10-01
24-Dec-2015 11:47,201410,Other UK Airports             ,EDINBURGH                     ,1002460,914717, 9.592365 ,1002142,914717, 9.557601 ,318,0,Null,2015-10-01
24-Dec-2015 11:47,201410,Other UK Airports             ,EXETER                        ,74513,60714, 22.72787 ,74513,60714, 22.72787 ,0,0,Null,2015-10-01
24-Dec-2015 11:47,201410,London Area Airports          ,GATWICK                       ,3615567,3353260, 7.822447 ,3615167,3352546, 7.833479 ,400,714,-43.97759 ,2015-10-01
24-Dec-2015 11:47,201410,Other UK Airports             ,GLASGOW                       ,836088,734608, 13.81417 ,835600,733995, 13.84274 ,488,613,-20.39152 ,2015-10-01
24-Dec-2015 11:47,201410,Other UK Airports             ,GLOUCESTERSHIRE               ,921,1224,-24.7549 ,919,1224,-24.9183 ,2,0,Null,2015-10-01
24-Dec-2015 11:47,201410,Non UK Reporting Airports     ,GUERNSEY                      ,79046,78689, 0.4536847 ,75753,75361, 0.5201629 ,3293,3328,-1.051683 ,2015-10-01
24-Dec-2015 11:47,201410,London Area Airports          ,HEATHROW                      ,6565723,6316277, 3.949257 ,6562401,6313954, 3.934888 ,3322,2323, 43.00473 ,2015-10-01
24-Dec-2015 11:47,201410,Other UK Airports             ,HUMBERSIDE                    ,17868,19899,-10.20654 ,17786,19866,-10.47015 ,82,33, 148.4848 ,2015-10-01
24-Dec-2015 11:47,201410,Other UK Airports             ,INVERNESS                     ,57335,58422,-1.8606 ,57198,58296,-1.883491 ,137,126, 8.730159 ,2015-10-01
24-Dec-2015 11:47,201410,Other UK Airports             ,ISLAY                         ,2764,2575, 7.339806 ,2729,2546, 7.187746 ,35,29, 20.68966 ,2015-10-01
24-Dec-2015 11:47,201410,Non UK Reporting Airports     ,ISLE OF MAN                   ,67900,63512, 6.908931 ,67817,63455, 6.874163 ,83,57, 45.61404 ,2015-10-01
24-Dec-2015 11:47,201410,Other UK Airports             ,ISLES OF SCILLY (ST.MARYS)    ,7354,6725, 9.35316 ,7354,6725, 9.35316 ,0,0,Null,2015-10-01
24-Dec-2015 11:47,201410,Non UK Reporting Airports     ,JERSEY                        ,137057,129850, 5.55025 ,135505,127839, 5.996605 ,1552,2011,-22.82446 ,2015-10-01
24-Dec-2015 11:47,201410,Other UK Airports             ,KIRKWALL                      ,13757,14613,-5.857798 ,12620,13541,-6.801566 ,1137,1072, 6.063433 ,2015-10-01
24-Dec-2015 11:47,201410,Other UK Airports             ,LANDS END (ST JUST)           ,0,4261,Null,0,4241,Null,0,20,Null,2015-10-01
24-Dec-2015 11:47,201410,Other UK Airports             ,LEEDS BRADFORD                ,328628,316791, 3.736533 ,328222,315814, 3.928895 ,406,977,-58.44422 ,2015-10-01
24-Dec-2015 11:47,201410,Other UK Airports             ,LERWICK (TINGWALL)            ,394,444,-11.26126 ,394,444,-11.26126 ,0,0,Null,2015-10-01
24-Dec-2015 11:47,201410,Other UK Airports             ,LIVERPOOL (JOHN LENNON)       ,394189,360800, 9.254157 ,393368,360607, 9.08496 ,821,193, 325.3886 ,2015-10-01
24-Dec-2015 11:47,201410,London Area Airports          ,LONDON CITY                   ,408386,351180, 16.28965 ,408386,351180, 16.28965 ,0,0,Null,2015-10-01
24-Dec-2015 11:47,201410,London Area Airports          ,LUTON                         ,1149908,946035, 21.55026 ,1149757,945740, 21.57221 ,151,295,-48.81356 ,2015-10-01
24-Dec-2015 11:47,201410,Other UK Airports             ,LYDD                          ,39,35, 11.42857 ,39,35, 11.42857 ,0,0,Null,2015-10-01
24-Dec-2015 11:47,201410,Other UK Airports             ,MANCHESTER                    ,2087677,2007549, 3.991335 ,2084468,2005039, 3.961469 ,3209,2510, 27.84861 ,2015-10-01
24-Dec-2015 11:47,201410,Other UK Airports             ,NEWCASTLE                     ,413957,413835, 2.948035E-02 ,413752,413733, 4.592334E-03 ,205,102, 100.9804 ,2015-10-01
24-Dec-2015 11:47,201410,Other UK Airports             ,NEWQUAY                       ,19384,16779, 15.52536 ,19180,16475, 16.41882 ,204,304,-32.89474 ,2015-10-01
24-Dec-2015 11:47,201410,Other UK Airports             ,NORWICH                       ,43197,43752,-1.268513 ,43197,43735,-1.230136 ,0,17,Null,2015-10-01
24-Dec-2015 11:47,201410,Other UK Airports             ,PRESTWICK                     ,63720,91625,-30.45566 ,62955,91034,-30.84452 ,765,591, 29.44162 ,2015-10-01
24-Dec-2015 11:47,201410,Other UK Airports             ,SCATSTA                       ,16436,27309,-39.81471 ,16436,27309,-39.81471 ,0,0,Null,2015-10-01
24-Dec-2015 11:47,201410,Other UK Airports             ,SHOREHAM                      ,16,38,-57.89474 ,16,38,-57.89474 ,0,0,Null,2015-10-01
24-Dec-2015 11:47,201410,Other UK Airports             ,SOUTHAMPTON                   ,150512,165299,-8.945607 ,149266,165194,-9.641996 ,1246,105, 1086.667 ,2015-10-01
24-Dec-2015 11:47,201410,London Area Airports          ,SOUTHEND                      ,81604,96899,-15.78448 ,81604,96899,-15.78448 ,0,0,Null,2015-10-01
24-Dec-2015 11:47,201410,London Area Airports          ,STANSTED                      ,2041592,1885127, 8.299972 ,2041305,1884059, 8.346129 ,287,1068,-73.12734 ,2015-10-01
24-Dec-2015 11:47,201410,Other UK Airports             ,STORNOWAY                     ,11187,12167,-8.054574 ,11025,11955,-7.779172 ,162,212,-23.58491 ,2015-10-01
24-Dec-2015 11:47,201410,Other UK Airports             ,SUMBURGH                      ,28873,25662, 12.51266 ,28749,25471, 12.86954 ,124,191,-35.07853 ,2015-10-01
24-Dec-2015 11:47,201410,Other UK Airports             ,TIREE                         ,880,719, 22.39221 ,866,692, 25.14451 ,14,27,-48.14815 ,2015-10-01
24-Dec-2015 11:47,201410,Other UK Airports             ,WICK JOHN O GROATS            ,1827,2790,-34.51613 ,1776,2739,-35.15882 ,51,51, 0 ,2015-10-01
20-Jan-2016 08:52,201411,Other UK Airports             ,ABERDEEN                      ,246916,295595,-16.46814 ,246916,295566,-16.45994 ,0,29,Null,2015-11-01
20-Jan-2016 08:52,201411,Non UK Reporting Airports     ,ALDERNEY                      ,3793,3724, 1.852846 ,3793,3724, 1.852846 ,0,0,Null,2015-11-01
20-Jan-2016 08:52,201411,Other UK Airports             ,BARRA                         ,609,568, 7.21831 ,609,568, 7.21831 ,0,0,Null,2015-11-01
20-Jan-2016 08:52,201411,Other UK Airports             ,BELFAST CITY (GEORGE BEST)    ,200067,203108,-1.497233 ,200067,203108,-1.497233 ,0,0,Null,2015-11-01
20-Jan-2016 08:52,201411,Other UK Airports             ,BELFAST INTERNATIONAL         ,330096,280435, 17.70856 ,330090,279359, 18.15979 ,6,1076,-99.44238 ,2015-11-01
20-Jan-2016 08:52,201411,Other UK Airports             ,BENBECULA                     ,2476,2374, 4.296546 ,2476,2374, 4.296546 ,0,0,Null,2015-11-01
20-Jan-2016 08:52,201411,Other UK Airports             ,BIGGIN HILL                   ,0,95,Null,0,95,Null,0,0,Null,2015-11-01
20-Jan-2016 08:52,201411,Other UK Airports             ,BIRMINGHAM                    ,692408,646604, 7.083779 ,691205,646275, 6.952149 ,1203,329, 265.6535 ,2015-11-01
20-Jan-2016 08:52,201411,Other UK Airports             ,BLACKPOOL                     ,2753,0,Null,2753,0,Null,0,0,Null,2015-11-01
20-Jan-2016 08:52,201411,Other UK Airports             ,BOURNEMOUTH                   ,31415,20382, 54.1311 ,31415,20382, 54.1311 ,0,0,Null,2015-11-01
20-Jan-2016 08:52,201411,Other UK Airports             ,BRISTOL                       ,412322,374452, 10.11345 ,411885,374097, 10.10112 ,437,355, 23.09859 ,2015-11-01
20-Jan-2016 08:52,201411,Other UK Airports             ,CAMBRIDGE                     ,206,0,Null,206,0,Null,0,0,Null,2015-11-01
20-Jan-2016 08:52,201411,Other UK Airports             ,CAMPBELTOWN                   ,560,593,-5.564924 ,398,593,-32.88364 ,162,0,Null,2015-11-01
20-Jan-2016 08:52,201411,Other UK Airports             ,CARDIFF WALES                 ,65020,49270, 31.96671 ,65020,48855, 33.08771 ,0,415,Null,2015-11-01
20-Jan-2016 08:52,201411,Other UK Airports             ,CITY OF DERRY (EGLINTON)      ,25150,26445,-4.896956 ,25150,26445,-4.896956 ,0,0,Null,2015-11-01
20-Jan-2016 08:52,201411,Other UK Airports             ,COVENTRY                      ,0,0,Null,0,0,Null,0,0,Null,2015-11-01
20-Jan-2016 08:52,201411,Other UK Airports             ,DONCASTER SHEFFIELD           ,54886,43553, 26.02117 ,54880,43553, 26.00739 ,6,0,Null,2015-11-01
20-Jan-2016 08:52,201411,Other UK Airports             ,DUNDEE                        ,1816,1701, 6.760729 ,1816,1701, 6.760729 ,0,0,Null,2015-11-01
20-Jan-2016 08:52,201411,Other UK Airports             ,DURHAM TEES VALLEY            ,11288,11909,-5.214544 ,11259,11902,-5.402453 ,29,7, 314.2857 ,2015-11-01
20-Jan-2016 08:52,201411,Other UK Airports             ,EAST MIDLANDS INTERNATIONAL   ,220694,222171,-0.6648033 ,220694,222151,-0.6558602 ,0,20,Null,2015-11-01
20-Jan-2016 08:52,201411,Other UK Airports             ,EDINBURGH                     ,793529,706185, 12.36843 ,793365,706185, 12.34521 ,164,0,Null,2015-11-01
20-Jan-2016 08:52,201411,Other UK Airports             ,EXETER                        ,46427,48889,-5.035898 ,46427,48889,-5.035898 ,0,0,Null,2015-11-01
20-Jan-2016 08:52,201411,London Area Airports          ,GATWICK                       ,2631379,2452462, 7.295403 ,2631045,2452126, 7.296485 ,334,336,-0.5952381 ,2015-11-01
20-Jan-2016 08:52,201411,Other UK Airports             ,GLASGOW                       ,617725,574703, 7.485954 ,617298,574381, 7.47187 ,427,322, 32.6087 ,2015-11-01
20-Jan-2016 08:52,201411,Other UK Airports             ,GLOUCESTERSHIRE               ,731,1150,-36.43478 ,731,1150,-36.43478 ,0,0,Null,2015-11-01
20-Jan-2016 08:52,201411,Non UK Reporting Airports     ,GUERNSEY                      ,69577,69138, 0.634962 ,66137,66352,-0.3240294 ,3440,2786, 23.47452 ,2015-11-01
20-Jan-2016 08:52,201411,London Area Airports          ,HEATHROW                      ,5585165,5474759, 2.016637 ,5582089,5472768, 1.997545 ,3076,1991, 54.49523 ,2015-11-01
20-Jan-2016 08:52,201411,Other UK Airports             ,HUMBERSIDE                    ,15204,18688,-18.64298 ,15155,18424,-17.74316 ,49,264,-81.43939 ,2015-11-01
20-Jan-2016 08:52,201411,Other UK Airports             ,INVERNESS                     ,48314,49583,-2.559345 ,48196,49477,-2.589082 ,118,106, 11.32076 ,2015-11-01
20-Jan-2016 08:52,201411,Other UK Airports             ,ISLAY                         ,1979,2210,-10.45249 ,1927,2187,-11.88843 ,52,23, 126.087 ,2015-11-01
20-Jan-2016 08:52,201411,Non UK Reporting Airports     ,ISLE OF MAN                   ,63512,57323, 10.79671 ,63453,57315, 10.70924 ,59,8, 637.5 ,2015-11-01
20-Jan-2016 08:52,201411,Other UK Airports             ,ISLES OF SCILLY (ST.MARYS)    ,2722,3566,-23.66797 ,2722,3566,-23.66797 ,0,0,Null,2015-11-01
20-Jan-2016 08:52,201411,Non UK Reporting Airports     ,JERSEY                        ,103346,101477, 1.841797 ,101498,99740, 1.762583 ,1848,1737, 6.390328 ,2015-11-01
20-Jan-2016 08:52,201411,Other UK Airports             ,KIRKWALL                      ,11903,12002,-0.8248625 ,11009,11195,-1.661456 ,894,807, 10.78067 ,2015-11-01
20-Jan-2016 08:52,201411,Other UK Airports             ,LANDS END (ST JUST)           ,2104,2624,-19.81707 ,2085,2617,-20.32862 ,19,7, 171.4286 ,2015-11-01
20-Jan-2016 08:52,201411,Other UK Airports             ,LEEDS BRADFORD                ,163198,171124,-4.631729 ,163180,168805,-3.332247 ,18,2319,-99.2238 ,2015-11-01
20-Jan-2016 08:52,201411,Other UK Airports             ,LERWICK (TINGWALL)            ,159,260,-38.84615 ,159,260,-38.84615 ,0,0,Null,2015-11-01
20-Jan-2016 08:52,201411,Other UK Airports             ,LIVERPOOL (JOHN LENNON)       ,311046,260856, 19.2405 ,310315,260677, 19.04196 ,731,179, 308.3799 ,2015-11-01
20-Jan-2016 08:52,201411,London Area Airports          ,LONDON CITY                   ,354620,336997, 5.229424 ,354620,336997, 5.229424 ,0,0,Null,2015-11-01
20-Jan-2016 08:52,201411,London Area Airports          ,LUTON                         ,844944,683199, 23.67465 ,844913,683198, 23.6703 ,31,1, 3000 ,2015-11-01
20-Jan-2016 08:52,201411,Other UK Airports             ,LYDD                          ,80,5, 1500 ,80,5, 1500 ,0,0,Null,2015-11-01
20-Jan-2016 08:52,201411,Other UK Airports             ,MANCHESTER                    ,1475892,1388998, 6.255877 ,1473511,1386633, 6.265392 ,2381,2365, 0.6765327 ,2015-11-01
20-Jan-2016 08:52,201411,Other UK Airports             ,NEWCASTLE                     ,267835,266185, 0.6198696 ,267609,265916, 0.6366672 ,226,269,-15.98513 ,2015-11-01
20-Jan-2016 08:52,201411,Other UK Airports             ,NEWQUAY                       ,13465,14347,-6.147627 ,13465,14347,-6.147627 ,0,0,Null,2015-11-01
20-Jan-2016 08:52,201411,Other UK Airports             ,NORWICH                       ,29828,31198,-4.391307 ,29828,31198,-4.391307 ,0,0,Null,2015-11-01
20-Jan-2016 08:52,201411,Other UK Airports             ,OXFORD (KIDLINGTON)           ,0,3,Null,0,3,Null,0,0,Null,2015-11-01
20-Jan-2016 08:52,201411,Other UK Airports             ,PRESTWICK                     ,21219,21158, 0.288307 ,21210,21137, 0.3453659 ,9,21,-57.14286 ,2015-11-01
20-Jan-2016 08:52,201411,Other UK Airports             ,SCATSTA                       ,14682,23969,-38.74588 ,14682,23969,-38.74588 ,0,0,Null,2015-11-01
20-Jan-2016 08:52,201411,Other UK Airports             ,SHOREHAM                      ,41,31, 32.25806 ,41,31, 32.25806 ,0,0,Null,2015-11-01
20-Jan-2016 08:52,201411,Other UK Airports             ,SOUTHAMPTON                   ,119171,141472,-15.76354 ,119171,140627,-15.25738 ,0,845,Null,2015-11-01
20-Jan-2016 08:52,201411,London Area Airports          ,SOUTHEND                      ,51547,67020,-23.08714 ,51547,66922,-22.97451 ,0,98,Null,2015-11-01
20-Jan-2016 08:52,201411,London Area Airports          ,STANSTED                      ,1696166,1590392, 6.650813 ,1695793,1589926, 6.658612 ,373,466,-19.95708 ,2015-11-01
20-Jan-2016 08:52,201411,Other UK Airports             ,STORNOWAY                     ,10337,10593,-2.41669 ,10137,10415,-2.669227 ,200,178, 12.35955 ,2015-11-01
20-Jan-2016 08:52,201411,Other UK Airports             ,SUMBURGH                      ,21874,21778, 0.4408118 ,21674,21628, 0.2126873 ,200,150, 33.33333 ,2015-11-01
20-Jan-2016 08:52,201411,Other UK Airports             ,TIREE                         ,877,597, 46.90117 ,837,565, 48.14159 ,40,32, 25 ,2015-11-01
20-Jan-2016 08:52,201411,Other UK Airports             ,WICK JOHN O GROATS            ,1791,1925,-6.961039 ,1791,1842,-2.76873 ,0,83,Null,2015-11-01
24-Feb-2016 15:26,201412,Other UK Airports             ,ABERDEEN                      ,240984,279143,-13.67005 ,240984,279143,-13.67005 ,0,0,Null,2015-12-01
24-Feb-2016 15:26,201412,Non UK Reporting Airports     ,ALDERNEY                      ,3969,4146,-4.269175 ,3969,4146,-4.269175 ,0,0,Null,2015-12-01
24-Feb-2016 15:26,201412,Other UK Airports             ,BARRA                         ,728,492, 47.96748 ,728,492, 47.96748 ,0,0,Null,2015-12-01
24-Feb-2016 15:26,201412,Other UK Airports             ,BELFAST CITY (GEORGE BEST)    ,192865,190229, 1.385698 ,192865,190229, 1.385698 ,0,0,Null,2015-12-01
24-Feb-2016 15:26,201412,Other UK Airports             ,BELFAST INTERNATIONAL         ,315181,275406, 14.44231 ,315095,274763, 14.67883 ,86,643,-86.62519 ,2015-12-01
24-Feb-2016 15:26,201412,Other UK Airports             ,BENBECULA                     ,2383,2446,-2.575634 ,2383,2446,-2.575634 ,0,0,Null,2015-12-01
24-Feb-2016 15:26,201412,Other UK Airports             ,BIRMINGHAM                    ,683225,621730, 9.890949 ,682741,621596, 9.836775 ,484,134, 261.194 ,2015-12-01
24-Feb-2016 15:26,201412,Other UK Airports             ,BLACKPOOL                     ,2764,626, 341.5335 ,2764,626, 341.5335 ,0,0,Null,2015-12-01
24-Feb-2016 15:26,201412,Other UK Airports             ,BOURNEMOUTH                   ,31421,18343, 71.29695 ,31421,17945, 75.09613 ,0,398,Null,2015-12-01
24-Feb-2016 15:26,201412,Other UK Airports             ,BRISTOL                       ,412796,372560, 10.79987 ,412556,372285, 10.81725 ,240,275,-12.72727 ,2015-12-01
24-Feb-2016 15:26,201412,Other UK Airports             ,CAMBRIDGE                     ,224,0,Null,224,0,Null,0,0,Null,2015-12-01
24-Feb-2016 15:26,201412,Other UK Airports             ,CAMPBELTOWN                   ,444,471,-5.732484 ,393,471,-16.56051 ,51,0,Null,2015-12-01
24-Feb-2016 15:26,201412,Other UK Airports             ,CARDIFF WALES                 ,64060,40999, 56.24771 ,64060,40849, 56.82146 ,0,150,Null,2015-12-01
24-Feb-2016 15:26,201412,Other UK Airports             ,CITY OF DERRY (EGLINTON)      ,21323,22741,-6.235434 ,21323,22741,-6.235434 ,0,0,Null,2015-12-01
24-Feb-2016 15:26,201412,Other UK Airports             ,COVENTRY                      ,0,0,Null,0,0,Null,0,0,Null,2015-12-01
24-Feb-2016 15:26,201412,Other UK Airports             ,DONCASTER SHEFFIELD           ,52475,42557, 23.30521 ,52475,42557, 23.30521 ,0,0,Null,2015-12-01
24-Feb-2016 15:26,201412,Other UK Airports             ,DUNDEE                        ,1771,1572, 12.65903 ,1771,1572, 12.65903 ,0,0,Null,2015-12-01
24-Feb-2016 15:26,201412,Other UK Airports             ,DURHAM TEES VALLEY            ,11524,10948, 5.261235 ,11485,10925, 5.125858 ,39,23, 69.56522 ,2015-12-01
24-Feb-2016 15:26,201412,Other UK Airports             ,EAST MIDLANDS INTERNATIONAL   ,202965,188270, 7.80528 ,202747,188270, 7.689488 ,218,0,Null,2015-12-01
24-Feb-2016 15:26,201412,Other UK Airports             ,EDINBURGH                     ,753805,690449, 9.176058 ,753805,690377, 9.187444 ,0,72,Null,2015-12-01
24-Feb-2016 15:26,201412,Other UK Airports             ,EXETER                        ,46297,47822,-3.188909 ,46297,47822,-3.188909 ,0,0,Null,2015-12-01
24-Feb-2016 15:26,201412,London Area Airports          ,GATWICK                       ,2703428,2581966, 4.704245 ,2702615,2581537, 4.690152 ,813,429, 89.51049 ,2015-12-01
24-Feb-2016 15:26,201412,Other UK Airports             ,GLASGOW                       ,569048,516829, 10.10373 ,568775,516546, 10.1112 ,273,283,-3.533569 ,2015-12-01
24-Feb-2016 15:26,201412,Other UK Airports             ,GLOUCESTERSHIRE               ,700,1123,-37.66696 ,700,1123,-37.66696 ,0,0,Null,2015-12-01
24-Feb-2016 15:26,201412,Non UK Reporting Airports     ,GUERNSEY                      ,68319,66481, 2.7647 ,64895,63866, 1.611186 ,3424,2615, 30.9369 ,2015-12-01
24-Feb-2016 15:26,201412,London Area Airports          ,HEATHROW                      ,5903678,5927339,-0.3991842 ,5900859,5924656,-0.4016604 ,2819,2683, 5.068953 ,2015-12-01
24-Feb-2016 15:26,201412,Other UK Airports             ,HUMBERSIDE                    ,16217,17466,-7.151036 ,16187,17466,-7.322799 ,30,0,Null,2015-12-01
24-Feb-2016 15:26,201412,Other UK Airports             ,INVERNESS                     ,45237,50288,-10.04415 ,45021,49979,-9.920166 ,216,309,-30.09709 ,2015-12-01
24-Feb-2016 15:26,201412,Other UK Airports             ,ISLAY                         ,1499,1627,-7.86724 ,1458,1623,-10.16636 ,41,4, 925 ,2015-12-01
24-Feb-2016 15:26,201412,Non UK Reporting Airports     ,ISLE OF MAN                   ,63215,59447, 6.338419 ,63180,59447, 6.279543 ,35,0,Null,2015-12-01
24-Feb-2016 15:26,201412,Other UK Airports             ,ISLES OF SCILLY (ST.MARYS)    ,3408,3773,-9.674 ,3408,3773,-9.674 ,0,0,Null,2015-12-01
24-Feb-2016 15:26,201412,Non UK Reporting Airports     ,JERSEY                        ,104742,101773, 2.917277 ,103093,100254, 2.831807 ,1649,1519, 8.558262 ,2015-12-01
24-Feb-2016 15:26,201412,Other UK Airports             ,KIRKWALL                      ,11471,11176, 2.639585 ,10631,10484, 1.402137 ,840,692, 21.38728 ,2015-12-01
24-Feb-2016 15:26,201412,Other UK Airports             ,LANDS END (ST JUST)           ,2842,2971,-4.341972 ,2815,2945,-4.414261 ,27,26, 3.846154 ,2015-12-01
24-Feb-2016 15:26,201412,Other UK Airports             ,LEEDS BRADFORD                ,159651,155952, 2.371884 ,159615,153824, 3.764692 ,36,2128,-98.30827 ,2015-12-01
24-Feb-2016 15:26,201412,Other UK Airports             ,LERWICK (TINGWALL)            ,165,142, 16.19718 ,165,142, 16.19718 ,0,0,Null,2015-12-01
24-Feb-2016 15:26,201412,Other UK Airports             ,LIVERPOOL (JOHN LENNON)       ,307256,266830, 15.15047 ,306874,266699, 15.0638 ,382,131, 191.6031 ,2015-12-01
24-Feb-2016 15:26,201412,London Area Airports          ,LONDON CITY                   ,321606,317321, 1.350368 ,321606,317321, 1.350368 ,0,0,Null,2015-12-01
24-Feb-2016 15:26,201412,London Area Airports          ,LUTON                         ,864569,726998, 18.92316 ,864563,726997, 18.9225 ,6,1, 500 ,2015-12-01
24-Feb-2016 15:26,201412,Other UK Airports             ,LYDD                          ,82,63, 30.15873 ,82,63, 30.15873 ,0,0,Null,2015-12-01
24-Feb-2016 15:26,201412,Other UK Airports             ,MANCHESTER                    ,1509743,1434168, 5.269606 ,1506666,1432405, 5.184358 ,3077,1763, 74.53205 ,2015-12-01
24-Feb-2016 15:26,201412,Other UK Airports             ,NEWCASTLE                     ,255391,255574,-7.160353E-02 ,255245,255355,-4.307729E-02 ,146,219,-33.33333 ,2015-12-01
24-Feb-2016 15:26,201412,Other UK Airports             ,NEWQUAY                       ,12942,12881, 0.4735657 ,12942,12881, 0.4735657 ,0,0,Null,2015-12-01
24-Feb-2016 15:26,201412,Other UK Airports             ,NORWICH                       ,30811,28868, 6.730636 ,30811,28868, 6.730636 ,0,0,Null,2015-12-01
24-Feb-2016 15:26,201412,Other UK Airports             ,PRESTWICK                     ,20028,18356, 9.108738 ,19837,18356, 8.068207 ,191,0,Null,2015-12-01
24-Feb-2016 15:26,201412,Other UK Airports             ,SCATSTA                       ,11706,20728,-43.52567 ,11706,20728,-43.52567 ,0,0,Null,2015-12-01
24-Feb-2016 15:26,201412,Other UK Airports             ,SHOREHAM                      ,44,32, 37.5 ,44,32, 37.5 ,0,0,Null,2015-12-01
24-Feb-2016 15:26,201412,Other UK Airports             ,SOUTHAMPTON                   ,118115,133286,-11.38229 ,118111,132484,-10.84886 ,4,802,-99.50124 ,2015-12-01
24-Feb-2016 15:26,201412,London Area Airports          ,SOUTHEND                      ,59004,73484,-19.70497 ,59004,73484,-19.70497 ,0,0,Null,2015-12-01
24-Feb-2016 15:26,201412,London Area Airports          ,STANSTED                      ,1706971,1562197, 9.267333 ,1706472,1561646, 9.273932 ,499,551,-9.437387 ,2015-12-01
24-Feb-2016 15:26,201412,Other UK Airports             ,STORNOWAY                     ,9554,10200,-6.333333 ,9392,10044,-6.491438 ,162,156, 3.846154 ,2015-12-01
24-Feb-2016 15:26,201412,Other UK Airports             ,SUMBURGH                      ,21299,19623, 8.540998 ,20650,19328, 6.839818 ,649,295, 120 ,2015-12-01
24-Feb-2016 15:26,201412,Other UK Airports             ,TIREE                         ,691,629, 9.856915 ,655,615, 6.504065 ,36,14, 157.1429 ,2015-12-01
24-Feb-2016 15:26,201412,Other UK Airports             ,WICK JOHN O GROATS            ,1710,2054,-16.74781 ,1648,2025,-18.61728 ,62,29, 113.7931 ,2015-12-01
07-Apr-2016 15:51,201501,Other UK Airports             ,ABERDEEN                      ,205445,248939,-17.47175 ,205432,248939,-17.47697 ,13,0,Null,2016-01-01
07-Apr-2016 15:51,201501,Non UK Reporting Airports     ,ALDERNEY                      ,3306,2906, 13.76462 ,3306,2906, 13.76462 ,0,0,Null,2016-01-01
07-Apr-2016 15:51,201501,Other UK Airports             ,BARRA                         ,583,437, 33.40961 ,579,437, 32.49428 ,4,0,Null,2016-01-01
07-Apr-2016 15:51,201501,Other UK Airports             ,BELFAST CITY (GEORGE BEST)    ,161666,167633,-3.559562 ,161666,167633,-3.559562 ,0,0,Null,2016-01-01
07-Apr-2016 15:51,201501,Other UK Airports             ,BELFAST INTERNATIONAL         ,284821,237948, 19.69884 ,284750,237819, 19.73392 ,71,129,-44.96124 ,2016-01-01
07-Apr-2016 15:51,201501,Other UK Airports             ,BENBECULA                     ,2038,2082,-2.113353 ,2038,2082,-2.113353 ,0,0,Null,2016-01-01
07-Apr-2016 15:51,201501,Other UK Airports             ,BIGGIN HILL                   ,0,138,Null,0,138,Null,0,0,Null,2016-01-01
07-Apr-2016 15:51,201501,Other UK Airports             ,BIRMINGHAM                    ,667733,611457, 9.20359 ,667680,611161, 9.247808 ,53,296,-82.0946 ,2016-01-01
07-Apr-2016 15:51,201501,Other UK Airports             ,BLACKPOOL                     ,2113,1787, 18.24286 ,2113,1787, 18.24286 ,0,0,Null,2016-01-01
07-Apr-2016 15:51,201501,Other UK Airports             ,BOURNEMOUTH                   ,28884,21419, 34.85223 ,28884,20789, 38.93886 ,0,630,Null,2016-01-01
07-Apr-2016 15:51,201501,Other UK Airports             ,BRISTOL                       ,408792,360924, 13.26263 ,408454,360538, 13.29014 ,338,386,-12.43523 ,2016-01-01
07-Apr-2016 15:51,201501,Other UK Airports             ,CAMBRIDGE                     ,263,350,-24.85714 ,263,350,-24.85714 ,0,0,Null,2016-01-01
07-Apr-2016 15:51,201501,Other UK Airports             ,CAMPBELTOWN                   ,450,429, 4.895105 ,442,419, 5.48926 ,8,10,-20 ,2016-01-01
07-Apr-2016 15:51,201501,Other UK Airports             ,CARDIFF WALES                 ,59337,42316, 40.22356 ,59337,42023, 41.20125 ,0,293,Null,2016-01-01
07-Apr-2016 15:51,201501,Other UK Airports             ,CITY OF DERRY (EGLINTON)      ,20625,20381, 1.197194 ,20625,20378, 1.212091 ,0,3,Null,2016-01-01
07-Apr-2016 15:51,201501,Other UK Airports             ,COVENTRY                      ,0,0,Null,0,0,Null,0,0,Null,2016-01-01
07-Apr-2016 15:51,201501,Other UK Airports             ,DONCASTER SHEFFIELD           ,57192,45034, 26.99738 ,57042,45034, 26.6643 ,150,0,Null,2016-01-01
07-Apr-2016 15:51,201501,Other UK Airports             ,DUNDEE                        ,1532,1240, 23.54839 ,1517,1240, 22.33871 ,15,0,Null,2016-01-01
07-Apr-2016 15:51,201501,Other UK Airports             ,DURHAM TEES VALLEY            ,9968,9894, 0.747928 ,9949,9878, 0.718769 ,19,16, 18.75 ,2016-01-01
07-Apr-2016 15:51,201501,Other UK Airports             ,EAST MIDLANDS INTERNATIONAL   ,191267,183335, 4.326506 ,190834,183043, 4.256377 ,433,292, 48.28767 ,2016-01-01
07-Apr-2016 15:51,201501,Other UK Airports             ,EDINBURGH                     ,699441,625306, 11.8558 ,699441,624836, 11.93993 ,0,470,Null,2016-01-01
07-Apr-2016 15:51,201501,Other UK Airports             ,EXETER                        ,42527,44294,-3.989254 ,42435,44178,-3.945403 ,92,116,-20.68966 ,2016-01-01
07-Apr-2016 15:51,201501,London Area Airports          ,GATWICK                       ,2494501,2359570, 5.718457 ,2494494,2358459, 5.767961 ,7,1111,-99.36993 ,2016-01-01
07-Apr-2016 15:51,201501,Other UK Airports             ,GLASGOW                       ,550162,485824, 13.24307 ,549946,485546, 13.26342 ,216,278,-22.30216 ,2016-01-01
07-Apr-2016 15:51,201501,Other UK Airports             ,GLOUCESTERSHIRE               ,657,733,-10.36835 ,657,733,-10.36835 ,0,0,Null,2016-01-01
07-Apr-2016 15:51,201501,Non UK Reporting Airports     ,GUERNSEY                      ,54809,53392, 2.653956 ,52161,51115, 2.046366 ,2648,2277, 16.29337 ,2016-01-01
07-Apr-2016 15:51,201501,London Area Airports          ,HEATHROW                      ,5508955,5456602, 0.9594433 ,5506617,5454834, 0.9493048 ,2338,1768, 32.23982 ,2016-01-01
07-Apr-2016 15:51,201501,Other UK Airports             ,HUMBERSIDE                    ,14641,15770,-7.159163 ,14460,15767,-8.289465 ,181,3, 5933.333 ,2016-01-01
07-Apr-2016 15:51,201501,Other UK Airports             ,INVERNESS                     ,41343,43447,-4.842682 ,41174,43349,-5.017417 ,169,98, 72.44898 ,2016-01-01
07-Apr-2016 15:51,201501,Other UK Airports             ,ISLAY                         ,1356,1659,-18.26402 ,1341,1629,-17.67956 ,15,30,-50 ,2016-01-01
07-Apr-2016 15:51,201501,Non UK Reporting Airports     ,ISLE OF MAN                   ,51957,47013, 10.51624 ,51909,47013, 10.41414 ,48,0,Null,2016-01-01
07-Apr-2016 15:51,201501,Other UK Airports             ,ISLES OF SCILLY (ST.MARYS)    ,3018,2855, 5.709282 ,3018,2855, 5.709282 ,0,0,Null,2016-01-01
07-Apr-2016 15:51,201501,Non UK Reporting Airports     ,JERSEY                        ,84658,82321, 2.838887 ,83139,80930, 2.729519 ,1519,1391, 9.202013 ,2016-01-01
07-Apr-2016 15:51,201501,Other UK Airports             ,KIRKWALL                      ,10116,10236,-1.172333 ,9386,9564,-1.861146 ,730,672, 8.630953 ,2016-01-01
07-Apr-2016 15:51,201501,Other UK Airports             ,LANDS END (ST JUST)           ,2462,2229, 10.45312 ,2456,2187, 12.29995 ,6,42,-85.71429 ,2016-01-01
07-Apr-2016 15:51,201501,Other UK Airports             ,LEEDS BRADFORD                ,150211,144944, 3.633817 ,150188,142795, 5.177352 ,23,2149,-98.92973 ,2016-01-01
07-Apr-2016 15:51,201501,Other UK Airports             ,LERWICK (TINGWALL)            ,133,141,-5.673759 ,133,141,-5.673759 ,0,0,Null,2016-01-01
07-Apr-2016 15:51,201501,Other UK Airports             ,LIVERPOOL (JOHN LENNON)       ,301792,250595, 20.43018 ,301590,249764, 20.74999 ,202,831,-75.69194 ,2016-01-01
07-Apr-2016 15:51,201501,London Area Airports          ,LONDON CITY                   ,297157,297929,-0.2591221 ,297157,297929,-0.2591221 ,0,0,Null,2016-01-01
07-Apr-2016 15:51,201501,London Area Airports          ,LUTON                         ,819245,656324, 24.82326 ,819232,656256, 24.83421 ,13,68,-80.88235 ,2016-01-01
07-Apr-2016 15:51,201501,Other UK Airports             ,LYDD                          ,8,9,-11.11111 ,8,9,-11.11111 ,0,0,Null,2016-01-01
07-Apr-2016 15:51,201501,Other UK Airports             ,MANCHESTER                    ,1417889,1318080, 7.572302 ,1414994,1312800, 7.78443 ,2895,5280,-45.17046 ,2016-01-01
07-Apr-2016 15:51,201501,Other UK Airports             ,NEWCASTLE                     ,231499,233423,-0.8242547 ,231428,233047,-0.6947097 ,71,376,-81.11702 ,2016-01-01
07-Apr-2016 15:51,201501,Other UK Airports             ,NEWQUAY                       ,12142,11587, 4.789851 ,12142,11587, 4.789851 ,0,0,Null,2016-01-01
07-Apr-2016 15:51,201501,Other UK Airports             ,NORWICH                       ,27773,26609, 4.37446 ,27773,26609, 4.37446 ,0,0,Null,2016-01-01
07-Apr-2016 15:51,201501,Other UK Airports             ,OXFORD (KIDLINGTON)           ,4,0,Null,4,0,Null,0,0,Null,2016-01-01
07-Apr-2016 15:51,201501,Other UK Airports             ,PRESTWICK                     ,19640,19773,-0.6726344 ,19627,19773,-0.7383806 ,13,0,Null,2016-01-01
07-Apr-2016 15:51,201501,Other UK Airports             ,SCATSTA                       ,13409,20684,-35.17212 ,13409,20684,-35.17212 ,0,0,Null,2016-01-01
07-Apr-2016 15:51,201501,Other UK Airports             ,SHOREHAM                      ,62,68,-8.823529 ,62,68,-8.823529 ,0,0,Null,2016-01-01
07-Apr-2016 15:51,201501,Other UK Airports             ,SOUTHAMPTON                   ,108247,110730,-2.242391 ,108246,110287,-1.850626 ,1,443,-99.77427 ,2016-01-01
07-Apr-2016 15:51,201501,London Area Airports          ,SOUTHEND                      ,55056,55301,-0.44303 ,55000,55301,-0.5442939 ,56,0,Null,2016-01-01
07-Apr-2016 15:51,201501,London Area Airports          ,STANSTED                      ,1662816,1485962, 11.90165 ,1662106,1485451, 11.89235 ,710,511, 38.94325 ,2016-01-01
07-Apr-2016 15:51,201501,Other UK Airports             ,STORNOWAY                     ,7907,8659,-8.684606 ,7785,8489,-8.293085 ,122,170,-28.23529 ,2016-01-01
07-Apr-2016 15:51,201501,Other UK Airports             ,SUMBURGH                      ,14306,15055,-4.975091 ,13716,14991,-8.505103 ,590,64, 821.875 ,2016-01-01
07-Apr-2016 15:51,201501,Other UK Airports             ,TIREE                         ,585,495, 18.18182 ,544,484, 12.39669 ,41,11, 272.7273 ,2016-01-01
07-Apr-2016 15:51,201501,Other UK Airports             ,WICK JOHN O GROATS            ,1508,2840,-46.90141 ,1457,2509,-41.92905 ,51,331,-84.59215 ,2016-01-01
26-Apr-2016 13:29,201502,Other UK Airports             ,ABERDEEN                      ,210915,250294,-15.7331 ,210915,250294,-15.7331 ,0,0,Null,2016-02-01
26-Apr-2016 13:29,201502,Non UK Reporting Airports     ,ALDERNEY                      ,3390,3271, 3.638031 ,3390,3271, 3.638031 ,0,0,Null,2016-02-01
26-Apr-2016 13:29,201502,Other UK Airports             ,BARRA                         ,783,530, 47.73585 ,783,530, 47.73585 ,0,0,Null,2016-02-01
26-Apr-2016 13:29,201502,Other UK Airports             ,BELFAST CITY (GEORGE BEST)    ,189049,187658, 0.7412421 ,189049,187658, 0.7412421 ,0,0,Null,2016-02-01
26-Apr-2016 13:29,201502,Other UK Airports             ,BELFAST INTERNATIONAL         ,328332,273747, 19.93995 ,328260,273539, 20.00483 ,72,208,-65.38461 ,2016-02-01
26-Apr-2016 13:29,201502,Other UK Airports             ,BENBECULA                     ,2498,2348, 6.388416 ,2470,2348, 5.195911 ,28,0,Null,2016-02-01
26-Apr-2016 13:29,201502,Other UK Airports             ,BIGGIN HILL                   ,0,4,Null,0,4,Null,0,0,Null,2016-02-01
26-Apr-2016 13:29,201502,Other UK Airports             ,BIRMINGHAM                    ,724187,629843, 14.97897 ,724066,629157, 15.08511 ,121,686,-82.36152 ,2016-02-01
26-Apr-2016 13:29,201502,Other UK Airports             ,BLACKPOOL                     ,2525,1949, 29.55362 ,2525,1949, 29.55362 ,0,0,Null,2016-02-01
26-Apr-2016 13:29,201502,Other UK Airports             ,BOURNEMOUTH                   ,28408,20699, 37.24334 ,27815,20473, 35.86187 ,593,226, 162.3894 ,2016-02-01
26-Apr-2016 13:29,201502,Other UK Airports             ,BRISTOL                       ,437850,381531, 14.76132 ,437478,381071, 14.80223 ,372,460,-19.13043 ,2016-02-01
26-Apr-2016 13:29,201502,Other UK Airports             ,CAMBRIDGE                     ,328,93, 252.6882 ,328,93, 252.6882 ,0,0,Null,2016-02-01
26-Apr-2016 13:29,201502,Other UK Airports             ,CAMPBELTOWN                   ,509,601,-15.30782 ,466,601,-22.46256 ,43,0,Null,2016-02-01
26-Apr-2016 13:29,201502,Other UK Airports             ,CARDIFF WALES                 ,74882,44472, 68.3801 ,74624,44472, 67.79996 ,258,0,Null,2016-02-01
26-Apr-2016 13:29,201502,Other UK Airports             ,CITY OF DERRY (EGLINTON)      ,24607,22899, 7.458841 ,24607,22899, 7.458841 ,0,0,Null,2016-02-01
26-Apr-2016 13:29,201502,Other UK Airports             ,COVENTRY                      ,0,0,Null,0,0,Null,0,0,Null,2016-02-01
26-Apr-2016 13:29,201502,Other UK Airports             ,DONCASTER SHEFFIELD           ,55339,40675, 36.05163 ,55277,40675, 35.8992 ,62,0,Null,2016-02-01
26-Apr-2016 13:29,201502,Other UK Airports             ,DUNDEE                        ,1637,1448, 13.05249 ,1637,1448, 13.05249 ,0,0,Null,2016-02-01
26-Apr-2016 13:29,201502,Other UK Airports             ,DURHAM TEES VALLEY            ,10891,10108, 7.746339 ,10795,10108, 6.796597 ,96,0,Null,2016-02-01
26-Apr-2016 13:29,201502,Other UK Airports             ,EAST MIDLANDS INTERNATIONAL   ,204347,202460, 0.932036 ,204347,202149, 1.087317 ,0,311,Null,2016-02-01
26-Apr-2016 13:29,201502,Other UK Airports             ,EDINBURGH                     ,769483,656799, 17.15654 ,769334,656731, 17.14598 ,149,68, 119.1176 ,2016-02-01
26-Apr-2016 13:29,201502,Other UK Airports             ,EXETER                        ,45692,46684,-2.124925 ,45692,46684,-2.124925 ,0,0,Null,2016-02-01
26-Apr-2016 13:29,201502,London Area Airports          ,GATWICK                       ,2691848,2469609, 8.998955 ,2691632,2468890, 9.021949 ,216,719,-69.95827 ,2016-02-01
26-Apr-2016 13:29,201502,Other UK Airports             ,GLASGOW                       ,582628,511073, 14.00094 ,582573,510718, 14.06941 ,55,355,-84.50704 ,2016-02-01
26-Apr-2016 13:29,201502,Other UK Airports             ,GLOUCESTERSHIRE               ,745,1012,-26.3834 ,745,1012,-26.3834 ,0,0,Null,2016-02-01
26-Apr-2016 13:29,201502,Non UK Reporting Airports     ,GUERNSEY                      ,60728,57868, 4.942282 ,57643,55553, 3.762173 ,3085,2315, 33.26134 ,2016-02-01
26-Apr-2016 13:29,201502,London Area Airports          ,HEATHROW                      ,5181756,4955098, 4.574238 ,5179340,4953326, 4.562873 ,2416,1772, 36.34312 ,2016-02-01
26-Apr-2016 13:29,201502,Other UK Airports             ,HUMBERSIDE                    ,14557,16207,-10.18079 ,14500,16207,-10.53249 ,57,0,Null,2016-02-01
26-Apr-2016 13:29,201502,Other UK Airports             ,INVERNESS                     ,45754,48527,-5.714345 ,45601,48367,-5.718775 ,153,160,-4.375 ,2016-02-01
26-Apr-2016 13:29,201502,Other UK Airports             ,ISLAY                         ,1651,1837,-10.1252 ,1609,1817,-11.44744 ,42,20, 110 ,2016-02-01
26-Apr-2016 13:29,201502,Non UK Reporting Airports     ,ISLE OF MAN                   ,60175,52889, 13.77602 ,60146,52889, 13.72119 ,29,0,Null,2016-02-01
26-Apr-2016 13:29,201502,Other UK Airports             ,ISLES OF SCILLY (ST.MARYS)    ,3699,4038,-8.395246 ,3699,4038,-8.395246 ,0,0,Null,2016-02-01
26-Apr-2016 13:29,201502,Non UK Reporting Airports     ,JERSEY                        ,99036,90911, 8.937312 ,97251,89262, 8.950057 ,1785,1649, 8.247422 ,2016-02-01
26-Apr-2016 13:29,201502,Other UK Airports             ,KIRKWALL                      ,11353,10866, 4.48187 ,10517,10173, 3.3815 ,836,693, 20.63492 ,2016-02-01
26-Apr-2016 13:29,201502,Other UK Airports             ,LANDS END (ST JUST)           ,3027,2824, 7.188385 ,3012,2796, 7.725322 ,15,28,-46.42857 ,2016-02-01
26-Apr-2016 13:29,201502,Other UK Airports             ,LEEDS BRADFORD                ,170603,164683, 3.594785 ,170585,162159, 5.196135 ,18,2524,-99.28685 ,2016-02-01
26-Apr-2016 13:29,201502,Other UK Airports             ,LERWICK (TINGWALL)            ,144,92, 56.52174 ,144,0,Null,0,92,Null,2016-02-01
26-Apr-2016 13:29,201502,Other UK Airports             ,LIVERPOOL (JOHN LENNON)       ,331651,272021, 21.9211 ,331430,272021, 21.83986 ,221,0,Null,2016-02-01
26-Apr-2016 13:29,201502,London Area Airports          ,LONDON CITY                   ,343729,327047, 5.100796 ,343729,327047, 5.100796 ,0,0,Null,2016-02-01
26-Apr-2016 13:29,201502,London Area Airports          ,LUTON                         ,877568,686828, 27.77114 ,877566,686683, 27.79783 ,2,145,-98.62069 ,2016-02-01
26-Apr-2016 13:29,201502,Other UK Airports             ,LYDD                          ,54,36, 50 ,54,36, 50 ,0,0,Null,2016-02-01
26-Apr-2016 13:29,201502,Other UK Airports             ,MANCHESTER                    ,1494055,1351743, 10.52804 ,1492291,1348089, 10.69677 ,1764,3654,-51.72414 ,2016-02-01
26-Apr-2016 13:29,201502,Other UK Airports             ,NEWCASTLE                     ,254359,246821, 3.054035 ,254222,246615, 3.084565 ,137,206,-33.49514 ,2016-02-01
26-Apr-2016 13:29,201502,Other UK Airports             ,NEWQUAY                       ,14108,12591, 12.04829 ,14108,12591, 12.04829 ,0,0,Null,2016-02-01
26-Apr-2016 13:29,201502,Other UK Airports             ,NORWICH                       ,27303,26283, 3.880836 ,27303,26283, 3.880836 ,0,0,Null,2016-02-01
26-Apr-2016 13:29,201502,Other UK Airports             ,OXFORD (KIDLINGTON)           ,1,122,-99.18033 ,1,122,-99.18033 ,0,0,Null,2016-02-01
26-Apr-2016 13:29,201502,Other UK Airports             ,PRESTWICK                     ,18123,18393,-1.46795 ,17943,18393,-2.446583 ,180,0,Null,2016-02-01
26-Apr-2016 13:29,201502,Other UK Airports             ,SCATSTA                       ,13442,23807,-43.53762 ,13442,23807,-43.53762 ,0,0,Null,2016-02-01
26-Apr-2016 13:29,201502,Other UK Airports             ,SHOREHAM                      ,46,32, 43.75 ,46,32, 43.75 ,0,0,Null,2016-02-01
26-Apr-2016 13:29,201502,Other UK Airports             ,SOUTHAMPTON                   ,121815,129013,-5.579283 ,121741,128207,-5.043406 ,74,806,-90.81886 ,2016-02-01
26-Apr-2016 13:29,201502,London Area Airports          ,SOUTHEND                      ,62416,63339,-1.457238 ,62416,63339,-1.457238 ,0,0,Null,2016-02-01
26-Apr-2016 13:29,201502,London Area Airports          ,STANSTED                      ,1685621,1469595, 14.6997 ,1685619,1469176, 14.73227 ,2,419,-99.52267 ,2016-02-01
26-Apr-2016 13:29,201502,Other UK Airports             ,STORNOWAY                     ,9136,9586,-4.694346 ,8953,9412,-4.876753 ,183,174, 5.172414 ,2016-02-01
26-Apr-2016 13:29,201502,Other UK Airports             ,SUMBURGH                      ,14365,16239,-11.54012 ,14302,16143,-11.40432 ,63,96,-34.375 ,2016-02-01
26-Apr-2016 13:29,201502,Other UK Airports             ,TIREE                         ,806,603, 33.66501 ,743,579, 28.3247 ,63,24, 162.5 ,2016-02-01
26-Apr-2016 13:29,201502,Other UK Airports             ,WICK JOHN O GROATS            ,1772,2626,-32.52094 ,1712,2291,-25.27281 ,60,335,-82.08955 ,2016-02-01
05-May-2016 09:26,201503,Other UK Airports             ,ABERDEEN                      ,236318,281553,-16.06625 ,236318,281553,-16.06625 ,0,0,Null,2016-03-01
05-May-2016 09:26,201503,Non UK Reporting Airports     ,ALDERNEY                      ,4377,4256, 2.843045 ,4377,4256, 2.843045 ,0,0,Null,2016-03-01
05-May-2016 09:26,201503,Other UK Airports             ,BARRA                         ,1030,594, 73.40067 ,1030,594, 73.40067 ,0,0,Null,2016-03-01
05-May-2016 09:26,201503,Other UK Airports             ,BELFAST CITY (GEORGE BEST)    ,209386,210413,-0.4880877 ,209386,210413,-0.4880877 ,0,0,Null,2016-03-01
05-May-2016 09:26,201503,Other UK Airports             ,BELFAST INTERNATIONAL         ,370884,331707, 11.81072 ,370884,331487, 11.88493 ,0,220,Null,2016-03-01
05-May-2016 09:26,201503,Other UK Airports             ,BENBECULA                     ,2561,2629,-2.586535 ,2561,2629,-2.586535 ,0,0,Null,2016-03-01
05-May-2016 09:26,201503,Other UK Airports             ,BIGGIN HILL                   ,0,264,Null,0,264,Null,0,0,Null,2016-03-01
05-May-2016 09:26,201503,Other UK Airports             ,BIRMINGHAM                    ,831174,730870, 13.72392 ,830441,729748, 13.79832 ,733,1122,-34.67023 ,2016-03-01
05-May-2016 09:26,201503,Other UK Airports             ,BLACKPOOL                     ,2781,1994, 39.46841 ,2781,1994, 39.46841 ,0,0,Null,2016-03-01
05-May-2016 09:26,201503,Other UK Airports             ,BOURNEMOUTH                   ,37191,27186, 36.80203 ,37191,27012, 37.68325 ,0,174,Null,2016-03-01
05-May-2016 09:26,201503,Other UK Airports             ,BRISTOL                       ,511908,448061, 14.24962 ,511153,447614, 14.19504 ,755,447, 68.9038 ,2016-03-01
05-May-2016 09:26,201503,Other UK Airports             ,CAMBRIDGE                     ,0,235,Null,0,235,Null,0,0,Null,2016-03-01
05-May-2016 09:26,201503,Other UK Airports             ,CAMPBELTOWN                   ,739,608, 21.54605 ,739,608, 21.54605 ,0,0,Null,2016-03-01
05-May-2016 09:26,201503,Other UK Airports             ,CARDIFF WALES                 ,79085,60508, 30.70173 ,78229,60508, 29.28704 ,856,0,Null,2016-03-01
05-May-2016 09:26,201503,Other UK Airports             ,CITY OF DERRY (EGLINTON)      ,25590,24140, 6.006628 ,25590,24140, 6.006628 ,0,0,Null,2016-03-01
05-May-2016 09:26,201503,Other UK Airports             ,COVENTRY                      ,0,0,Null,0,0,Null,0,0,Null,2016-03-01
05-May-2016 09:26,201503,Other UK Airports             ,DONCASTER SHEFFIELD           ,76115,48677, 56.36749 ,76115,48677, 56.36749 ,0,0,Null,2016-03-01
05-May-2016 09:26,201503,Other UK Airports             ,DUNDEE                        ,1623,1386, 17.09957 ,1623,1386, 17.09957 ,0,0,Null,2016-03-01
05-May-2016 09:26,201503,Other UK Airports             ,DURHAM TEES VALLEY            ,11957,11996,-0.3251084 ,11933,11979,-0.3840053 ,24,17, 41.17647 ,2016-03-01
05-May-2016 09:26,201503,Other UK Airports             ,EAST MIDLANDS INTERNATIONAL   ,281902,258473, 9.064389 ,281902,257968, 9.277895 ,0,505,Null,2016-03-01
05-May-2016 09:26,201503,Other UK Airports             ,EDINBURGH                     ,927127,790242, 17.32191 ,927127,790235, 17.32295 ,0,7,Null,2016-03-01
05-May-2016 09:26,201503,Other UK Airports             ,EXETER                        ,54347,55107,-1.379135 ,54347,55107,-1.379135 ,0,0,Null,2016-03-01
05-May-2016 09:26,201503,London Area Airports          ,GATWICK                       ,3129350,2958178, 5.786399 ,3128831,2956922, 5.813782 ,519,1256,-58.67834 ,2016-03-01
05-May-2016 09:26,201503,Other UK Airports             ,GLASGOW                       ,660129,606565, 8.83071 ,659487,605971, 8.831446 ,642,594, 8.080808 ,2016-03-01
05-May-2016 09:26,201503,Other UK Airports             ,GLOUCESTERSHIRE               ,868,1156,-24.91349 ,868,1156,-24.91349 ,0,0,Null,2016-03-01
05-May-2016 09:26,201503,Non UK Reporting Airports     ,GUERNSEY                      ,70707,70293, 0.5889633 ,67255,67427,-0.2550907 ,3452,2866, 20.44662 ,2016-03-01
05-May-2016 09:26,201503,London Area Airports          ,HEATHROW                      ,6102492,5951061, 2.544605 ,6100214,5949719, 2.529447 ,2278,1342, 69.74664 ,2016-03-01
05-May-2016 09:26,201503,Other UK Airports             ,HUMBERSIDE                    ,16125,17579,-8.271233 ,16095,17572,-8.405417 ,30,7, 328.5714 ,2016-03-01
05-May-2016 09:26,201503,Other UK Airports             ,INVERNESS                     ,52603,55995,-6.057684 ,52501,55828,-5.959375 ,102,167,-38.92216 ,2016-03-01
05-May-2016 09:26,201503,Other UK Airports             ,ISLAY                         ,2116,2210,-4.253394 ,2094,2194,-4.557885 ,22,16, 37.5 ,2016-03-01
05-May-2016 09:26,201503,Non UK Reporting Airports     ,ISLE OF MAN                   ,67031,61908, 8.275183 ,66985,61901, 8.213115 ,46,7, 557.1429 ,2016-03-01
05-May-2016 09:26,201503,Other UK Airports             ,ISLES OF SCILLY (ST.MARYS)    ,5670,5189, 9.269608 ,5670,5189, 9.269608 ,0,0,Null,2016-03-01
05-May-2016 09:26,201503,Non UK Reporting Airports     ,JERSEY                        ,119041,112421, 5.888579 ,117196,110606, 5.958086 ,1845,1815, 1.652893 ,2016-03-01
05-May-2016 09:26,201503,Other UK Airports             ,KIRKWALL                      ,13040,12818, 1.731939 ,12054,11992, 0.5170113 ,986,826, 19.37046 ,2016-03-01
05-May-2016 09:26,201503,Other UK Airports             ,LANDS END (ST JUST)           ,4276,3917, 9.165177 ,4260,3863, 10.27699 ,16,54,-70.37037 ,2016-03-01
05-May-2016 09:26,201503,Other UK Airports             ,LEEDS BRADFORD                ,221141,205718, 7.497156 ,221067,203245, 8.768727 ,74,2473,-97.00768 ,2016-03-01
05-May-2016 09:26,201503,Other UK Airports             ,LERWICK (TINGWALL)            ,318,289, 10.0346 ,318,289, 10.0346 ,0,0,Null,2016-03-01
05-May-2016 09:26,201503,Other UK Airports             ,LIVERPOOL (JOHN LENNON)       ,377393,320751, 17.65918 ,377380,320569, 17.72193 ,13,182,-92.85714 ,2016-03-01
05-May-2016 09:26,201503,London Area Airports          ,LONDON CITY                   ,374989,378776,-0.9997994 ,374911,378776,-1.020392 ,78,0,Null,2016-03-01
05-May-2016 09:26,201503,London Area Airports          ,LUTON                         ,1045137,839319, 24.52202 ,1044561,839316, 24.45384 ,576,3, 19100 ,2016-03-01
05-May-2016 09:26,201503,Other UK Airports             ,LYDD                          ,52,0,Null,52,0,Null,0,0,Null,2016-03-01
05-May-2016 09:26,201503,Other UK Airports             ,MANCHESTER                    ,1747106,1574561, 10.95829 ,1742556,1570488, 10.95634 ,4550,4073, 11.71127 ,2016-03-01
05-May-2016 09:26,201503,Other UK Airports             ,NEWCASTLE                     ,299249,300766,-0.5043788 ,298856,300475,-0.5388135 ,393,291, 35.05155 ,2016-03-01
05-May-2016 09:26,201503,Other UK Airports             ,NEWQUAY                       ,18591,16284, 14.16728 ,18564,16210, 14.5219 ,27,74,-63.51351 ,2016-03-01
05-May-2016 09:26,201503,Other UK Airports             ,NORWICH                       ,33565,29511, 13.73725 ,33565,29511, 13.73725 ,0,0,Null,2016-03-01
05-May-2016 09:26,201503,Other UK Airports             ,OXFORD (KIDLINGTON)           ,8,0,Null,8,0,Null,0,0,Null,2016-03-01
05-May-2016 09:26,201503,Other UK Airports             ,PRESTWICK                     ,38984,24236, 60.85163 ,38601,24236, 59.27133 ,383,0,Null,2016-03-01
05-May-2016 09:26,201503,Other UK Airports             ,SCATSTA                       ,14525,23972,-39.40848 ,14525,23972,-39.40848 ,0,0,Null,2016-03-01
05-May-2016 09:26,201503,Other UK Airports             ,SHOREHAM                      ,57,29, 96.55173 ,57,29, 96.55173 ,0,0,Null,2016-03-01
05-May-2016 09:26,201503,Other UK Airports             ,SOUTHAMPTON                   ,146413,148915,-1.680153 ,146413,147198,-0.5332953 ,0,1717,Null,2016-03-01
05-May-2016 09:26,201503,London Area Airports          ,SOUTHEND                      ,69170,74571,-7.242762 ,69088,74571,-7.352724 ,82,0,Null,2016-03-01
05-May-2016 09:26,201503,London Area Airports          ,STANSTED                      ,1892233,1666162, 13.56837 ,1892102,1665751, 13.58853 ,131,411,-68.12652 ,2016-03-01
05-May-2016 09:26,201503,Other UK Airports             ,STORNOWAY                     ,10117,10614,-4.682495 ,9931,10397,-4.482062 ,186,217,-14.28571 ,2016-03-01
05-May-2016 09:26,201503,Other UK Airports             ,SUMBURGH                      ,17448,20913,-16.56864 ,17002,20776,-18.16519 ,446,137, 225.5474 ,2016-03-01
05-May-2016 09:26,201503,Other UK Airports             ,TIREE                         ,822,640, 28.4375 ,793,625, 26.88 ,29,15, 93.33334 ,2016-03-01
05-May-2016 09:26,201503,Other UK Airports             ,WICK JOHN O GROATS            ,1917,2114,-9.318827 ,1898,2054,-7.594937 ,19,60,-68.33334 ,2016-03-01
11/07/2016 09:48,201504,Other UK Airports,ABERDEEN,234486,298063,-21.330054,234486,298056,-21.328207,0,7,Null,2016-04-01
11/07/2016 09:48,201504,Non UK Reporting Airports,ALDERNEY,4830,4968,-2.777778,4830,4968,-2.777778,0,0,Null,2016-04-01
11/07/2016 09:48,201504,Other UK Airports,BARRA,1167,699,66.95279,1167,699,66.95279,0,0,Null,2016-04-01
11/07/2016 09:48,201504,Other UK Airports,BELFAST CITY (GEORGE BEST),217080,222410,-2.396475,217080,222410,-2.396475,0,0,Null,2016-04-01
11/07/2016 09:48,201504,Other UK Airports,BELFAST INTERNATIONAL,395461,340707,16.0707,395461,340518,16.135124,0,189,Null,2016-04-01
11/07/2016 09:48,201504,Other UK Airports,BENBECULA,2418,2516,-3.895072,2418,2516,-3.895072,0,0,Null,2016-04-01
11/07/2016 09:48,201504,Other UK Airports,BIGGIN HILL,104,32,225,104,32,225,0,0,Null,2016-04-01
11/07/2016 09:48,201504,Other UK Airports,BIRMINGHAM,873965,771483,13.283766,873965,770463,13.43374,0,1020,Null,2016-04-01
11/07/2016 09:48,201504,Other UK Airports,BLACKPOOL,2950,3068,-3.846154,2950,3068,-3.846154,0,0,Null,2016-04-01
11/07/2016 09:48,201504,Other UK Airports,BOURNEMOUTH,56224,52877,6.329784,56224,52877,6.329784,0,0,Null,2016-04-01
11/07/2016 09:48,201504,Other UK Airports,BRISTOL,600657,536549,11.94821,600071,536175,11.917005,586,374,56.684492,2016-04-01
11/07/2016 09:48,201504,Other UK Airports,CAMBRIDGE,0,177,Null,0,177,Null,0,0,Null,2016-04-01
11/07/2016 09:48,201504,Other UK Airports,CAMPBELTOWN,608,704,-13.636364,604,704,-14.204545,4,0,Null,2016-04-01
11/07/2016 09:48,201504,Other UK Airports,CARDIFF WALES,80562,57138,40.995485,80350,57131,40.641683,212,7,2928.571429,2016-04-01
11/07/2016 09:48,201504,Other UK Airports,CITY OF DERRY (EGLINTON),22407,22875,-2.045902,22407,22875,-2.045902,0,0,Null,2016-04-01
11/07/2016 09:48,201504,Other UK Airports,DONCASTER SHEFFIELD,93921,55662,68.734505,93921,55662,68.734505,0,0,Null,2016-04-01
11/07/2016 09:48,201504,Other UK Airports,DUNDEE,1733,1539,12.605588,1733,1508,14.920424,0,31,Null,2016-04-01
11/07/2016 09:48,201504,Other UK Airports,DURHAM TEES VALLEY,10845,12230,-11.324612,10845,12208,-11.16481,0,22,Null,2016-04-01
11/07/2016 09:48,201504,Other UK Airports,EAST MIDLANDS INTERNATIONAL,381198,362412,5.183603,380846,361807,5.262198,352,605,-41.818182,2016-04-01
11/07/2016 09:48,201504,Other UK Airports,EDINBURGH,1008329,927707,8.690459,1008329,927707,8.690459,0,0,Null,2016-04-01
11/07/2016 09:48,201504,Other UK Airports,EXETER,61885,60348,2.546895,61885,60237,2.73586,0,111,Null,2016-04-01
11/07/2016 09:48,201504,London Area Airports,GATWICK,3278300,3180523,3.074243,3278192,3179929,3.0901,108,594,-81.818182,2016-04-01
11/07/2016 09:48,201504,Other UK Airports,GLASGOW,721349,665137,8.451191,721219,664948,8.462466,130,189,-31.216931,2016-04-01
11/07/2016 09:48,201504,Other UK Airports,GLOUCESTERSHIRE,1036,1071,-3.267974,1036,1071,-3.267974,0,0,Null,2016-04-01
11/07/2016 09:48,201504,Non UK Reporting Airports,GUERNSEY,72805,72122,0.947006,70140,69346,1.144983,2665,2776,-3.998559,2016-04-01
11/07/2016 09:48,201504,London Area Airports,HEATHROW,6049356,6145379,-1.562524,6046944,6143510,-1.571838,2412,1869,29.05297,2016-04-01
11/07/2016 09:48,201504,Other UK Airports,HUMBERSIDE,15008,16858,-10.974018,14995,16785,-10.664284,13,73,-82.191781,2016-04-01
11/07/2016 09:48,201504,Other UK Airports,INVERNESS,60631,59376,2.113649,60631,59234,2.358443,0,142,Null,2016-04-01
11/07/2016 09:48,201504,Other UK Airports,ISLAY,2446,2417,1.199835,2411,2393,0.752194,35,24,45.833333,2016-04-01
11/07/2016 09:48,201504,Non UK Reporting Airports,ISLE OF MAN,63879,61945,3.122124,63817,61905,3.088604,62,40,55,2016-04-01
11/07/2016 09:48,201504,Other UK Airports,ISLES OF SCILLY (ST.MARYS),9874,8781,12.447329,9874,8781,12.447329,0,0,Null,2016-04-01
11/07/2016 09:48,201504,Non UK Reporting Airports,JERSEY,129855,121895,6.53021,127776,120261,6.248909,2079,1634,27.233782,2016-04-01
11/07/2016 09:48,201504,Other UK Airports,KIRKWALL,12851,12761,0.705274,12003,11802,1.703101,848,959,-11.574557,2016-04-01
11/07/2016 09:48,201504,Other UK Airports,LANDS END (ST JUST),6809,2990,127.725753,6770,2990,126.421405,39,0,Null,2016-04-01
11/07/2016 09:48,201504,Other UK Airports,LEEDS BRADFORD,276967,265446,4.340242,276944,264923,4.537545,23,523,-95.602294,2016-04-01
11/07/2016 09:48,201504,Other UK Airports,LERWICK (TINGWALL),374,337,10.979228,374,337,10.979228,0,0,Null,2016-04-01
11/07/2016 09:48,201504,Other UK Airports,LIVERPOOL (JOHN LENNON),409869,366865,11.722023,409869,366026,11.978111,0,839,Null,2016-04-01
11/07/2016 09:48,201504,London Area Airports,LONDON CITY,367421,347167,5.83408,367421,347167,5.83408,0,0,Null,2016-04-01
11/07/2016 09:48,201504,London Area Airports,LUTON,1154395,989725,16.637955,1154360,989704,16.636893,35,21,66.666667,2016-04-01
11/07/2016 09:48,201504,Other UK Airports,LYDD,0,41,Null,0,41,Null,0,0,Null,2016-04-01
11/07/2016 09:48,201504,Other UK Airports,MANCHESTER,0,1724804,Null,0,1720957,Null,0,3847,Null,2016-04-01
11/07/2016 09:48,201504,Other UK Airports,NEWCASTLE,342573,331170,3.443247,342442,330862,3.499949,131,308,-57.467532,2016-04-01
11/07/2016 09:48,201504,Other UK Airports,NEWQUAY,30553,19115,59.837824,30422,18874,61.184699,131,241,-45.643154,2016-04-01
11/07/2016 09:48,201504,Other UK Airports,NORWICH,36649,32356,13.268018,36649,32356,13.268018,0,0,Null,2016-04-01
11/07/2016 09:48,201504,Other UK Airports,PRESTWICK,67633,63845,5.933119,67623,63845,5.917456,10,0,Null,2016-04-01
11/07/2016 09:48,201504,Other UK Airports,SCATSTA,12047,26314,-54.218287,12047,26314,-54.218287,0,0,Null,2016-04-01
11/07/2016 09:48,201504,Other UK Airports,SHOREHAM,0,24,Null,0,24,Null,0,0,Null,2016-04-01
11/07/2016 09:48,201504,Other UK Airports,SOUTHAMPTON,145385,147752,-1.602009,145382,146048,-0.456014,3,1704,-99.823944,2016-04-01
11/07/2016 09:48,201504,London Area Airports,SOUTHEND,75873,74506,1.834752,75873,74506,1.834752,0,0,Null,2016-04-01
11/07/2016 09:48,201504,London Area Airports,STANSTED,1961837,1902707,3.107678,1961837,1902609,3.112989,0,98,Null,2016-04-01
11/07/2016 09:48,201504,Other UK Airports,STORNOWAY,9991,10522,-5.046569,9850,10317,-4.52651,141,205,-31.219512,2016-04-01
11/07/2016 09:48,201504,Other UK Airports,SUMBURGH,17921,21042,-14.83224,17906,20993,-14.704902,15,49,-69.387755,2016-04-01
11/07/2016 09:48,201504,Other UK Airports,TIREE,971,682,42.375367,927,666,39.189189,44,16,175,2016-04-01
11/07/2016 09:48,201504,Other UK Airports,WICK JOHN O GROATS,1735,1925,-9.87013,1735,1862,-6.820623,0,63,Null,2016-04-01
2/23/2017 4:19:07 PM,2015005,Other UK Airports,ABERDEEN,247478,297671,-16.861905,247478,297501,-16.814397,0,170,Null,2016-05-01
2/23/2017 4:19:07 PM,2015005,Non UK Reporting Airports,ALDERNEY,4764,5390,-11.614100,4764,5390,-11.614100,0,0,Null,2016-05-01
2/23/2017 4:19:07 PM,2015005,Other UK Airports,BARRA,1277,1024,24.707031,1277,1024,24.707031,0,0,Null,2016-05-01
2/23/2017 4:19:07 PM,2015005,Other UK Airports,BELFAST CITY (GEORGE BEST),242996,237893,2.145082,242996,237893,2.145082,0,0,Null,2016-05-01
2/23/2017 4:19:07 PM,2015005,Other UK Airports,BELFAST INTERNATIONAL,440526,393408,11.976879,440526,393184,12.040673,0,224,Null,2016-05-01
2/23/2017 4:19:07 PM,2015005,Other UK Airports,BENBECULA,2771,2727,1.613495,2771,2713,2.137855,0,14,Null,2016-05-01
2/23/2017 4:19:07 PM,2015005,Other UK Airports,BIGGIN HILL,69,0,Null,69,0,Null,0,0,Null,2016-05-01
2/23/2017 4:19:07 PM,2015005,Other UK Airports,BIRMINGHAM,1007564,904930,11.341651,1006644,904376,11.308128,920,554,66.064982,2016-05-01
2/23/2017 4:19:07 PM,2015005,Other UK Airports,BLACKPOOL,3215,3032,6.035620,3215,3032,6.035620,0,0,Null,2016-05-01
2/23/2017 4:19:07 PM,2015005,Other UK Airports,BOURNEMOUTH,71045,75771,-6.237215,70994,75607,-6.101287,51,164,-68.902439,2016-05-01
2/23/2017 4:19:07 PM,2015005,Other UK Airports,BRISTOL,705820,653430,8.017691,705461,652936,8.044433,359,494,-27.327935,2016-05-01
2/23/2017 4:19:07 PM,2015005,Other UK Airports,CAMBRIDGE,0,775,Null,0,775,Null,0,0,Null,2016-05-01
2/23/2017 4:19:07 PM,2015005,Other UK Airports,CAMPBELTOWN,906,867,4.498270,906,867,4.498270,0,0,Null,2016-05-01
2/23/2017 4:19:07 PM,2015005,Other UK Airports,CARDIFF WALES,134473,105809,27.090323,133981,105638,26.830307,492,171,187.719298,2016-05-01
2/23/2017 4:19:07 PM,2015005,Other UK Airports,CITY OF DERRY (EGLINTON),23513,22661,3.759763,23513,22661,3.759763,0,0,Null,2016-05-01
2/23/2017 4:19:07 PM,2015005,Other UK Airports,DONCASTER SHEFFIELD,121303,83372,45.496090,121230,83243,45.633867,73,129,-43.410853,2016-05-01
2/23/2017 4:19:07 PM,2015005,Other UK Airports,DUNDEE,2486,1603,55.084217,2486,1603,55.084217,0,0,Null,2016-05-01
2/23/2017 4:19:07 PM,2015005,Other UK Airports,DURHAM TEES VALLEY,11821,13098,-9.749580,11718,13098,-10.535960,103,0,Null,2016-05-01
2/23/2017 4:19:07 PM,2015005,Other UK Airports,EAST MIDLANDS INTERNATIONAL,484572,463959,4.442849,484273,463852,4.402482,299,107,179.439252,2016-05-01
2/23/2017 4:19:07 PM,2015005,Other UK Airports,EDINBURGH,1109212,1022749,8.453980,1108955,1022575,8.447302,257,174,47.701149,2016-05-01
2/23/2017 4:19:07 PM,2015005,Other UK Airports,EXETER,80819,80125,0.866147,80819,80125,0.866147,0,0,Null,2016-05-01
2/23/2017 4:19:07 PM,2015005,London Area Airports,GATWICK,3832146,3622552,5.785811,3832121,3621807,5.806880,25,745,-96.644295,2016-05-01
2/23/2017 4:19:07 PM,2015005,Other UK Airports,GLASGOW,809030,785354,3.014691,808833,785035,3.031457,197,319,-38.244514,2016-05-01
2/23/2017 4:19:07 PM,2015005,Other UK Airports,GLOUCESTERSHIRE,1081,1098,-1.548270,1081,1095,-1.278539,0,3,Null,2016-05-01
2/23/2017 4:19:07 PM,2015005,Non UK Reporting Airports,GUERNSEY,76141,80299,-5.178147,73538,77209,-4.754627,2603,3090,-15.760518,2016-05-01
2/23/2017 4:19:07 PM,2015005,London Area Airports,HEATHROW,6296571,6346632,-0.788781,6292660,6342606,-0.787468,3911,4026,-2.856433,2016-05-01
2/23/2017 4:19:07 PM,2015005,Other UK Airports,HUMBERSIDE,17672,19914,-11.258411,17672,19851,-10.976777,0,63,Null,2016-05-01
2/23/2017 4:19:07 PM,2015005,Other UK Airports,INVERNESS,70891,63062,12.414766,70746,62969,12.350522,145,93,55.913978,2016-05-01
2/23/2017 4:19:07 PM,2015005,Other UK Airports,ISLAY,3051,3011,1.328462,3015,2992,0.768717,36,19,89.473684,2016-05-01
2/23/2017 4:19:07 PM,2015005,Non UK Reporting Airports,ISLE OF MAN,67152,69303,-3.103762,67081,69244,-3.123736,71,59,20.338983,2016-05-01
2/23/2017 4:19:07 PM,2015005,Other UK Airports,ISLES OF SCILLY (ST.MARYS),10171,10262,-0.886767,10171,10262,-0.886767,0,0,Null,2016-05-01
2/23/2017 4:19:07 PM,2015005,Non UK Reporting Airports,JERSEY,146484,144034,1.700987,144448,142126,1.633762,2036,1908,6.708595,2016-05-01
2/23/2017 4:19:07 PM,2015005,Other UK Airports,KIRKWALL,15433,14758,4.573790,14486,13793,5.024288,947,965,-1.865285,2016-05-01
2/23/2017 4:19:07 PM,2015005,Other UK Airports,LANDS END (ST JUST),6130,6325,-3.083004,6071,6264,-3.081098,59,61,-3.278689,2016-05-01
2/23/2017 4:19:07 PM,2015005,Other UK Airports,LEEDS BRADFORD,348098,347461,0.183330,348043,346992,0.302889,55,469,-88.272921,2016-05-01
2/23/2017 4:19:07 PM,2015005,Other UK Airports,LERWICK (TINGWALL),576,531,8.474576,576,531,8.474576,0,0,Null,2016-05-01
2/23/2017 4:19:07 PM,2015005,Other UK Airports,LIVERPOOL (JOHN LENNON),440356,399156,10.321779,440106,399007,10.300321,250,149,67.785235,2016-05-01
2/23/2017 4:19:07 PM,2015005,London Area Airports,LONDON CITY,381619,342176,11.527109,381619,342176,11.527109,0,0,Null,2016-05-01
2/23/2017 4:19:07 PM,2015005,London Area Airports,LUTON,1336339,1135763,17.660022,1336339,1135498,17.687482,0,265,Null,2016-05-01
2/23/2017 4:19:07 PM,2015005,Other UK Airports,LYDD,0,106,Null,0,106,Null,0,0,Null,2016-05-01
2/23/2017 4:19:07 PM,2015005,Other UK Airports,MANCHESTER,2245675,2094765,7.204149,2243096,2091576,7.244298,2579,3189,-19.128253,2016-05-01
2/23/2017 4:19:07 PM,2015005,Other UK Airports,NEWCASTLE,446791,432501,3.304039,446629,432278,3.319854,162,223,-27.354260,2016-05-01
2/23/2017 4:19:07 PM,2015005,Other UK Airports,NEWQUAY,37983,24532,54.830426,37828,24353,55.331992,155,179,-13.407821,2016-05-01
2/23/2017 4:19:07 PM,2015005,Other UK Airports,NORWICH,48657,44346,9.721283,48657,44346,9.721283,0,0,Null,2016-05-01
2/23/2017 4:19:07 PM,2015005,Other UK Airports,OXFORD (KIDLINGTON),0,35,Null,0,35,Null,0,0,Null,2016-05-01
2/23/2017 4:19:07 PM,2015005,Other UK Airports,PRESTWICK,74542,69613,7.080574,74422,69613,6.908192,120,0,Null,2016-05-01
2/23/2017 4:19:07 PM,2015005,Other UK Airports,SCATSTA,12519,23991,-47.817932,12519,23991,-47.817932,0,0,Null,2016-05-01
2/23/2017 4:19:07 PM,2015005,Other UK Airports,SHOREHAM,0,27,Null,0,27,Null,0,0,Null,2016-05-01
2/23/2017 4:19:07 PM,2015005,Other UK Airports,SOUTHAMPTON,153629,155649,-1.297792,153629,153704,-0.048795,0,1945,Null,2016-05-01
2/23/2017 4:19:07 PM,2015005,London Area Airports,SOUTHEND,77952,82081,-5.030397,77952,82081,-5.030397,0,0,Null,2016-05-01
2/23/2017 4:19:07 PM,2015005,London Area Airports,STANSTED,2144491,2035947,5.331377,2144491,2035941,5.331687,0,6,Null,2016-05-01
2/23/2017 4:19:07 PM,2015005,Other UK Airports,STORNOWAY,10572,11268,-6.176784,10432,11068,-5.746296,140,200,-30.000000,2016-05-01
2/23/2017 4:19:07 PM,2015005,Other UK Airports,SUMBURGH,23290,21965,6.032324,23257,21863,6.376069,33,102,-67.647059,2016-05-01
2/23/2017 4:19:07 PM,2015005,Other UK Airports,TIREE,1130,751,50.466045,1105,731,51.162791,25,20,25.000000,2016-05-01
2/23/2017 4:19:07 PM,2015005,Other UK Airports,WICK JOHN O GROATS,1886,2261,-16.585582,1886,2068,-8.800774,0,193,Null,2016-05-01
02/08/2017 12:04,2015006,Other UK Airports,ABERDEEN,261215,320774,-18.567278,261215,320774,-18.567278,0,0,Null,2016-06-01
02/08/2017 12:04,2015006,Non UK Reporting Airports,ALDERNEY,4805,5677,-15.360225,4805,5677,-15.360225,0,0,Null,2016-06-01
02/08/2017 12:04,2015006,Other UK Airports,BARRA,1280,1127,13.575865,1280,1127,13.575865,0,0,Null,2016-06-01
02/08/2017 12:04,2015006,Other UK Airports,BELFAST CITY (GEORGE BEST),253844,250190,1.46049,253844,250190,1.46049,0,0,Null,2016-06-01
02/08/2017 12:04,2015006,Other UK Airports,BELFAST INTERNATIONAL,493631,428942,15.08106,493631,428742,15.134743,0,200,Null,2016-06-01
02/08/2017 12:04,2015006,Other UK Airports,BENBECULA,3096,2988,3.614458,3096,2981,3.857766,0,7,Null,2016-06-01
02/08/2017 12:04,2015006,Other UK Airports,BIGGIN HILL,41,133,-69.172932,41,133,-69.172932,0,0,Null,2016-06-01
02/08/2017 12:04,2015006,Other UK Airports,BIRMINGHAM,1119431,989101,13.176612,1118023,988627,13.088455,1408,474,197.046414,2016-06-01
02/08/2017 12:04,2015006,Other UK Airports,BLACKPOOL,3786,3746,1.067806,3786,3746,1.067806,0,0,Null,2016-06-01
02/08/2017 12:04,2015006,Other UK Airports,BOURNEMOUTH,81201,87139,-6.8144,80383,87139,-7.75313,818,0,Null,2016-06-01
02/08/2017 12:04,2015006,Other UK Airports,BRISTOL,774168,704112,9.949553,773640,703172,10.021446,528,940,-43.829787,2016-06-01
02/08/2017 12:04,2015006,Other UK Airports,CAMBRIDGE,0,990,Null,0,990,Null,0,0,Null,2016-06-01
02/08/2017 12:04,2015006,Other UK Airports,CAMPBELTOWN,865,818,5.745721,823,818,0.611247,42,0,Null,2016-06-01
02/08/2017 12:04,2015006,Other UK Airports,CARDIFF WALES,156228,133015,17.451415,155954,132834,17.405182,274,181,51.381215,2016-06-01
02/08/2017 12:04,2015006,Other UK Airports,CITY OF DERRY (EGLINTON),24898,23768,4.754291,24898,23768,4.754291,0,0,Null,2016-06-01
02/08/2017 12:04,2015006,Other UK Airports,DONCASTER SHEFFIELD,137255,98305,39.621586,137250,98238,39.711721,5,67,-92.537313,2016-06-01
02/08/2017 12:04,2015006,Other UK Airports,DUNDEE,4646,2082,123.150817,4646,2082,123.150817,0,0,Null,2016-06-01
02/08/2017 12:04,2015006,Other UK Airports,DURHAM TEES VALLEY,12110,12041,0.573042,11983,12017,-0.282933,127,24,429.166667,2016-06-01
02/08/2017 12:04,2015006,Other UK Airports,EAST MIDLANDS INTERNATIONAL,553437,514294,7.611016,552598,513642,7.584271,839,652,28.680982,2016-06-01
02/08/2017 12:04,2015006,Other UK Airports,EDINBURGH,1171715,1097272,6.784371,1171715,1097272,6.784371,0,0,Null,2016-06-01
02/08/2017 12:04,2015006,Other UK Airports,EXETER,91062,91759,-0.759599,91062,91570,-0.554767,0,189,Null,2016-06-01
02/08/2017 12:04,2015006,London Area Airports,GATWICK,4151946,3827158,8.486402,4150946,3826422,8.481135,1000,736,35.869565,2016-06-01
02/08/2017 12:04,2015006,Other UK Airports,GLASGOW,927466,905888,2.381972,927466,905856,2.385589,0,32,Null,2016-06-01
02/08/2017 12:04,2015006,Other UK Airports,GLOUCESTERSHIRE,1429,1311,9.000763,1429,1311,9.000763,0,0,Null,2016-06-01
02/08/2017 12:04,2015006,Non UK Reporting Airports,GUERNSEY,76942,79739,-3.507694,74458,77240,-3.601761,2484,2499,-0.60024,2016-06-01
02/08/2017 12:04,2015006,London Area Airports,HEATHROW,6611080,6677803,-0.999176,6607388,6674382,-1.003748,3692,3421,7.92166,2016-06-01
02/08/2017 12:04,2015006,Other UK Airports,HUMBERSIDE,19657,21471,-8.448605,19657,21199,-7.273928,0,272,Null,2016-06-01
02/08/2017 12:04,2015006,Other UK Airports,INVERNESS,75862,61536,23.280681,75670,61375,23.291242,192,161,19.254658,2016-06-01
02/08/2017 12:04,2015006,Other UK Airports,ISLAY,2704,3032,-10.817942,2646,2998,-11.741161,58,34,70.588235,2016-06-01
02/08/2017 12:04,2015006,Non UK Reporting Airports,ISLE OF MAN,79935,82339,-2.919637,79873,82281,-2.926557,62,58,6.896552,2016-06-01
02/08/2017 12:04,2015006,Other UK Airports,ISLES OF SCILLY (ST.MARYS),9771,11046,-11.54264,9771,11046,-11.54264,0,0,Null,2016-06-01
02/08/2017 12:04,2015006,Non UK Reporting Airports,JERSEY,154199,150030,2.778778,152314,147982,2.927383,1885,2048,-7.958984,2016-06-01
02/08/2017 12:04,2015006,Other UK Airports,KIRKWALL,16106,15919,1.174697,15175,15000,1.166667,931,919,1.305767,2016-06-01
02/08/2017 12:04,2015006,Other UK Airports,LANDS END (ST JUST),7796,6823,14.260589,7692,6725,14.379182,104,98,6.122449,2016-06-01
02/08/2017 12:04,2015006,Other UK Airports,LEEDS BRADFORD,402470,392941,2.425046,402421,392412,2.550636,49,529,-90.73724,2016-06-01
02/08/2017 12:04,2015006,Other UK Airports,LERWICK (TINGWALL),669,665,0.601504,669,665,0.601504,0,0,Null,2016-06-01
02/08/2017 12:04,2015006,Other UK Airports,LIVERPOOL (JOHN LENNON),436624,393012,11.096862,436443,392656,11.151491,181,356,-49.157303,2016-06-01
02/08/2017 12:04,2015006,London Area Airports,LONDON CITY,416488,378804,9.948153,416488,378804,9.948153,0,0,Null,2016-06-01
02/08/2017 12:04,2015006,London Area Airports,LUTON,1414347,1199471,17.914231,1413225,1199302,17.837292,1122,169,563.905325,2016-06-01
02/08/2017 12:04,2015006,Other UK Airports,LYDD,0,288,Null,0,288,Null,0,0,Null,2016-06-01
02/08/2017 12:04,2015006,Other UK Airports,MANCHESTER,2531110,2320417,9.079963,2528997,2316692,9.164144,2113,3725,-43.275168,2016-06-01
02/08/2017 12:04,2015006,Other UK Airports,NEWCASTLE,524931,500909,4.795681,524556,500634,4.778341,375,275,36.363636,2016-06-01
02/08/2017 12:04,2015006,Other UK Airports,NEWQUAY,42559,28206,50.886336,42347,27983,51.331165,212,223,-4.932735,2016-06-01
02/08/2017 12:04,2015006,Other UK Airports,NORWICH,52633,48262,9.056815,52633,48262,9.056815,0,0,Null,2016-06-01
02/08/2017 12:04,2015006,Other UK Airports,OXFORD (KIDLINGTON),48,9,433.333333,48,9,433.333333,0,0,Null,2016-06-01
02/08/2017 12:04,2015006,Other UK Airports,PRESTWICK,81528,73924,10.28624,81509,73913,10.276947,19,11,72.727273,2016-06-01
02/08/2017 12:04,2015006,Other UK Airports,SCATSTA,14393,25306,-43.12416,14393,25306,-43.12416,0,0,Null,2016-06-01
02/08/2017 12:04,2015006,Other UK Airports,SHOREHAM,0,55,Null,0,55,Null,0,0,Null,2016-06-01
02/08/2017 12:04,2015006,Other UK Airports,SOUTHAMPTON,181773,168377,7.955956,181773,167076,8.796596,0,1301,Null,2016-06-01
02/08/2017 12:04,2015006,London Area Airports,SOUTHEND,82746,85380,-3.085032,82746,85380,-3.085032,0,0,Null,2016-06-01
02/08/2017 12:04,2015006,London Area Airports,STANSTED,2189854,2037337,7.486096,2189854,2036349,7.538246,0,988,Null,2016-06-01
02/08/2017 12:04,2015006,Other UK Airports,STORNOWAY,11430,11673,-2.081727,11188,11471,-2.467091,242,202,19.80198,2016-06-01
02/08/2017 12:04,2015006,Other UK Airports,SUMBURGH,24475,23956,2.166472,24414,23886,2.2105,61,70,-12.857143,2016-06-01
02/08/2017 12:04,2015006,Other UK Airports,TIREE,1108,759,45.981555,1063,728,46.016484,45,31,45.16129,2016-06-01
02/08/2017 12:04,2015006,Other UK Airports,WICK JOHN O GROATS,1729,2384,-27.474832,1729,2295,-24.662309,0,89,Null,2016-06-01
02/08/2017 12:06,2015007,Other UK Airports,ABERDEEN,290513,343272,-15.369445,290513,343252,-15.364514,0,20,Null,2016-07-01
02/08/2017 12:06,2015007,Non UK Reporting Airports,ALDERNEY,6444,6763,-4.716842,6444,6763,-4.716842,0,0,Null,2016-07-01
02/08/2017 12:06,2015007,Other UK Airports,BARRA,1299,1449,-10.351967,1299,1449,-10.351967,0,0,Null,2016-07-01
02/08/2017 12:06,2015007,Other UK Airports,BELFAST CITY (GEORGE BEST),269179,268793,0.143605,269179,268793,0.143605,0,0,Null,2016-07-01
02/08/2017 12:06,2015007,Other UK Airports,BELFAST INTERNATIONAL,532661,470816,13.135705,532661,470793,13.141232,0,23,Null,2016-07-01
02/08/2017 12:06,2015007,Other UK Airports,BENBECULA,2990,3138,-4.71638,2990,3138,-4.71638,0,0,Null,2016-07-01
02/08/2017 12:06,2015007,Other UK Airports,BIGGIN HILL,38,0,Null,38,0,Null,0,0,Null,2016-07-01
02/08/2017 12:06,2015007,Other UK Airports,BIRMINGHAM,1222584,1071661,14.083092,1222161,1071173,14.095576,423,488,-13.319672,2016-07-01
02/08/2017 12:06,2015007,Other UK Airports,BLACKPOOL,3155,2706,16.592757,3155,2706,16.592757,0,0,Null,2016-07-01
02/08/2017 12:06,2015007,Other UK Airports,BOURNEMOUTH,80463,91455,-12.019026,80293,91455,-12.20491,170,0,Null,2016-07-01
02/08/2017 12:06,2015007,Other UK Airports,BRISTOL,833071,747168,11.497147,832511,746610,11.505471,560,558,0.358423,2016-07-01
02/08/2017 12:06,2015007,Other UK Airports,CAMBRIDGE,0,543,Null,0,543,Null,0,0,Null,2016-07-01
02/08/2017 12:06,2015007,Other UK Airports,CAMPBELTOWN,768,863,-11.008111,768,863,-11.008111,0,0,Null,2016-07-01
02/08/2017 12:06,2015007,Other UK Airports,CARDIFF WALES,163843,139893,17.120228,163843,139461,17.483024,0,432,Null,2016-07-01
02/08/2017 12:06,2015007,Other UK Airports,CITY OF DERRY (EGLINTON),28840,29219,-1.297101,28840,29219,-1.297101,0,0,Null,2016-07-01
02/08/2017 12:06,2015007,Other UK Airports,DONCASTER SHEFFIELD,149856,99435,50.707497,149856,99435,50.707497,0,0,Null,2016-07-01
02/08/2017 12:06,2015007,Other UK Airports,DUNDEE,5014,2576,94.642857,5014,2576,94.642857,0,0,Null,2016-07-01
02/08/2017 12:06,2015007,Other UK Airports,DURHAM TEES VALLEY,11779,12061,-2.338115,11709,11936,-1.90181,70,125,-44,2016-07-01
02/08/2017 12:06,2015007,Other UK Airports,EAST MIDLANDS INTERNATIONAL,570941,537988,6.12523,570744,536780,6.327359,197,1208,-83.692053,2016-07-01
02/08/2017 12:06,2015007,Other UK Airports,EDINBURGH,1329562,1214499,9.474112,1329562,1214499,9.474112,0,0,Null,2016-07-01
02/08/2017 12:06,2015007,Other UK Airports,EXETER,97318,93510,4.072292,97170,93302,4.145677,148,208,-28.846154,2016-07-01
02/08/2017 12:06,2015007,London Area Airports,GATWICK,4621498,4323762,6.88604,4620907,4322890,6.89393,591,872,-32.224771,2016-07-01
02/08/2017 12:06,2015007,Other UK Airports,GLASGOW,1020983,957008,6.684897,1020470,956638,6.672534,513,370,38.648649,2016-07-01
02/08/2017 12:06,2015007,Other UK Airports,GLOUCESTERSHIRE,1217,1216,0.082237,1199,1216,-1.398026,18,0,Null,2016-07-01
02/08/2017 12:06,2015007,Non UK Reporting Airports,GUERNSEY,85636,87394,-2.01158,82886,84992,-2.47788,2750,2402,14.487927,2016-07-01
02/08/2017 12:06,2015007,London Area Airports,HEATHROW,7445994,7294197,2.081065,7443107,7291343,2.081427,2887,2854,1.156272,2016-07-01
02/08/2017 12:06,2015007,Other UK Airports,HUMBERSIDE,19119,21454,-10.883751,19083,21310,-10.450493,36,144,-75,2016-07-01
02/08/2017 12:06,2015007,Other UK Airports,INVERNESS,82886,65861,25.849896,82885,65597,26.354864,1,264,-99.621212,2016-07-01
02/08/2017 12:06,2015007,Other UK Airports,ISLAY,2800,2770,1.083032,2782,2730,1.904762,18,40,-55,2016-07-01
02/08/2017 12:06,2015007,Non UK Reporting Airports,ISLE OF MAN,67309,70494,-4.518115,67124,70353,-4.589712,185,141,31.205674,2016-07-01
02/08/2017 12:06,2015007,Other UK Airports,ISLES OF SCILLY (ST.MARYS),12659,13185,-3.989382,12659,13185,-3.989382,0,0,Null,2016-07-01
02/08/2017 12:06,2015007,Non UK Reporting Airports,JERSEY,180750,172033,5.067051,178592,169606,5.298162,2158,2427,-11.083642,2016-07-01
02/08/2017 12:06,2015007,Other UK Airports,KIRKWALL,15625,16084,-2.853768,14671,15137,-3.078549,954,947,0.739176,2016-07-01
02/08/2017 12:06,2015007,Other UK Airports,LANDS END (ST JUST),7389,7944,-6.986405,7317,7903,-7.414906,72,41,75.609756,2016-07-01
02/08/2017 12:06,2015007,Other UK Airports,LEEDS BRADFORD,442470,435031,1.709993,442412,434446,1.8336,58,585,-90.08547,2016-07-01
02/08/2017 12:06,2015007,Other UK Airports,LERWICK (TINGWALL),446,523,-14.722753,446,523,-14.722753,0,0,Null,2016-07-01
02/08/2017 12:06,2015007,Other UK Airports,LIVERPOOL (JOHN LENNON),478322,426945,12.033634,478164,426574,12.094033,158,371,-57.412399,2016-07-01
02/08/2017 12:06,2015007,London Area Airports,LONDON CITY,423348,406903,4.041504,423348,406903,4.041504,0,0,Null,2016-07-01
02/08/2017 12:06,2015007,London Area Airports,LUTON,1544114,1319866,16.99021,1544106,1319848,16.991199,8,18,-55.555556,2016-07-01
02/08/2017 12:06,2015007,Other UK Airports,LYDD,0,181,Null,0,181,Null,0,0,Null,2016-07-01
02/08/2017 12:06,2015007,Other UK Airports,MANCHESTER,2821307,2557971,10.294722,2818829,2554961,10.327672,2478,3010,-17.674419,2016-07-01
02/08/2017 12:06,2015007,Other UK Airports,NEWCASTLE,568094,537435,5.70469,567859,537182,5.710727,235,253,-7.114625,2016-07-01
02/08/2017 12:06,2015007,Other UK Airports,NEWQUAY,50288,33581,49.751347,50126,33327,50.406577,162,254,-36.220472,2016-07-01
02/08/2017 12:06,2015007,Other UK Airports,NORWICH,55002,46346,18.676908,55002,46346,18.676908,0,0,Null,2016-07-01
02/08/2017 12:06,2015007,Other UK Airports,PRESTWICK,98392,87619,12.295278,98038,87614,11.897642,354,5,6980,2016-07-01
02/08/2017 12:06,2015007,Other UK Airports,SCATSTA,12201,24230,-49.645068,12201,24230,-49.645068,0,0,Null,2016-07-01
02/08/2017 12:06,2015007,Other UK Airports,SHOREHAM,0,54,Null,0,54,Null,0,0,Null,2016-07-01
02/08/2017 12:06,2015007,Other UK Airports,SOUTHAMPTON,206717,185673,11.333904,206691,184304,12.146779,26,1369,-98.100804,2016-07-01
02/08/2017 12:06,2015007,London Area Airports,SOUTHEND,89504,93030,-3.790175,89504,93030,-3.790175,0,0,Null,2016-07-01
02/08/2017 12:06,2015007,London Area Airports,STANSTED,2336529,2189785,6.701297,2335762,2188251,6.741046,767,1534,-50,2016-07-01
02/08/2017 12:06,2015007,Other UK Airports,STORNOWAY,11261,11508,-2.146333,11136,11312,-1.55587,125,196,-36.22449,2016-07-01
02/08/2017 12:06,2015007,Other UK Airports,SUMBURGH,25622,25422,0.78672,25551,25277,1.083989,71,145,-51.034483,2016-07-01
02/08/2017 12:06,2015007,Other UK Airports,TIREE,1405,1420,-1.056338,1392,1383,0.650759,13,37,-64.864865,2016-07-01
02/08/2017 12:06,2015007,Other UK Airports,WICK JOHN O GROATS,1722,2083,-17.330773,1722,2064,-16.569767,0,19,Null,2016-07-01
2/24/2017 11:31:03 AM,2015008,Other UK Airports,ABERDEEN,279752,319034,-12.312794,279752,319034,-12.312794,0,0,Null,2016-08-01
2/24/2017 11:31:03 AM,2015008,Non UK Reporting Airports,ALDERNEY,7648,7923,-3.470907,7648,7923,-3.470907,0,0,Null,2016-08-01
2/24/2017 11:31:03 AM,2015008,Other UK Airports,BARRA,1334,1410,-5.390071,1334,1410,-5.390071,0,0,Null,2016-08-01
2/24/2017 11:31:03 AM,2015008,Other UK Airports,BELFAST CITY (GEORGE BEST),278217,272355,2.152338,278217,272355,2.152338,0,0,Null,2016-08-01
2/24/2017 11:31:03 AM,2015008,Other UK Airports,BELFAST INTERNATIONAL,533940,466732,14.399698,533940,466607,14.430345,0,125,Null,2016-08-01
2/24/2017 11:31:03 AM,2015008,Other UK Airports,BENBECULA,3077,3071,0.195376,3077,3071,0.195376,0,0,Null,2016-08-01
2/24/2017 11:31:03 AM,2015008,Other UK Airports,BIGGIN HILL,82,73,12.328767,82,73,12.328767,0,0,Null,2016-08-01
2/24/2017 11:31:03 AM,2015008,Other UK Airports,BIRMINGHAM,1287524,1138448,13.094669,1287152,1137891,13.117337,372,557,-33.213645,2016-08-01
2/24/2017 11:31:03 AM,2015008,Other UK Airports,BLACKPOOL,3626,3362,7.852469,3626,3362,7.852469,0,0,Null,2016-08-01
2/24/2017 11:31:03 AM,2015008,Other UK Airports,BOURNEMOUTH,83784,99915,-16.144723,83784,99915,-16.144723,0,0,Null,2016-08-01
2/24/2017 11:31:03 AM,2015008,Other UK Airports,BRISTOL,856728,776246,10.368105,856140,775994,10.328173,588,252,133.333333,2016-08-01
2/24/2017 11:31:03 AM,2015008,Other UK Airports,CAMBRIDGE,0,689,Null,0,689,Null,0,0,Null,2016-08-01
2/24/2017 11:31:03 AM,2015008,Other UK Airports,CAMPBELTOWN,905,949,-4.636459,905,949,-4.636459,0,0,Null,2016-08-01
2/24/2017 11:31:03 AM,2015008,Other UK Airports,CARDIFF WALES,169365,149086,13.602216,169365,149086,13.602216,0,0,Null,2016-08-01
2/24/2017 11:31:03 AM,2015008,Other UK Airports,CITY OF DERRY (EGLINTON),28803,25531,12.815793,28803,25531,12.815793,0,0,Null,2016-08-01
2/24/2017 11:31:03 AM,2015008,Other UK Airports,DONCASTER SHEFFIELD,153736,102721,49.663652,153736,102593,49.850380,0,128,Null,2016-08-01
2/24/2017 11:31:03 AM,2015008,Other UK Airports,DUNDEE,5195,2265,129.359823,5195,2265,129.359823,0,0,Null,2016-08-01
2/24/2017 11:31:03 AM,2015008,Other UK Airports,DURHAM TEES VALLEY,11304,11958,-5.469142,11220,11839,-5.228482,84,119,-29.411765,2016-08-01
2/24/2017 11:31:03 AM,2015008,Other UK Airports,EAST MIDLANDS INTERNATIONAL,596117,561213,6.219386,595792,560992,6.203297,325,221,47.058824,2016-08-01
2/24/2017 11:31:03 AM,2015008,Other UK Airports,EDINBURGH,1293777,1157616,11.762191,1293584,1157616,11.745518,193,0,Null,2016-08-01
2/24/2017 11:31:03 AM,2015008,Other UK Airports,EXETER,101290,95960,5.554398,101290,95960,5.554398,0,0,Null,2016-08-01
2/24/2017 11:31:03 AM,2015008,London Area Airports,GATWICK,4789067,4529722,5.725407,4789067,4529341,5.734300,0,381,Null,2016-08-01
2/24/2017 11:31:03 AM,2015008,Other UK Airports,GLASGOW,943746,879161,7.346208,943237,878119,7.415624,509,1042,-51.151631,2016-08-01
2/24/2017 11:31:03 AM,2015008,Other UK Airports,GLOUCESTERSHIRE,1317,1104,19.293478,1307,1095,19.360731,10,9,11.111111,2016-08-01
2/24/2017 11:31:03 AM,2015008,Non UK Reporting Airports,GUERNSEY,90179,90276,-0.107448,87212,87594,-0.436103,2967,2682,10.626398,2016-08-01
2/24/2017 11:31:03 AM,2015008,London Area Airports,HEATHROW,7343916,7335456,0.115330,7338852,7332843,0.081946,5064,2613,93.800230,2016-08-01
2/24/2017 11:31:03 AM,2015008,Other UK Airports,HUMBERSIDE,19631,22140,-11.332430,19624,21996,-10.783779,7,144,-95.138889,2016-08-01
2/24/2017 11:31:03 AM,2015008,Other UK Airports,INVERNESS,81668,63423,28.767166,81668,63315,28.986812,0,108,Null,2016-08-01
2/24/2017 11:31:03 AM,2015008,Other UK Airports,ISLAY,2805,3027,-7.333994,2767,3002,-7.828115,38,25,52.000000,2016-08-01
2/24/2017 11:31:03 AM,2015008,Non UK Reporting Airports,ISLE OF MAN,71291,72840,-2.126579,71192,72718,-2.098518,99,122,-18.852459,2016-08-01
2/24/2017 11:31:03 AM,2015008,Other UK Airports,ISLES OF SCILLY (ST.MARYS),13909,13324,4.390573,13909,13324,4.390573,0,0,Null,2016-08-01
2/24/2017 11:31:03 AM,2015008,Non UK Reporting Airports,JERSEY,185612,180732,2.700131,183285,178708,2.561161,2327,2024,14.970356,2016-08-01
2/24/2017 11:31:03 AM,2015008,Other UK Airports,KIRKWALL,15327,15118,1.382458,14513,14101,2.921779,814,1017,-19.960669,2016-08-01
2/24/2017 11:31:03 AM,2015008,Other UK Airports,LANDS END (ST JUST),8385,8260,1.513317,8327,8213,1.388043,58,47,23.404255,2016-08-01
2/24/2017 11:31:03 AM,2015008,Other UK Airports,LEEDS BRADFORD,455485,451794,0.816965,455453,451603,0.852519,32,191,-83.246073,2016-08-01
2/24/2017 11:31:03 AM,2015008,Other UK Airports,LERWICK (TINGWALL),493,531,-7.156309,493,531,-7.156309,0,0,Null,2016-08-01
2/24/2017 11:31:03 AM,2015008,Other UK Airports,LIVERPOOL (JOHN LENNON),497426,465738,6.803825,497424,465520,6.853411,2,218,-99.082569,2016-08-01
2/24/2017 11:31:03 AM,2015008,London Area Airports,LONDON CITY,405045,354496,14.259399,405045,354496,14.259399,0,0,Null,2016-08-01
2/24/2017 11:31:03 AM,2015008,London Area Airports,LUTON,1597640,1366840,16.885663,1596909,1366800,16.835601,731,40,1727.500000,2016-08-01
2/24/2017 11:31:03 AM,2015008,Other UK Airports,LYDD,155,184,-15.760870,155,184,-15.760870,0,0,Null,2016-08-01
2/24/2017 11:31:03 AM,2015008,Other UK Airports,MANCHESTER,2936417,2690006,9.160240,2933415,2686574,9.187947,3002,3432,-12.529138,2016-08-01
2/24/2017 11:31:03 AM,2015008,Other UK Airports,NEWCASTLE,576177,547760,5.187856,575687,547485,5.151191,490,275,78.181818,2016-08-01
2/24/2017 11:31:03 AM,2015008,Other UK Airports,NEWQUAY,48005,34154,40.554547,47837,33910,41.070481,168,244,-31.147541,2016-08-01
2/24/2017 11:31:03 AM,2015008,Other UK Airports,NORWICH,55191,50495,9.299931,55191,50495,9.299931,0,0,Null,2016-08-01
2/24/2017 11:31:03 AM,2015008,Other UK Airports,PRESTWICK,77954,75085,3.821003,77745,75077,3.553685,209,8,2512.500000,2016-08-01
2/24/2017 11:31:03 AM,2015008,Other UK Airports,SCATSTA,13727,20644,-33.506103,13727,20644,-33.506103,0,0,Null,2016-08-01
2/24/2017 11:31:03 AM,2015008,Other UK Airports,SHOREHAM,0,44,Null,0,44,Null,0,0,Null,2016-08-01
2/24/2017 11:31:03 AM,2015008,Other UK Airports,SOUTHAMPTON,218792,188558,16.034324,218792,186816,17.116307,0,1742,Null,2016-08-01
2/24/2017 11:31:03 AM,2015008,London Area Airports,SOUTHEND,90480,94202,-3.951084,90480,94188,-3.936807,0,14,Null,2016-08-01
2/24/2017 11:31:03 AM,2015008,London Area Airports,STANSTED,2494709,2231949,11.772670,2494709,2231759,11.782186,0,190,Null,2016-08-01
2/24/2017 11:31:03 AM,2015008,Other UK Airports,STORNOWAY,11902,10832,9.878139,11739,10636,10.370440,163,196,-16.836735,2016-08-01
2/24/2017 11:31:03 AM,2015008,Other UK Airports,SUMBURGH,25181,27840,-9.551006,25103,27628,-9.139279,78,212,-63.207547,2016-08-01
2/24/2017 11:31:03 AM,2015008,Other UK Airports,TIREE,1225,1105,10.859729,1186,1091,8.707608,39,14,178.571429,2016-08-01
2/24/2017 11:31:03 AM,2015008,Other UK Airports,WICK JOHN O GROATS,1568,1783,-12.058329,1568,1706,-8.089097,0,77,Null,2016-08-01
1/13/2017 12:22:37 PM,2015009,Other UK Airports,ABERDEEN,270027,321566,-16.027503,270027,321566,-16.027503,0,0,Null,2016-09-01
1/13/2017 12:22:37 PM,2015009,Non UK Reporting Airports,ALDERNEY,5870,6089,-3.596650,5870,6089,-3.596650,0,0,Null,2016-09-01
1/13/2017 12:22:37 PM,2015009,Other UK Airports,BARRA,1271,1250,1.680000,1271,1250,1.680000,0,0,Null,2016-09-01
1/13/2017 12:22:37 PM,2015009,Other UK Airports,BELFAST CITY (GEORGE BEST),244550,243667,0.362380,244550,243667,0.362380,0,0,Null,2016-09-01
1/13/2017 12:22:37 PM,2015009,Other UK Airports,BELFAST INTERNATIONAL,488356,415580,17.511911,488356,415559,17.517849,0,21,Null,2016-09-01
1/13/2017 12:22:37 PM,2015009,Other UK Airports,BENBECULA,2889,3008,-3.956117,2889,3008,-3.956117,0,0,Null,2016-09-01
1/13/2017 12:22:37 PM,2015009,Other UK Airports,BIGGIN HILL,148,0,Null,148,0,Null,0,0,Null,2016-09-01
1/13/2017 12:22:37 PM,2015009,Other UK Airports,BIRMINGHAM,1208581,1042637,15.915798,1208286,1042607,15.890839,295,30,883.333333,2016-09-01
1/13/2017 12:22:37 PM,2015009,Other UK Airports,BLACKPOOL,3448,3492,-1.260023,3448,3492,-1.260023,0,0,Null,2016-09-01
1/13/2017 12:22:37 PM,2015009,Other UK Airports,BOURNEMOUTH,72106,87802,-17.876586,71976,87653,-17.885298,130,149,-12.751678,2016-09-01
1/13/2017 12:22:37 PM,2015009,Other UK Airports,BRISTOL,784705,712931,10.067454,784073,712454,10.052438,632,477,32.494759,2016-09-01
1/13/2017 12:22:37 PM,2015009,Other UK Airports,CAMBRIDGE,0,1102,Null,0,1102,Null,0,0,Null,2016-09-01
1/13/2017 12:22:37 PM,2015009,Other UK Airports,CAMPBELTOWN,839,902,-6.984479,839,902,-6.984479,0,0,Null,2016-09-01
1/13/2017 12:22:37 PM,2015009,Other UK Airports,CARDIFF WALES,154721,150832,2.578365,154721,150130,3.058016,0,702,Null,2016-09-01
1/13/2017 12:22:37 PM,2015009,Other UK Airports,CITY OF DERRY (EGLINTON),25504,22137,15.209830,25504,22137,15.209830,0,0,Null,2016-09-01
1/13/2017 12:22:37 PM,2015009,Other UK Airports,DONCASTER SHEFFIELD,135812,94001,44.479314,135812,94001,44.479314,0,0,Null,2016-09-01
1/13/2017 12:22:37 PM,2015009,Other UK Airports,DUNDEE,4995,2133,134.177215,4995,2133,134.177215,0,0,Null,2016-09-01
1/13/2017 12:22:37 PM,2015009,Other UK Airports,DURHAM TEES VALLEY,11837,12570,-5.831344,11690,12570,-7.000796,147,0,Null,2016-09-01
1/13/2017 12:22:37 PM,2015009,Other UK Airports,EAST MIDLANDS INTERNATIONAL,538775,505863,6.506109,538775,505642,6.552660,0,221,Null,2016-09-01
1/13/2017 12:22:37 PM,2015009,Other UK Airports,EDINBURGH,1189853,1072603,10.931351,1189853,1072603,10.931351,0,0,Null,2016-09-01
1/13/2017 12:22:37 PM,2015009,Other UK Airports,EXETER,89742,86765,3.431107,89742,86765,3.431107,0,0,Null,2016-09-01
1/13/2017 12:22:37 PM,2015009,London Area Airports,GATWICK,4327794,4047639,6.921442,4326467,4046581,6.916604,1327,1058,25.425331,2016-09-01
1/13/2017 12:22:37 PM,2015009,Other UK Airports,GLASGOW,933957,895764,4.263735,933698,895355,4.282435,259,409,-36.674817,2016-09-01
1/13/2017 12:22:37 PM,2015009,Other UK Airports,GLOUCESTERSHIRE,1288,1214,6.095552,1282,1214,5.601318,6,0,Null,2016-09-01
1/13/2017 12:22:37 PM,2015009,Non UK Reporting Airports,GUERNSEY,82699,83306,-0.728639,79858,80529,-0.833240,2841,2777,2.304645,2016-09-01
1/13/2017 12:22:37 PM,2015009,London Area Airports,HEATHROW,6797770,6768954,0.425708,6792603,6766069,0.392163,5167,2885,79.098787,2016-09-01
1/13/2017 12:22:37 PM,2015009,Other UK Airports,HUMBERSIDE,20641,21425,-3.659277,20641,21375,-3.433918,0,50,Null,2016-09-01
1/13/2017 12:22:37 PM,2015009,Other UK Airports,INVERNESS,76539,57251,33.690241,76529,57111,34.000455,10,140,-92.857143,2016-09-01
1/13/2017 12:22:37 PM,2015009,Other UK Airports,ISLAY,2912,3141,-7.290672,2885,3124,-7.650448,27,17,58.823529,2016-09-01
1/13/2017 12:22:37 PM,2015009,Non UK Reporting Airports,ISLE OF MAN,66452,68243,-2.624445,66366,68103,-2.550548,86,140,-38.571429,2016-09-01
1/13/2017 12:22:37 PM,2015009,Other UK Airports,ISLES OF SCILLY (ST.MARYS),11340,12554,-9.670225,11340,12554,-9.670225,0,0,Null,2016-09-01
1/13/2017 12:22:37 PM,2015009,Non UK Reporting Airports,JERSEY,162151,154868,4.702715,160166,152915,4.741850,1985,1953,1.638505,2016-09-01
1/13/2017 12:22:37 PM,2015009,Other UK Airports,KIRKWALL,14392,14543,-1.038300,13516,13702,-1.357466,876,841,4.161712,2016-09-01
1/13/2017 12:22:37 PM,2015009,Other UK Airports,LANDS END (ST JUST),6977,7911,-11.806346,6898,7863,-12.272669,79,48,64.583333,2016-09-01
1/13/2017 12:22:37 PM,2015009,Other UK Airports,LEEDS BRADFORD,410217,395950,3.603233,409998,395699,3.613605,219,251,-12.749004,2016-09-01
1/13/2017 12:22:37 PM,2015009,Other UK Airports,LERWICK (TINGWALL),436,440,-0.909091,436,440,-0.909091,0,0,Null,2016-09-01
1/13/2017 12:22:37 PM,2015009,Other UK Airports,LIVERPOOL (JOHN LENNON),430871,393921,9.380053,430768,393069,9.590937,103,852,-87.910798,2016-09-01
1/13/2017 12:22:37 PM,2015009,London Area Airports,LONDON CITY,409026,401391,1.902135,409026,401391,1.902135,0,0,Null,2016-09-01
1/13/2017 12:22:37 PM,2015009,London Area Airports,LUTON,1420648,1209948,17.413972,1420435,1209941,17.397047,213,7,2942.857143,2016-09-01
1/13/2017 12:22:37 PM,2015009,Other UK Airports,LYDD,88,88,(None),88,88,(None),0,0,Null,2016-09-01
1/13/2017 12:22:37 PM,2015009,Other UK Airports,MANCHESTER,2672335,2430388,9.955077,2670483,2427811,9.995506,1852,2577,-28.133489,2016-09-01
1/13/2017 12:22:37 PM,2015009,Other UK Airports,NEWCASTLE,528660,494878,6.826329,528357,494657,6.812802,303,221,37.104072,2016-09-01
1/13/2017 12:22:37 PM,2015009,Other UK Airports,NEWQUAY,41243,26146,57.741146,41042,25856,58.732983,201,290,-30.689655,2016-09-01
1/13/2017 12:22:37 PM,2015009,Other UK Airports,NORWICH,54605,51620,5.782642,54605,51620,5.782642,0,0,Null,2016-09-01
1/13/2017 12:22:37 PM,2015009,Other UK Airports,PRESTWICK,75715,73382,3.179254,75695,73123,3.517361,20,259,-92.277992,2016-09-01
1/13/2017 12:22:37 PM,2015009,Other UK Airports,SCATSTA,13749,21754,-36.797830,13749,21754,-36.797830,0,0,Null,2016-09-01
1/13/2017 12:22:37 PM,2015009,Other UK Airports,SHOREHAM,0,56,Null,0,56,Null,0,0,Null,2016-09-01
1/13/2017 12:22:37 PM,2015009,Other UK Airports,SOUTHAMPTON,192251,167009,15.114156,192251,165454,16.196042,0,1555,Null,2016-09-01
1/13/2017 12:22:37 PM,2015009,London Area Airports,SOUTHEND,81775,86083,-5.004472,81775,86083,-5.004472,0,0,Null,2016-09-01
1/13/2017 12:22:37 PM,2015009,London Area Airports,STANSTED,2184426,2041734,6.988765,2184426,2041315,7.010726,0,419,Null,2016-09-01
1/13/2017 12:22:37 PM,2015009,Other UK Airports,STORNOWAY,11945,11542,3.491596,11734,11328,3.584040,211,214,-1.401869,2016-09-01
1/13/2017 12:22:37 PM,2015009,Other UK Airports,SUMBURGH,24450,27516,-11.142608,24450,27496,-11.077975,0,20,Null,2016-09-01
1/13/2017 12:22:37 PM,2015009,Other UK Airports,TIREE,1059,953,11.122770,1039,919,13.057671,20,34,-41.176471,2016-09-01
1/13/2017 12:22:37 PM,2015009,Other UK Airports,WICK JOHN O GROATS,1649,2140,-22.943925,1649,2088,-21.024904,0,52,Null,2016-09-01
12/23/2016 9:39:29 AM,201510,Other UK Airports,ABERDEEN,269266,300884,-10.508369,269266,300884,-10.508369,0,0,Null,2016-10-01
12/23/2016 9:39:29 AM,201510,Non UK Reporting Airports,ALDERNEY,4884,4838,0.950806,4884,4838,0.950806,0,0,Null,2016-10-01
12/23/2016 9:39:29 AM,201510,Other UK Airports,BARRA,1173,801,46.441948,1173,801,46.441948,0,0,Null,2016-10-01
12/23/2016 9:39:29 AM,201510,Other UK Airports,BELFAST CITY (GEORGE BEST),226071,238769,-5.318111,226071,238769,-5.318111,0,0,Null,2016-10-01
12/23/2016 9:39:29 AM,201510,Other UK Airports,BELFAST INTERNATIONAL,445986,386428,15.412444,445986,386428,15.412444,0,0,Null,2016-10-01
12/23/2016 9:39:29 AM,201510,Other UK Airports,BENBECULA,3068,2780,10.359712,3068,2780,10.359712,0,0,Null,2016-10-01
12/23/2016 9:39:29 AM,201510,Other UK Airports,BIGGIN HILL,15,0,Null,15,0,Null,0,0,Null,2016-10-01
12/23/2016 9:39:29 AM,201510,Other UK Airports,BIRMINGHAM,1075392,920886,16.777973,1074337,920737,16.682288,1055,149,608.053691,2016-10-01
12/23/2016 9:39:29 AM,201510,Other UK Airports,BLACKPOOL,3291,2841,15.839493,3291,2841,15.839493,0,0,Null,2016-10-01
12/23/2016 9:39:29 AM,201510,Other UK Airports,BOURNEMOUTH,68915,79677,-13.507035,68915,79677,-13.507035,0,0,Null,2016-10-01
12/23/2016 9:39:29 AM,201510,Other UK Airports,BRISTOL,716834,640720,11.879448,716151,640190,11.865384,683,530,28.867925,2016-10-01
12/23/2016 9:39:29 AM,201510,Other UK Airports,CAMBRIDGE,0,415,Null,0,415,Null,0,0,Null,2016-10-01
12/23/2016 9:39:29 AM,201510,Other UK Airports,CAMPBELTOWN,795,766,3.785901,795,766,3.785901,0,0,Null,2016-10-01
12/23/2016 9:39:29 AM,201510,Other UK Airports,CARDIFF WALES,129419,148357,-12.765154,129059,148020,-12.809755,360,337,6.824926,2016-10-01
12/23/2016 9:39:29 AM,201510,Other UK Airports,CITY OF DERRY (EGLINTON),23993,24401,-1.672063,23993,24401,-1.672063,0,0,Null,2016-10-01
12/23/2016 9:39:29 AM,201510,Other UK Airports,DONCASTER SHEFFIELD,117155,81866,43.105807,117155,81679,43.433441,0,187,Null,2016-10-01
12/23/2016 9:39:29 AM,201510,Other UK Airports,DUNDEE,4601,2114,117.644276,4601,2114,117.644276,0,0,Null,2016-10-01
12/23/2016 9:39:29 AM,201510,Other UK Airports,DURHAM TEES VALLEY,10476,12134,-13.664084,10423,11996,-13.112704,53,138,-61.594203,2016-10-01
12/23/2016 9:39:29 AM,201510,Other UK Airports,EAST MIDLANDS INTERNATIONAL,462650,437206,5.819682,462650,436903,5.893070,0,303,Null,2016-10-01
12/23/2016 9:39:29 AM,201510,Other UK Airports,EDINBURGH,1128158,1002460,12.538954,1128158,1002142,12.574665,0,318,Null,2016-10-01
12/23/2016 9:39:29 AM,201510,Other UK Airports,EXETER,77911,74513,4.560278,77911,74513,4.560278,0,0,Null,2016-10-01
12/23/2016 9:39:29 AM,201510,London Area Airports,GATWICK,3870485,3615567,7.050568,3870376,3615167,7.059397,109,400,-72.750000,2016-10-01
12/23/2016 9:39:29 AM,201510,Other UK Airports,GLASGOW,884149,835935,5.767673,883942,835600,5.785304,207,335,-38.208955,2016-10-01
12/23/2016 9:39:29 AM,201510,Other UK Airports,GLOUCESTERSHIRE,1021,921,10.857763,1019,919,10.881393,2,2,(None),2016-10-01
12/23/2016 9:39:29 AM,201510,Non UK Reporting Airports,GUERNSEY,74873,79031,-5.261227,71964,75738,-4.982968,2909,3293,-11.661099,2016-10-01
12/23/2016 9:39:29 AM,201510,London Area Airports,HEATHROW,6485102,6565723,-1.227907,6480439,6562401,-1.248964,4663,3322,40.367249,2016-10-01
12/23/2016 9:39:29 AM,201510,Other UK Airports,HUMBERSIDE,16707,17868,-6.497649,16702,17786,-6.094681,5,82,-93.902439,2016-10-01
12/23/2016 9:39:29 AM,201510,Other UK Airports,INVERNESS,77726,57335,35.564664,77726,57198,35.889367,0,137,Null,2016-10-01
12/23/2016 9:39:29 AM,201510,Other UK Airports,ISLAY,2775,2764,0.397974,2747,2729,0.659582,28,35,-20.000000,2016-10-01
12/23/2016 9:39:29 AM,201510,Non UK Reporting Airports,ISLE OF MAN,67685,67900,-0.316642,67600,67817,-0.319979,85,83,2.409639,2016-10-01
12/23/2016 9:39:29 AM,201510,Other UK Airports,ISLES OF SCILLY (ST.MARYS),8199,7354,11.490345,8199,7354,11.490345,0,0,Null,2016-10-01
12/23/2016 9:39:29 AM,201510,Non UK Reporting Airports,JERSEY,142647,137057,4.078595,140939,135505,4.010184,1708,1552,10.051546,2016-10-01
12/23/2016 9:39:29 AM,201510,Other UK Airports,KIRKWALL,14456,13757,5.081050,13471,12620,6.743265,985,1137,-13.368514,2016-10-01
12/23/2016 9:39:29 AM,201510,Other UK Airports,LANDS END (ST JUST),5822,0,Null,5817,0,Null,5,0,Null,2016-10-01
12/23/2016 9:39:29 AM,201510,Other UK Airports,LEEDS BRADFORD,339906,328628,3.431844,339855,328222,3.544247,51,406,-87.438424,2016-10-01
12/23/2016 9:39:29 AM,201510,Other UK Airports,LERWICK (TINGWALL),473,394,20.050761,473,394,20.050761,0,0,Null,2016-10-01
12/23/2016 9:39:29 AM,201510,Other UK Airports,LIVERPOOL (JOHN LENNON),419968,394189,6.539756,419968,393368,6.762116,0,821,Null,2016-10-01
12/23/2016 9:39:29 AM,201510,London Area Airports,LONDON CITY,392232,408386,-3.955571,392232,408386,-3.955571,0,0,Null,2016-10-01
12/23/2016 9:39:29 AM,201510,London Area Airports,LUTON,1382010,1149908,20.184397,1381533,1149757,20.158694,477,151,215.894040,2016-10-01
12/23/2016 9:39:29 AM,201510,Other UK Airports,LYDD,66,39,69.230769,66,39,69.230769,0,0,Null,2016-10-01
12/23/2016 9:39:29 AM,201510,Other UK Airports,MANCHESTER,2333706,2087677,11.784821,2330284,2084468,11.792745,3422,3209,6.637582,2016-10-01
12/23/2016 9:39:29 AM,201510,Other UK Airports,NEWCASTLE,439289,413957,6.119476,439199,413752,6.150303,90,205,-56.097561,2016-10-01
12/23/2016 9:39:29 AM,201510,Other UK Airports,NEWQUAY,34305,19384,76.975856,34118,19180,77.883212,187,204,-8.333333,2016-10-01
12/23/2016 9:39:29 AM,201510,Other UK Airports,NORWICH,45698,43197,5.789754,45698,43197,5.789754,0,0,Null,2016-10-01
12/23/2016 9:39:29 AM,201510,Other UK Airports,OXFORD (KIDLINGTON),322,0,Null,322,0,Null,0,0,Null,2016-10-01
12/23/2016 9:39:29 AM,201510,Other UK Airports,PRESTWICK,69308,63720,8.769617,69060,62955,9.697403,248,765,-67.581699,2016-10-01
12/23/2016 9:39:29 AM,201510,Other UK Airports,SCATSTA,13460,16436,-18.106595,13460,16436,-18.106595,0,0,Null,2016-10-01
12/23/2016 9:39:29 AM,201510,Other UK Airports,SHOREHAM,0,16,Null,0,16,Null,0,0,Null,2016-10-01
12/23/2016 9:39:29 AM,201510,Other UK Airports,SOUTHAMPTON,174013,150512,15.614037,174013,149266,16.579127,0,1246,Null,2016-10-01
12/23/2016 9:39:29 AM,201510,London Area Airports,SOUTHEND,82419,81604,0.998726,82419,81604,0.998726,0,0,Null,2016-10-01
12/23/2016 9:39:29 AM,201510,London Area Airports,STANSTED,2170884,2048312,5.984049,2170884,2048025,5.998901,0,287,Null,2016-10-01
12/23/2016 9:39:29 AM,201510,Other UK Airports,STORNOWAY,12052,11187,7.732189,11844,11025,7.428571,208,162,28.395062,2016-10-01
12/23/2016 9:39:29 AM,201510,Other UK Airports,SUMBURGH,23750,28873,-17.743220,23750,28749,-17.388431,0,124,Null,2016-10-01
12/23/2016 9:39:29 AM,201510,Other UK Airports,TIREE,843,880,-4.204545,826,866,-4.618938,17,14,21.428571,2016-10-01
12/23/2016 9:39:29 AM,201510,Other UK Airports,WICK JOHN O GROATS,1600,1827,-12.424740,1600,1776,-9.909910,0,51,Null,2016-10-01
1/27/2017 10:38:07 AM,201511,Other UK Airports,ABERDEEN,222714,246491,-9.646194,222714,246491,-9.646194,0,0,Null,2016-11-01
1/27/2017 10:38:07 AM,201511,Non UK Reporting Airports,ALDERNEY,3465,3793,-8.647509,3465,3793,-8.647509,0,0,Null,2016-11-01
1/27/2017 10:38:07 AM,201511,Other UK Airports,BARRA,764,609,25.451560,756,609,24.137931,8,0,Null,2016-11-01
1/27/2017 10:38:07 AM,201511,Other UK Airports,BELFAST CITY (GEORGE BEST),192271,200067,-3.896695,192271,200067,-3.896695,0,0,Null,2016-11-01
1/27/2017 10:38:07 AM,201511,Other UK Airports,BELFAST INTERNATIONAL,411441,330096,24.642831,411437,330090,24.643885,4,6,-33.333333,2016-11-01
1/27/2017 10:38:07 AM,201511,Other UK Airports,BENBECULA,2541,2476,2.625202,2541,2476,2.625202,0,0,Null,2016-11-01
1/27/2017 10:38:07 AM,201511,Other UK Airports,BIGGIN HILL,85,0,Null,85,0,Null,0,0,Null,2016-11-01
1/27/2017 10:38:07 AM,201511,Other UK Airports,BIRMINGHAM,779669,692408,12.602541,779306,691205,12.746002,363,1203,-69.825436,2016-11-01
1/27/2017 10:38:07 AM,201511,Other UK Airports,BLACKPOOL,2887,2753,4.867417,2887,2753,4.867417,0,0,Null,2016-11-01
1/27/2017 10:38:07 AM,201511,Other UK Airports,BOURNEMOUTH,27903,31415,-11.179373,27903,31415,-11.179373,0,0,Null,2016-11-01
1/27/2017 10:38:07 AM,201511,Other UK Airports,BRISTOL,472660,412322,14.633709,471978,411885,14.589752,682,437,56.064073,2016-11-01
1/27/2017 10:38:07 AM,201511,Other UK Airports,CAMBRIDGE,0,206,Null,0,206,Null,0,0,Null,2016-11-01
1/27/2017 10:38:07 AM,201511,Other UK Airports,CAMPBELTOWN,659,560,17.678571,655,398,64.572864,4,162,-97.530864,2016-11-01
1/27/2017 10:38:07 AM,201511,Other UK Airports,CARDIFF WALES,72504,65020,11.510305,72011,65020,10.752076,493,0,Null,2016-11-01
1/27/2017 10:38:07 AM,201511,Other UK Airports,CITY OF DERRY (EGLINTON),21106,25150,-16.079523,21106,25150,-16.079523,0,0,Null,2016-11-01
1/27/2017 10:38:07 AM,201511,Other UK Airports,DONCASTER SHEFFIELD,76426,54886,39.244981,76401,54880,39.214650,25,6,316.666667,2016-11-01
1/27/2017 10:38:07 AM,201511,Other UK Airports,DUNDEE,2448,1816,34.801762,2448,1816,34.801762,0,0,Null,2016-11-01
1/27/2017 10:38:07 AM,201511,Other UK Airports,DURHAM TEES VALLEY,9517,11288,-15.689227,9413,11259,-16.395772,104,29,258.620690,2016-11-01
1/27/2017 10:38:07 AM,201511,Other UK Airports,EAST MIDLANDS INTERNATIONAL,185225,220694,-16.071574,185225,220694,-16.071574,0,0,Null,2016-11-01
1/27/2017 10:38:07 AM,201511,Other UK Airports,EDINBURGH,859574,793529,8.322947,859574,793365,8.345339,0,164,Null,2016-11-01
1/27/2017 10:38:07 AM,201511,Other UK Airports,EXETER,52365,46427,12.789971,52365,46427,12.789971,0,0,Null,2016-11-01
1/27/2017 10:38:07 AM,201511,London Area Airports,GATWICK,2824466,2631379,7.337864,2824224,2631045,7.342292,242,334,-27.544910,2016-11-01
1/27/2017 10:38:07 AM,201511,Other UK Airports,GLASGOW,666148,617725,7.838925,666148,617298,7.913520,0,427,Null,2016-11-01
1/27/2017 10:38:07 AM,201511,Other UK Airports,GLOUCESTERSHIRE,904,731,23.666211,904,731,23.666211,0,0,Null,2016-11-01
1/27/2017 10:38:07 AM,201511,Non UK Reporting Airports,GUERNSEY,65243,69577,-6.229070,62255,66137,-5.869634,2988,3440,-13.139535,2016-11-01
1/27/2017 10:38:07 AM,201511,London Area Airports,HEATHROW,5722485,5585165,2.458656,5720478,5582089,2.479161,2007,3076,-34.752926,2016-11-01
1/27/2017 10:38:07 AM,201511,Other UK Airports,HUMBERSIDE,13940,15204,-8.313602,13935,15155,-8.050148,5,49,-89.795918,2016-11-01
1/27/2017 10:38:07 AM,201511,Other UK Airports,INVERNESS,58846,48314,21.799064,58846,48196,22.097269,0,118,Null,2016-11-01
1/27/2017 10:38:07 AM,201511,Other UK Airports,ISLAY,2123,1979,7.276402,2097,1927,8.822003,26,52,-50.000000,2016-11-01
1/27/2017 10:38:07 AM,201511,Non UK Reporting Airports,ISLE OF MAN,62253,63512,-1.982303,62179,63453,-2.007785,74,59,25.423729,2016-11-01
1/27/2017 10:38:07 AM,201511,Other UK Airports,ISLES OF SCILLY (ST.MARYS),3428,2722,25.936811,3428,2722,25.936811,0,0,Null,2016-11-01
1/27/2017 10:38:07 AM,201511,Non UK Reporting Airports,JERSEY,104961,103346,1.562712,103180,101498,1.657176,1781,1848,-3.625541,2016-11-01
1/27/2017 10:38:07 AM,201511,Other UK Airports,KIRKWALL,12222,11903,2.679997,11497,11009,4.432737,725,894,-18.903803,2016-11-01
1/27/2017 10:38:07 AM,201511,Other UK Airports,LANDS END (ST JUST),2890,2104,37.357414,2843,2085,36.354916,47,19,147.368421,2016-11-01
1/27/2017 10:38:07 AM,201511,Other UK Airports,LEEDS BRADFORD,196673,163198,20.511894,196616,163180,20.490256,57,18,216.666667,2016-11-01
1/27/2017 10:38:07 AM,201511,Other UK Airports,LERWICK (TINGWALL),224,159,40.880503,224,159,40.880503,0,0,Null,2016-11-01
1/27/2017 10:38:07 AM,201511,Other UK Airports,LIVERPOOL (JOHN LENNON),315215,311046,1.340316,315174,310315,1.565828,41,731,-94.391245,2016-11-01
1/27/2017 10:38:07 AM,201511,London Area Airports,LONDON CITY,404154,354620,13.968191,404154,354620,13.968191,0,0,Null,2016-11-01
1/27/2017 10:38:07 AM,201511,London Area Airports,LUTON,963628,844944,14.046375,963628,844913,14.050559,0,31,Null,2016-11-01
1/27/2017 10:38:07 AM,201511,Other UK Airports,LYDD,25,80,-68.750000,25,80,-68.750000,0,0,Null,2016-11-01
1/27/2017 10:38:07 AM,201511,Other UK Airports,MANCHESTER,1704620,1475892,15.497611,1699265,1473511,15.320822,5355,2381,124.905502,2016-11-01
1/27/2017 10:38:07 AM,201511,Other UK Airports,NEWCASTLE,293411,267835,9.549163,293305,267609,9.602069,106,226,-53.097345,2016-11-01
1/27/2017 10:38:07 AM,201511,Other UK Airports,NEWQUAY,20746,13465,54.073524,20736,13465,53.999257,10,0,Null,2016-11-01
1/27/2017 10:38:07 AM,201511,Other UK Airports,NORWICH,35497,29828,19.005632,35497,29828,19.005632,0,0,Null,2016-11-01
1/27/2017 10:38:07 AM,201511,Other UK Airports,PRESTWICK,26337,21219,24.119893,26327,21210,24.125413,10,9,11.111111,2016-11-01
1/27/2017 10:38:07 AM,201511,Other UK Airports,SCATSTA,14479,14682,-1.382645,14479,14682,-1.382645,0,0,Null,2016-11-01
1/27/2017 10:38:07 AM,201511,Other UK Airports,SHOREHAM,0,41,Null,0,41,Null,0,0,Null,2016-11-01
1/27/2017 10:38:07 AM,201511,Other UK Airports,SOUTHAMPTON,150592,119167,26.370556,150582,119167,26.362164,10,0,Null,2016-11-01
1/27/2017 10:38:07 AM,201511,London Area Airports,SOUTHEND,50816,51547,-1.418123,50816,51547,-1.418123,0,0,Null,2016-11-01
1/27/2017 10:38:07 AM,201511,London Area Airports,STANSTED,1739644,1700827,2.282243,1739644,1700454,2.304679,0,373,Null,2016-11-01
1/27/2017 10:38:07 AM,201511,Other UK Airports,STORNOWAY,10609,10337,2.631324,10338,10137,1.982835,271,200,35.500000,2016-11-01
1/27/2017 10:38:07 AM,201511,Other UK Airports,SUMBURGH,19679,21874,-10.034744,19679,21674,-9.204577,0,200,Null,2016-11-01
1/27/2017 10:38:07 AM,201511,Other UK Airports,TIREE,804,877,-8.323831,785,837,-6.212664,19,40,-52.500000,2016-11-01
1/27/2017 10:38:07 AM,201511,Other UK Airports,WICK JOHN O GROATS,1569,1791,-12.395310,1564,1791,-12.674484,5,0,Null,2016-11-01
2/15/2017 9:27:55 AM,201512,Other UK Airports,ABERDEEN,227228,240984,-5.708263,227228,240984,-5.708263,0,0,Null,2016-12-01
2/15/2017 9:27:55 AM,201512,Non UK Reporting Airports,ALDERNEY,3812,3969,-3.955656,3812,3969,-3.955656,0,0,Null,2016-12-01
2/15/2017 9:27:55 AM,201512,Other UK Airports,BARRA,859,728,17.994505,859,728,17.994505,0,0,Null,2016-12-01
2/15/2017 9:27:55 AM,201512,Other UK Airports,BELFAST CITY (GEORGE BEST),180830,192865,-6.240116,180830,192865,-6.240116,0,0,Null,2016-12-01
2/15/2017 9:27:55 AM,201512,Other UK Airports,BELFAST INTERNATIONAL,421507,315181,33.734902,421507,315095,33.771402,0,86,Null,2016-12-01
2/15/2017 9:27:55 AM,201512,Other UK Airports,BENBECULA,2520,2383,5.749056,2520,2383,5.749056,0,0,Null,2016-12-01
2/15/2017 9:27:55 AM,201512,Other UK Airports,BIGGIN HILL,45,0,Null,45,0,Null,0,0,Null,2016-12-01
2/15/2017 9:27:55 AM,201512,Other UK Airports,BIRMINGHAM,847530,683398,24.017044,847338,682914,24.076824,192,484,-60.330579,2016-12-01
2/15/2017 9:27:55 AM,201512,Other UK Airports,BLACKPOOL,2492,2764,-9.84081,2492,2764,-9.84081,0,0,Null,2016-12-01
2/15/2017 9:27:55 AM,201512,Other UK Airports,BOURNEMOUTH,31857,31421,1.387607,31857,31421,1.387607,0,0,Null,2016-12-01
2/15/2017 9:27:55 AM,201512,Other UK Airports,BRISTOL,507587,412796,22.963159,507037,412556,22.901376,550,240,129.166667,2016-12-01
2/15/2017 9:27:55 AM,201512,Other UK Airports,CAMBRIDGE,0,224,Null,0,224,Null,0,0,Null,2016-12-01
2/15/2017 9:27:55 AM,201512,Other UK Airports,CAMPBELTOWN,530,444,19.369369,530,393,34.860051,0,51,Null,2016-12-01
2/15/2017 9:27:55 AM,201512,Other UK Airports,CARDIFF WALES,73064,64060,14.055573,72799,64060,13.641898,265,0,Null,2016-12-01
2/15/2017 9:27:55 AM,201512,Other UK Airports,CITY OF DERRY (EGLINTON),20785,21323,-2.523097,20785,21323,-2.523097,0,0,Null,2016-12-01
2/15/2017 9:27:55 AM,201512,Other UK Airports,DONCASTER SHEFFIELD,81797,52475,55.878037,81797,52475,55.878037,0,0,Null,2016-12-01
2/15/2017 9:27:55 AM,201512,Other UK Airports,DUNDEE,1737,1771,-1.919819,1737,1771,-1.919819,0,0,Null,2016-12-01
2/15/2017 9:27:55 AM,201512,Other UK Airports,DURHAM TEES VALLEY,9864,11524,-14.404721,9809,11485,-14.592947,55,39,41.025641,2016-12-01
2/15/2017 9:27:55 AM,201512,Other UK Airports,EAST MIDLANDS INTERNATIONAL,203387,202965,0.207918,203387,202747,0.315664,0,218,Null,2016-12-01
2/15/2017 9:27:55 AM,201512,Other UK Airports,EDINBURGH,862194,753805,14.378918,862194,753805,14.378918,0,0,Null,2016-12-01
2/15/2017 9:27:55 AM,201512,Other UK Airports,EXETER,52414,46297,13.212519,52414,46297,13.212519,0,0,Null,2016-12-01
2/15/2017 9:27:55 AM,201512,London Area Airports,GATWICK,3108227,2703428,14.973545,3107631,2702615,14.986078,596,813,-26.691267,2016-12-01
2/15/2017 9:27:55 AM,201512,Other UK Airports,GLASGOW,627446,568720,10.325995,627076,568447,10.31389,370,273,35.531136,2016-12-01
2/15/2017 9:27:55 AM,201512,Other UK Airports,GLOUCESTERSHIRE,802,700,14.571429,802,700,14.571429,0,0,Null,2016-12-01
2/15/2017 9:27:55 AM,201512,Non UK Reporting Airports,GUERNSEY,63356,68319,-7.264451,60347,64895,-7.008244,3009,3424,-12.120327,2016-12-01
2/15/2017 9:27:55 AM,201512,London Area Airports,HEATHROW,6165653,5903405,4.442318,6163221,5900586,4.450999,2432,2819,-13.728272,2016-12-01
2/15/2017 9:27:55 AM,201512,Other UK Airports,HUMBERSIDE,13952,16217,-13.966825,13915,16187,-14.035955,37,30,23.333333,2016-12-01
2/15/2017 9:27:55 AM,201512,Other UK Airports,INVERNESS,58268,45237,28.806066,58268,45021,29.424047,0,216,Null,2016-12-01
2/15/2017 9:27:55 AM,201512,Other UK Airports,ISLAY,1600,1499,6.737825,1579,1458,8.29904,21,41,-48.780488,2016-12-01
2/15/2017 9:27:55 AM,201512,Non UK Reporting Airports,ISLE OF MAN,66532,63215,5.247172,66489,63180,5.237417,43,35,22.857143,2016-12-01
2/15/2017 9:27:55 AM,201512,Other UK Airports,ISLES OF SCILLY (ST.MARYS),3330,3408,-2.288732,3330,3408,-2.288732,0,0,Null,2016-12-01
2/15/2017 9:27:55 AM,201512,Non UK Reporting Airports,JERSEY,105311,104742,0.54324,103690,103093,0.579089,1621,1649,-1.697999,2016-12-01
2/15/2017 9:27:55 AM,201512,Other UK Airports,KIRKWALL,12108,11471,5.553134,11438,10631,7.591007,670,840,-20.238095,2016-12-01
2/15/2017 9:27:55 AM,201512,Other UK Airports,LANDS END (ST JUST),2841,2842,-0.035186,2829,2815,0.497336,12,27,-55.555556,2016-12-01
2/15/2017 9:27:55 AM,201512,Other UK Airports,LEEDS BRADFORD,197876,159651,23.94285,197876,159615,23.970805,0,36,Null,2016-12-01
2/15/2017 9:27:55 AM,201512,Other UK Airports,LERWICK (TINGWALL),152,165,-7.878788,152,165,-7.878788,0,0,Null,2016-12-01
2/15/2017 9:27:55 AM,201512,Other UK Airports,LIVERPOOL (JOHN LENNON),339452,307256,10.478559,338680,306874,10.364514,772,382,102.094241,2016-12-01
2/15/2017 9:27:55 AM,201512,London Area Airports,LONDON CITY,323605,321606,0.621568,323605,321606,0.621568,0,0,Null,2016-12-01
2/15/2017 9:27:55 AM,201512,London Area Airports,LUTON,1090548,864569,26.137763,1090388,864563,26.120132,160,6,2566.666667,2016-12-01
2/15/2017 9:27:55 AM,201512,Other UK Airports,LYDD,61,82,-25.609756,61,82,-25.609756,0,0,Null,2016-12-01
2/15/2017 9:27:55 AM,201512,Other UK Airports,MANCHESTER,1810174,1509743,19.89948,1804517,1506666,19.76888,5657,3077,83.847904,2016-12-01
2/15/2017 9:27:55 AM,201512,Other UK Airports,NEWCASTLE,302873,255391,18.591885,302418,255245,18.481459,455,146,211.643836,2016-12-01
2/15/2017 9:27:55 AM,201512,Other UK Airports,NEWQUAY,20977,12942,62.084686,20977,12942,62.084686,0,0,Null,2016-12-01
2/15/2017 9:27:55 AM,201512,Other UK Airports,NORWICH,33434,30811,8.513193,33434,30811,8.513193,0,0,Null,2016-12-01
2/15/2017 9:27:55 AM,201512,Other UK Airports,PRESTWICK,25076,20028,25.204713,25071,19837,26.385038,5,191,-97.382199,2016-12-01
2/15/2017 9:27:55 AM,201512,Other UK Airports,SCATSTA,14149,11706,20.86964,14149,11706,20.86964,0,0,Null,2016-12-01
2/15/2017 9:27:55 AM,201512,Other UK Airports,SHOREHAM,0,44,Null,0,44,Null,0,0,Null,2016-12-01
2/15/2017 9:27:55 AM,201512,Other UK Airports,SOUTHAMPTON,147425,118115,24.814799,147425,118111,24.819026,0,4,Null,2016-12-01
2/15/2017 9:27:55 AM,201512,London Area Airports,SOUTHEND,56342,59004,-4.511559,56342,59004,-4.511559,0,0,Null,2016-12-01
2/15/2017 9:27:55 AM,201512,London Area Airports,STANSTED,1852721,1708861,8.418473,1852655,1708362,8.446278,66,499,-86.773547,2016-12-01
2/15/2017 9:27:55 AM,201512,Other UK Airports,STORNOWAY,9598,9554,0.46054,9408,9392,0.170358,190,162,17.283951,2016-12-01
2/15/2017 9:27:55 AM,201512,Other UK Airports,SUMBURGH,19920,21299,-6.474482,19920,20650,-3.535109,0,649,Null,2016-12-01
2/15/2017 9:27:55 AM,201512,Other UK Airports,TIREE,864,691,25.036179,807,655,23.206107,57,36,58.333333,2016-12-01
2/15/2017 9:27:55 AM,201512,Other UK Airports,WICK JOHN O GROATS,1503,1710,-12.105263,1501,1648,-8.919903,2,62,-96.774194,2016-12-01
03/08/2017 11:40,2016001,Other UK Airports,ABERDEEN,203983,205426,-0.702443,203983,205413,-0.696158,0,13,Null,2017-01-01
03/08/2017 11:40,2016001,Non UK Reporting Airports,ALDERNEY,2974,3306,-10.042347,2974,3306,-10.042347,0,0,Null,2017-01-01
03/08/2017 11:40,2016001,Other UK Airports,BARRA,807,583,38.421955,807,579,39.378238,0,4,Null,2017-01-01
03/08/2017 11:40,2016001,Other UK Airports,BELFAST CITY (GEORGE BEST),158993,161666,-1.653409,158993,161666,-1.653409,0,0,Null,2017-01-01
03/08/2017 11:40,2016001,Other UK Airports,BELFAST INTERNATIONAL,379352,284821,33.189617,379352,284750,33.222827,0,71,Null,2017-01-01
03/08/2017 11:40,2016001,Other UK Airports,BENBECULA,2058,2038,0.981354,2058,2038,0.981354,0,0,Null,2017-01-01
03/08/2017 11:40,2016001,Other UK Airports,BIGGIN HILL,69,0,Null,69,0,Null,0,0,Null,2017-01-01
03/08/2017 11:40,2016001,Other UK Airports,BIRMINGHAM,776646,667733,16.310861,776379,667680,16.280104,267,53,403.773585,2017-01-01
03/08/2017 11:40,2016001,Other UK Airports,BLACKPOOL,2235,2113,5.773781,2235,2113,5.773781,0,0,Null,2017-01-01
03/08/2017 11:40,2016001,Other UK Airports,BOURNEMOUTH,33006,28884,14.270877,33006,28884,14.270877,0,0,Null,2017-01-01
03/08/2017 11:40,2016001,Other UK Airports,BRISTOL,473900,408792,15.926926,473443,408454,15.910972,457,338,35.207101,2017-01-01
03/08/2017 11:40,2016001,Other UK Airports,CAMBRIDGE,0,263,Null,0,263,Null,0,0,Null,2017-01-01
03/08/2017 11:40,2016001,Other UK Airports,CAMPBELTOWN,560,450,24.444444,554,442,25.339367,6,8,-25,2017-01-01
03/08/2017 11:40,2016001,Other UK Airports,CARDIFF WALES,65590,59337,10.538113,65590,59337,10.538113,0,0,Null,2017-01-01
03/08/2017 11:40,2016001,Other UK Airports,CITY OF DERRY (EGLINTON),19692,20625,-4.523636,19692,20625,-4.523636,0,0,Null,2017-01-01
03/08/2017 11:40,2016001,Other UK Airports,DONCASTER SHEFFIELD,79683,57192,39.32543,79683,57042,39.691806,0,150,Null,2017-01-01
03/08/2017 11:40,2016001,Other UK Airports,DUNDEE,1360,1532,-11.227154,1360,1517,-10.349374,0,15,Null,2017-01-01
03/08/2017 11:40,2016001,Other UK Airports,DURHAM TEES VALLEY,9083,9968,-8.878411,9041,9949,-9.126545,42,19,121.052632,2017-01-01
03/08/2017 11:40,2016001,Other UK Airports,EAST MIDLANDS INTERNATIONAL,219000,191267,14.499626,219000,190834,14.759424,0,433,Null,2017-01-01
03/08/2017 11:40,2016001,Other UK Airports,EDINBURGH,781072,699441,11.670891,781072,699441,11.670891,0,0,Null,2017-01-01
03/08/2017 11:40,2016001,Other UK Airports,EXETER,45531,42527,7.063748,45531,42435,7.295864,0,92,Null,2017-01-01
03/08/2017 11:40,2016001,London Area Airports,GATWICK,2797942,2494501,12.164397,2797888,2494494,12.162547,54,7,671.428571,2017-01-01
03/08/2017 11:40,2016001,Other UK Airports,GLASGOW,597422,550162,8.590197,597301,549946,8.610845,121,216,-43.981481,2017-01-01
03/08/2017 11:40,2016001,Other UK Airports,GLOUCESTERSHIRE,643,657,-2.130898,643,657,-2.130898,0,0,Null,2017-01-01
03/08/2017 11:40,2016001,Non UK Reporting Airports,GUERNSEY,50458,54809,-7.938477,48016,52161,-7.94655,2442,2648,-7.779456,2017-01-01
03/08/2017 11:40,2016001,London Area Airports,HEATHROW,5742157,5508955,4.233144,5739190,5506617,4.223519,2967,2338,26.903336,2017-01-01
03/08/2017 11:40,2016001,Other UK Airports,HUMBERSIDE,13216,14641,-9.732942,13120,14460,-9.266943,96,181,-46.961326,2017-01-01
03/08/2017 11:40,2016001,Other UK Airports,INVERNESS,50110,41343,21.205525,50110,41174,21.703016,0,169,Null,2017-01-01
03/08/2017 11:40,2016001,Other UK Airports,ISLAY,1523,1356,12.315634,1498,1341,11.707681,25,15,66.666667,2017-01-01
03/08/2017 11:40,2016001,Non UK Reporting Airports,ISLE OF MAN,54046,51957,4.020632,54001,51909,4.03013,45,48,-6.25,2017-01-01
03/08/2017 11:40,2016001,Other UK Airports,ISLES OF SCILLY (ST.MARYS),2678,3018,-11.265739,2678,3018,-11.265739,0,0,Null,2017-01-01
03/08/2017 11:40,2016001,Non UK Reporting Airports,JERSEY,86617,84658,2.314016,85083,83139,2.338253,1534,1519,0.987492,2017-01-01
03/08/2017 11:40,2016001,Other UK Airports,KIRKWALL,9820,10116,-2.926058,9248,9386,-1.470275,572,730,-21.643836,2017-01-01
03/08/2017 11:40,2016001,Other UK Airports,LANDS END (ST JUST),2262,2462,-8.123477,2243,2456,-8.672638,19,6,216.666667,2017-01-01
03/08/2017 11:40,2016001,Other UK Airports,LEEDS BRADFORD,175255,150211,16.672547,175223,150188,16.669108,32,23,39.130435,2017-01-01
03/08/2017 11:40,2016001,Other UK Airports,LERWICK (TINGWALL),123,133,-7.518797,123,133,-7.518797,0,0,Null,2017-01-01
03/08/2017 11:40,2016001,Other UK Airports,LIVERPOOL (JOHN LENNON),317262,301792,5.126047,317121,301590,5.149707,141,202,-30.19802,2017-01-01
03/08/2017 11:40,2016001,London Area Airports,LONDON CITY,302508,297157,1.800732,302508,297157,1.800732,0,0,Null,2017-01-01
03/08/2017 11:40,2016001,London Area Airports,LUTON,996269,819245,21.608188,996269,819232,21.610118,0,13,Null,2017-01-01
03/08/2017 11:40,2016001,Other UK Airports,LYDD,4,8,-50,4,8,-50,0,0,Null,2017-01-01
03/08/2017 11:40,2016001,Other UK Airports,MANCHESTER,1671020,1417889,17.852667,1664792,1414994,17.653644,6228,2895,115.129534,2017-01-01
03/08/2017 11:40,2016001,Other UK Airports,NEWCASTLE,278297,231499,20.215206,278082,231428,20.159186,215,71,202.816901,2017-01-01
03/08/2017 11:40,2016001,Other UK Airports,NEWQUAY,17439,12142,43.625432,17439,12142,43.625432,0,0,Null,2017-01-01
03/08/2017 11:40,2016001,Other UK Airports,NORWICH,29785,27773,7.244446,29785,27773,7.244446,0,0,Null,2017-01-01
03/08/2017 11:40,2016001,Other UK Airports,OXFORD (KIDLINGTON),90,4,2150,90,4,2150,0,0,Null,2017-01-01
03/08/2017 11:40,2016001,Other UK Airports,PRESTWICK,24512,19640,24.806517,24498,19627,24.817853,14,13,7.692308,2017-01-01
03/08/2017 11:40,2016001,Other UK Airports,SCATSTA,11664,13409,-13.013648,11664,13409,-13.013648,0,0,Null,2017-01-01
03/08/2017 11:40,2016001,Other UK Airports,SHOREHAM,0,62,Null,0,62,Null,0,0,Null,2017-01-01
03/08/2017 11:40,2016001,Other UK Airports,SOUTHAMPTON,125181,108247,15.643852,125181,108246,15.64492,0,1,Null,2017-01-01
03/08/2017 11:40,2016001,London Area Airports,SOUTHEND,52571,55056,-4.513586,52571,55000,-4.416364,0,56,Null,2017-01-01
03/08/2017 11:40,2016001,London Area Airports,STANSTED,1746450,1662816,5.029661,1746450,1662106,5.074526,0,710,Null,2017-01-01
03/08/2017 11:40,2016001,Other UK Airports,STORNOWAY,8220,7907,3.958518,8044,7785,3.326911,176,122,44.262295,2017-01-01
03/08/2017 11:40,2016001,Other UK Airports,SUMBURGH,13245,14306,-7.416469,13245,13716,-3.433946,0,590,Null,2017-01-01
03/08/2017 11:40,2016001,Other UK Airports,TIREE,702,585,20,677,544,24.448529,25,41,-39.02439,2017-01-01
03/08/2017 11:40,2016001,Other UK Airports,WICK JOHN O GROATS,1328,1508,-11.93634,1316,1457,-9.677419,12,51,-76.470588,2017-01-01
4/21/2017 9:28:49 AM,2016002,Other UK Airports,ABERDEEN,208485,210915,-1.152123,208324,210915,-1.228457,161,0,Null,2017-02-01
4/21/2017 9:28:49 AM,2016002,Non UK Reporting Airports,ALDERNEY,2793,3390,-17.610619,2793,3390,-17.610619,0,0,Null,2017-02-01
4/21/2017 9:28:49 AM,2016002,Other UK Airports,BARRA,1090,783,39.208174,1090,783,39.208174,0,0,Null,2017-02-01
4/21/2017 9:28:49 AM,2016002,Other UK Airports,BELFAST CITY (GEORGE BEST),173253,189049,-8.355506,173253,189049,-8.355506,0,0,Null,2017-02-01
4/21/2017 9:28:49 AM,2016002,Other UK Airports,BELFAST INTERNATIONAL,401496,328332,22.283542,401496,328260,22.310364,0,72,Null,2017-02-01
4/21/2017 9:28:49 AM,2016002,Other UK Airports,BENBECULA,2322,2498,-7.045637,2322,2470,-5.991903,0,28,Null,2017-02-01
4/21/2017 9:28:49 AM,2016002,Other UK Airports,BIGGIN HILL,55,0,Null,55,0,Null,0,0,Null,2017-02-01
4/21/2017 9:28:49 AM,2016002,Other UK Airports,BIRMINGHAM,809239,724187,11.744480,807925,724066,11.581679,1314,121,985.950413,2017-02-01
4/21/2017 9:28:49 AM,2016002,Other UK Airports,BLACKPOOL,2386,2525,-5.504950,2386,2525,-5.504950,0,0,Null,2017-02-01
4/21/2017 9:28:49 AM,2016002,Other UK Airports,BOURNEMOUTH,33564,28408,18.149817,33564,27815,20.668704,0,593,Null,2017-02-01
4/21/2017 9:28:49 AM,2016002,Other UK Airports,BRISTOL,490003,437850,11.911157,489591,437478,11.912142,412,372,10.752688,2017-02-01
4/21/2017 9:28:49 AM,2016002,Other UK Airports,CAMBRIDGE,0,328,Null,0,328,Null,0,0,Null,2017-02-01
4/21/2017 9:28:49 AM,2016002,Other UK Airports,CAMPBELTOWN,500,509,-1.768173,494,466,6.008584,6,43,-86.046512,2017-02-01
4/21/2017 9:28:49 AM,2016002,Other UK Airports,CARDIFF WALES,71299,74882,-4.784862,71273,74624,-4.490512,26,258,-89.922481,2017-02-01
4/21/2017 9:28:49 AM,2016002,Other UK Airports,CITY OF DERRY (EGLINTON),20961,24607,-14.816922,20961,24607,-14.816922,0,0,Null,2017-02-01
4/21/2017 9:28:49 AM,2016002,Other UK Airports,DONCASTER SHEFFIELD,73288,55339,32.434630,73288,55277,32.583172,0,62,Null,2017-02-01
4/21/2017 9:28:49 AM,2016002,Other UK Airports,DUNDEE,1414,1637,-13.622480,1414,1637,-13.622480,0,0,Null,2017-02-01
4/21/2017 9:28:49 AM,2016002,Other UK Airports,DURHAM TEES VALLEY,9020,10891,-17.179322,8970,10795,-16.905975,50,96,-47.916667,2017-02-01
4/21/2017 9:28:49 AM,2016002,Other UK Airports,EAST MIDLANDS INTERNATIONAL,233041,204347,14.041801,232863,204347,13.954695,178,0,Null,2017-02-01
4/21/2017 9:28:49 AM,2016002,Other UK Airports,EDINBURGH,810527,769483,5.333971,810527,769334,5.354371,0,149,Null,2017-02-01
4/21/2017 9:28:49 AM,2016002,Other UK Airports,EXETER,50954,45692,11.516239,50954,45692,11.516239,0,0,Null,2017-02-01
4/21/2017 9:28:49 AM,2016002,London Area Airports,GATWICK,2959925,2691848,9.958846,2959505,2691632,9.952066,420,216,94.444444,2017-02-01
4/21/2017 9:28:49 AM,2016002,Other UK Airports,GLASGOW,603641,582628,3.606589,603472,582573,3.587362,169,55,207.272727,2017-02-01
4/21/2017 9:28:49 AM,2016002,Other UK Airports,GLOUCESTERSHIRE,601,745,-19.328859,601,745,-19.328859,0,0,Null,2017-02-01
4/21/2017 9:28:49 AM,2016002,Non UK Reporting Airports,GUERNSEY,51658,60728,-14.935450,49184,57643,-14.674809,2474,3085,-19.805511,2017-02-01
4/21/2017 9:28:49 AM,2016002,London Area Airports,HEATHROW,5268516,5181756,1.674336,5266321,5179340,1.679384,2195,2416,-9.147351,2017-02-01
4/21/2017 9:28:49 AM,2016002,Other UK Airports,HUMBERSIDE,12903,14557,-11.362231,12903,14500,-11.013793,0,57,Null,2017-02-01
4/21/2017 9:28:49 AM,2016002,Other UK Airports,INVERNESS,54963,45754,20.127202,54963,45601,20.530252,0,153,Null,2017-02-01
4/21/2017 9:28:49 AM,2016002,Other UK Airports,ISLAY,1734,1651,5.027256,1715,1609,6.587943,19,42,-54.761905,2017-02-01
4/21/2017 9:28:49 AM,2016002,Non UK Reporting Airports,ISLE OF MAN,59448,60175,-1.208143,59432,60146,-1.187111,16,29,-44.827586,2017-02-01
4/21/2017 9:28:49 AM,2016002,Other UK Airports,ISLES OF SCILLY (ST.MARYS),3142,3699,-15.058124,3142,3699,-15.058124,0,0,Null,2017-02-01
4/21/2017 9:28:49 AM,2016002,Non UK Reporting Airports,JERSEY,91998,99036,-7.106507,90355,97251,-7.090930,1643,1785,-7.955182,2017-02-01
4/21/2017 9:28:49 AM,2016002,Other UK Airports,KIRKWALL,11232,11353,-1.065798,10470,10517,-0.446896,762,836,-8.851675,2017-02-01
4/21/2017 9:28:49 AM,2016002,Other UK Airports,LANDS END (ST JUST),2605,3027,-13.941196,2592,3012,-13.944223,13,15,-13.333333,2017-02-01
4/21/2017 9:28:49 AM,2016002,Other UK Airports,LEEDS BRADFORD,202785,170603,18.863678,202747,170585,18.853944,38,18,111.111111,2017-02-01
4/21/2017 9:28:49 AM,2016002,Other UK Airports,LERWICK (TINGWALL),192,144,33.333333,192,144,33.333333,0,0,Null,2017-02-01
4/21/2017 9:28:49 AM,2016002,Other UK Airports,LIVERPOOL (JOHN LENNON),322299,331651,-2.819832,321213,331430,-3.082702,1086,221,391.402715,2017-02-01
4/21/2017 9:28:49 AM,2016002,London Area Airports,LONDON CITY,339953,343729,-1.098540,339953,343729,-1.098540,0,0,Null,2017-02-01
4/21/2017 9:28:49 AM,2016002,London Area Airports,LUTON,1060656,877568,20.863113,1060468,877566,20.841965,188,2,9300.000000,2017-02-01
4/21/2017 9:28:49 AM,2016002,Other UK Airports,LYDD,29,54,-46.296296,29,54,-46.296296,0,0,Null,2017-02-01
4/21/2017 9:28:49 AM,2016002,Other UK Airports,MANCHESTER,1666942,1494055,11.571662,1661972,1492291,11.370503,4970,1764,181.746032,2017-02-01
4/21/2017 9:28:49 AM,2016002,Other UK Airports,NEWCASTLE,285518,254359,12.250009,285425,254222,12.273918,93,137,-32.116788,2017-02-01
4/21/2017 9:28:49 AM,2016002,Other UK Airports,NEWQUAY,18516,14108,31.244684,18516,14108,31.244684,0,0,Null,2017-02-01
4/21/2017 9:28:49 AM,2016002,Other UK Airports,NORWICH,29932,27303,9.628979,29932,27303,9.628979,0,0,Null,2017-02-01
4/21/2017 9:28:49 AM,2016002,Other UK Airports,OXFORD (KIDLINGTON),0,1,Null,0,1,Null,0,0,Null,2017-02-01
4/21/2017 9:28:49 AM,2016002,Other UK Airports,PRESTWICK,23768,18123,31.148265,23758,17943,32.408181,10,180,-94.444444,2017-02-01
4/21/2017 9:28:49 AM,2016002,Other UK Airports,SCATSTA,12568,13442,-6.502009,12568,13442,-6.502009,0,0,Null,2017-02-01
4/21/2017 9:28:49 AM,2016002,Other UK Airports,SHOREHAM,0,46,Null,0,46,Null,0,0,Null,2017-02-01
4/21/2017 9:28:49 AM,2016002,Other UK Airports,SOUTHAMPTON,140023,121815,14.947256,140023,121741,15.017127,0,74,Null,2017-02-01
4/21/2017 9:28:49 AM,2016002,London Area Airports,SOUTHEND,60656,62416,-2.819790,60656,62416,-2.819790,0,0,Null,2017-02-01
4/21/2017 9:28:49 AM,2016002,London Area Airports,STANSTED,1652242,1689927,-2.229978,1652107,1689925,-2.237851,135,2,6650.000000,2017-02-01
4/21/2017 9:28:49 AM,2016002,Other UK Airports,STORNOWAY,9105,9136,-0.339317,8901,8953,-0.580811,204,183,11.475410,2017-02-01
4/21/2017 9:28:49 AM,2016002,Other UK Airports,SUMBURGH,14271,14365,-0.654368,14271,14302,-0.216753,0,63,Null,2017-02-01
4/21/2017 9:28:49 AM,2016002,Other UK Airports,TIREE,688,806,-14.640199,668,743,-10.094213,20,63,-68.253968,2017-02-01
4/21/2017 9:28:49 AM,2016002,Other UK Airports,WICK JOHN O GROATS,1339,1772,-24.435666,1339,1712,-21.787383,0,60,Null,2017-02-01
5/19/2017 11:08:30 AM,2016003,Other UK Airports,ABERDEEN,243674,236318,3.112755,243658,236318,3.105984,16,0,Null,2017-03-01
5/19/2017 11:08:30 AM,2016003,Non UK Reporting Airports,ALDERNEY,3667,4377,-16.221156,3667,4377,-16.221156,0,0,Null,2017-03-01
5/19/2017 11:08:30 AM,2016003,Other UK Airports,BARRA,1215,1030,17.961165,1215,1030,17.961165,0,0,Null,2017-03-01
5/19/2017 11:08:30 AM,2016003,Other UK Airports,BELFAST CITY (GEORGE BEST),196402,209386,-6.200988,196402,209386,-6.200988,0,0,Null,2017-03-01
5/19/2017 11:08:30 AM,2016003,Other UK Airports,BELFAST INTERNATIONAL,447334,370884,20.612914,447334,370884,20.612914,0,0,Null,2017-03-01
5/19/2017 11:08:30 AM,2016003,Other UK Airports,BENBECULA,2574,2561,0.507614,2574,2561,0.507614,0,0,Null,2017-03-01
5/19/2017 11:08:30 AM,2016003,Other UK Airports,BIGGIN HILL,22,0,Null,22,0,Null,0,0,Null,2017-03-01
5/19/2017 11:08:30 AM,2016003,Other UK Airports,BIRMINGHAM,904814,831174,8.859757,903946,830441,8.851321,868,733,18.417462,2017-03-01
5/19/2017 11:08:30 AM,2016003,Other UK Airports,BLACKPOOL,1792,2781,-35.562747,1792,2781,-35.562747,0,0,Null,2017-03-01
5/19/2017 11:08:30 AM,2016003,Other UK Airports,BOURNEMOUTH,41611,37191,11.884596,41611,37191,11.884596,0,0,Null,2017-03-01
5/19/2017 11:08:30 AM,2016003,Other UK Airports,BRISTOL,572949,511908,11.924213,572344,511153,11.971171,605,755,-19.867550,2017-03-01
5/19/2017 11:08:30 AM,2016003,Other UK Airports,CAMPBELTOWN,586,739,-20.703654,564,739,-23.680650,22,0,Null,2017-03-01
5/19/2017 11:08:30 AM,2016003,Other UK Airports,CARDIFF WALES,86897,79085,9.877979,86897,78229,11.080290,0,856,Null,2017-03-01
5/19/2017 11:08:30 AM,2016003,Other UK Airports,CITY OF DERRY (EGLINTON),19800,25590,-22.626026,19800,25590,-22.626026,0,0,Null,2017-03-01
5/19/2017 11:08:30 AM,2016003,Other UK Airports,DONCASTER SHEFFIELD,82701,76115,8.652697,82692,76115,8.640872,9,0,Null,2017-03-01
5/19/2017 11:08:30 AM,2016003,Other UK Airports,DUNDEE,1789,1623,10.227973,1789,1623,10.227973,0,0,Null,2017-03-01
5/19/2017 11:08:30 AM,2016003,Other UK Airports,DURHAM TEES VALLEY,10209,11957,-14.619052,10176,11933,-14.723875,33,24,37.500000,2017-03-01
5/19/2017 11:08:30 AM,2016003,Other UK Airports,EAST MIDLANDS INTERNATIONAL,277955,281902,-1.400132,277955,281902,-1.400132,0,0,Null,2017-03-01
5/19/2017 11:08:30 AM,2016003,Other UK Airports,EDINBURGH,963840,927127,3.959867,963840,927127,3.959867,0,0,Null,2017-03-01
5/19/2017 11:08:30 AM,2016003,Other UK Airports,EXETER,61476,54347,13.117559,61172,54347,12.558191,304,0,Null,2017-03-01
5/19/2017 11:08:30 AM,2016003,London Area Airports,GATWICK,3390836,3129350,8.355921,3390278,3128831,8.356060,558,519,7.514451,2017-03-01
5/19/2017 11:08:30 AM,2016003,Other UK Airports,GLASGOW,706047,660129,6.955913,705919,659487,7.040624,128,642,-80.062305,2017-03-01
5/19/2017 11:08:30 AM,2016003,Other UK Airports,GLOUCESTERSHIRE,184,868,-78.801843,184,868,-78.801843,0,0,Null,2017-03-01
5/19/2017 11:08:30 AM,2016003,Non UK Reporting Airports,GUERNSEY,60042,70707,-15.083372,57210,67255,-14.935693,2832,3452,-17.960603,2017-03-01
5/19/2017 11:08:30 AM,2016003,London Area Airports,HEATHROW,6157292,6102492,0.897994,6155823,6100214,0.911591,1469,2278,-35.513608,2017-03-01
5/19/2017 11:08:30 AM,2016003,Other UK Airports,HUMBERSIDE,15009,16125,-6.920930,15009,16095,-6.747437,0,30,Null,2017-03-01
5/19/2017 11:08:30 AM,2016003,Other UK Airports,INVERNESS,64564,52603,22.738247,64381,52501,22.628140,183,102,79.411765,2017-03-01
5/19/2017 11:08:30 AM,2016003,Other UK Airports,ISLAY,2583,2116,22.069943,2563,2094,22.397326,20,22,-9.090909,2017-03-01
5/19/2017 11:08:30 AM,2016003,Non UK Reporting Airports,ISLE OF MAN,65168,67031,-2.779311,65137,66985,-2.758827,31,46,-32.608696,2017-03-01
5/19/2017 11:08:30 AM,2016003,Other UK Airports,ISLES OF SCILLY (ST.MARYS),4506,5670,-20.529101,4506,5670,-20.529101,0,0,Null,2017-03-01
5/19/2017 11:08:30 AM,2016003,Non UK Reporting Airports,JERSEY,113762,119041,-4.434607,112186,117196,-4.274890,1576,1845,-14.579946,2017-03-01
5/19/2017 11:08:30 AM,2016003,Other UK Airports,KIRKWALL,13503,13040,3.550613,12549,12054,4.106521,954,986,-3.245436,2017-03-01
5/19/2017 11:08:30 AM,2016003,Other UK Airports,LANDS END (ST JUST),3355,4276,-21.538821,3302,4260,-22.488263,53,16,231.250000,2017-03-01
5/19/2017 11:08:30 AM,2016003,Other UK Airports,LEEDS BRADFORD,247694,221141,12.007271,247681,221067,12.038884,13,74,-82.432432,2017-03-01
5/19/2017 11:08:30 AM,2016003,Other UK Airports,LERWICK (TINGWALL),260,318,-18.238994,260,318,-18.238994,0,0,Null,2017-03-01
5/19/2017 11:08:30 AM,2016003,Other UK Airports,LIVERPOOL (JOHN LENNON),362180,377393,-4.031076,362137,377380,-4.039165,43,13,230.769231,2017-03-01
5/19/2017 11:08:30 AM,2016003,London Area Airports,LONDON CITY,403302,374989,7.550355,403302,374911,7.572731,0,78,Null,2017-03-01
5/19/2017 11:08:30 AM,2016003,London Area Airports,LUTON,1221776,1045137,16.901038,1221776,1044561,16.965500,0,576,Null,2017-03-01
5/19/2017 11:08:30 AM,2016003,Other UK Airports,LYDD,46,52,-11.538462,46,52,-11.538462,0,0,Null,2017-03-01
5/19/2017 11:08:30 AM,2016003,Other UK Airports,MANCHESTER,1920641,1747019,9.938186,1915496,1742469,9.929990,5145,4550,13.076923,2017-03-01
5/19/2017 11:08:30 AM,2016003,Other UK Airports,NEWCASTLE,331874,299249,10.902292,331614,298856,10.961132,260,393,-33.842239,2017-03-01
5/19/2017 11:08:30 AM,2016003,Other UK Airports,NEWQUAY,24405,18591,31.273197,24342,18564,31.124758,63,27,133.333333,2017-03-01
5/19/2017 11:08:30 AM,2016003,Other UK Airports,NORWICH,36672,33565,9.256666,36672,33565,9.256666,0,0,Null,2017-03-01
5/19/2017 11:08:30 AM,2016003,Other UK Airports,OXFORD (KIDLINGTON),0,8,Null,0,8,Null,0,0,Null,2017-03-01
5/19/2017 11:08:30 AM,2016003,Other UK Airports,PRESTWICK,33341,38984,-14.475169,33329,38601,-13.657677,12,383,-96.866841,2017-03-01
5/19/2017 11:08:30 AM,2016003,Other UK Airports,SCATSTA,15856,14525,9.163511,15856,14525,9.163511,0,0,Null,2017-03-01
5/19/2017 11:08:30 AM,2016003,Other UK Airports,SHOREHAM,0,57,Null,0,57,Null,0,0,Null,2017-03-01
5/19/2017 11:08:30 AM,2016003,Other UK Airports,SOUTHAMPTON,157499,146413,7.571732,157435,146413,7.528020,64,0,Null,2017-03-01
5/19/2017 11:08:30 AM,2016003,London Area Airports,SOUTHEND,66701,69170,-3.569467,66701,69088,-3.455014,0,82,Null,2017-03-01
5/19/2017 11:08:30 AM,2016003,London Area Airports,STANSTED,1882235,1892233,-0.528370,1881924,1892102,-0.537920,311,131,137.404580,2017-03-01
5/19/2017 11:08:30 AM,2016003,Other UK Airports,STORNOWAY,10458,10117,3.370564,10266,9931,3.373276,192,186,3.225806,2017-03-01
5/19/2017 11:08:30 AM,2016003,Other UK Airports,SUMBURGH,15899,17448,-8.877808,15899,17002,-6.487472,0,446,Null,2017-03-01
5/19/2017 11:08:30 AM,2016003,Other UK Airports,TIREE,899,822,9.367397,861,793,8.575032,38,29,31.034483,2017-03-01
5/19/2017 11:08:30 AM,2016003,Other UK Airports,WICK JOHN O GROATS,1653,1917,-13.771518,1653,1898,-12.908325,0,19,Null,2017-03-01
6/21/2017 2:53:06 PM,2016004,Other UK Airports,ABERDEEN,248554,234486,5.999505,248392,234486,5.930418,162,0,Null,2017-04-01
6/21/2017 2:53:06 PM,2016004,Non UK Reporting Airports,ALDERNEY,4629,4830,-4.161491,4629,4830,-4.161491,0,0,Null,2017-04-01
6/21/2017 2:53:06 PM,2016004,Other UK Airports,BARRA,1338,1167,14.652956,1338,1167,14.652956,0,0,Null,2017-04-01
6/21/2017 2:53:06 PM,2016004,Other UK Airports,BELFAST CITY (GEORGE BEST),217699,217080,0.285148,217699,217080,0.285148,0,0,Null,2017-04-01
6/21/2017 2:53:06 PM,2016004,Other UK Airports,BELFAST INTERNATIONAL,499007,395461,26.183619,499007,395461,26.183619,0,0,Null,2017-04-01
6/21/2017 2:53:06 PM,2016004,Other UK Airports,BENBECULA,2812,2418,16.294458,2788,2418,15.301902,24,0,Null,2017-04-01
6/21/2017 2:53:06 PM,2016004,Other UK Airports,BIGGIN HILL,9,104,-91.346154,9,104,-91.346154,0,0,Null,2017-04-01
6/21/2017 2:53:06 PM,2016004,Other UK Airports,BIRMINGHAM,1063571,873965,21.694919,1063293,873965,21.66311,278,0,Null,2017-04-01
6/21/2017 2:53:06 PM,2016004,Other UK Airports,BLACKPOOL,1504,2950,-49.016949,1504,2950,-49.016949,0,0,Null,2017-04-01
6/21/2017 2:53:06 PM,2016004,Other UK Airports,BOURNEMOUTH,63469,56224,12.885956,63469,56224,12.885956,0,0,Null,2017-04-01
6/21/2017 2:53:06 PM,2016004,Other UK Airports,BRISTOL,673997,600657,12.209963,673440,600071,12.22672,557,586,-4.948805,2017-04-01
6/21/2017 2:53:06 PM,2016004,Other UK Airports,CAMPBELTOWN,657,608,8.059211,657,604,8.774834,0,4,Null,2017-04-01
6/21/2017 2:53:06 PM,2016004,Other UK Airports,CARDIFF WALES,95780,80562,18.889799,95780,80350,19.203485,0,212,Null,2017-04-01
6/21/2017 2:53:06 PM,2016004,Other UK Airports,CITY OF DERRY (EGLINTON),10568,22407,-52.836167,10568,22407,-52.836167,0,0,Null,2017-04-01
6/21/2017 2:53:06 PM,2016004,Other UK Airports,DONCASTER SHEFFIELD,103062,93921,9.732648,103062,93921,9.732648,0,0,Null,2017-04-01
6/21/2017 2:53:06 PM,2016004,Other UK Airports,DUNDEE,1921,1733,10.84824,1921,1733,10.84824,0,0,Null,2017-04-01
6/21/2017 2:53:06 PM,2016004,Other UK Airports,DURHAM TEES VALLEY,10069,10845,-7.155371,9971,10845,-8.059013,98,0,Null,2017-04-01
6/21/2017 2:53:06 PM,2016004,Other UK Airports,EAST MIDLANDS INTERNATIONAL,404227,381198,6.041217,404227,380846,6.139227,0,352,Null,2017-04-01
6/21/2017 2:53:06 PM,2016004,Other UK Airports,EDINBURGH,1140823,1008329,13.139957,1140823,1008329,13.139957,0,0,Null,2017-04-01
6/21/2017 2:53:06 PM,2016004,Other UK Airports,EXETER,75665,61770,22.494739,75665,61770,22.494739,0,0,Null,2017-04-01
6/21/2017 2:53:06 PM,2016004,London Area Airports,GATWICK,3795636,3278300,15.780618,3795583,3278192,15.782816,53,108,-50.925926,2017-04-01
6/21/2017 2:53:06 PM,2016004,Other UK Airports,GLASGOW,785992,721349,8.961404,785719,721219,8.943192,273,130,110,2017-04-01
6/21/2017 2:53:06 PM,2016004,Other UK Airports,GLOUCESTERSHIRE,0,1036,Null,0,1036,Null,0,0,Null,2017-04-01
6/21/2017 2:53:06 PM,2016004,Non UK Reporting Airports,GUERNSEY,71125,72805,-2.307534,68498,70140,-2.341032,2627,2665,-1.425891,2017-04-01
6/21/2017 2:53:06 PM,2016004,London Area Airports,HEATHROW,6732994,6049356,11.301005,6731652,6046944,11.323207,1342,2412,-44.361526,2017-04-01
6/21/2017 2:53:06 PM,2016004,Other UK Airports,HUMBERSIDE,15310,15008,2.01226,15300,14995,2.034011,10,13,-23.076923,2017-04-01
6/21/2017 2:53:06 PM,2016004,Other UK Airports,INVERNESS,76965,60631,26.940014,76892,60631,26.819614,73,0,Null,2017-04-01
6/21/2017 2:53:06 PM,2016004,Other UK Airports,ISLAY,2695,2446,10.179886,2676,2411,10.99129,19,35,-45.714286,2017-04-01
6/21/2017 2:53:06 PM,2016004,Non UK Reporting Airports,ISLE OF MAN,63338,63879,-0.846914,63303,63817,-0.805428,35,62,-43.548387,2017-04-01
6/21/2017 2:53:06 PM,2016004,Other UK Airports,ISLES OF SCILLY (ST.MARYS),10755,9874,8.922423,10755,9874,8.922423,0,0,Null,2017-04-01
6/21/2017 2:53:06 PM,2016004,Non UK Reporting Airports,JERSEY,143292,129855,10.347696,141122,127776,10.444841,2170,2079,4.377104,2017-04-01
6/21/2017 2:53:06 PM,2016004,Other UK Airports,KIRKWALL,14042,12851,9.267761,12846,12003,7.023244,1196,848,41.037736,2017-04-01
6/21/2017 2:53:06 PM,2016004,Other UK Airports,LANDS END (ST JUST),7208,6809,5.859891,6951,6770,2.67356,257,39,558.974359,2017-04-01
6/21/2017 2:53:06 PM,2016004,Other UK Airports,LEEDS BRADFORD,331000,276967,19.508822,330975,276944,19.50972,25,23,8.695652,2017-04-01
6/21/2017 2:53:06 PM,2016004,Other UK Airports,LERWICK (TINGWALL),250,374,-33.15508,250,374,-33.15508,0,0,Null,2017-04-01
6/21/2017 2:53:06 PM,2016004,Other UK Airports,LIVERPOOL (JOHN LENNON),438601,409869,7.010045,438082,409869,6.883419,519,0,Null,2017-04-01
6/21/2017 2:53:06 PM,2016004,London Area Airports,LONDON CITY,359802,367421,-2.073643,359802,367421,-2.073643,0,0,Null,2017-04-01
6/21/2017 2:53:06 PM,2016004,London Area Airports,LUTON,1358471,1154395,17.678178,1358471,1154360,17.681746,0,35,Null,2017-04-01
6/21/2017 2:53:06 PM,2016004,Other UK Airports,LYDD,67,0,Null,67,0,Null,0,0,Null,2017-04-01
6/21/2017 2:53:06 PM,2016004,Other UK Airports,MANCHESTER,2247266,1922747,16.877884,2242804,1920187,16.801332,4462,2560,74.296875,2017-04-01
6/21/2017 2:53:06 PM,2016004,Other UK Airports,NEWCASTLE,404141,342573,17.972228,404024,342442,17.983191,117,131,-10.687023,2017-04-01
6/21/2017 2:53:06 PM,2016004,Other UK Airports,NEWQUAY,41795,30553,36.795077,41551,30422,36.582079,244,131,86.259542,2017-04-01
6/21/2017 2:53:06 PM,2016004,Other UK Airports,NORWICH,36838,36649,0.515703,36838,36649,0.515703,0,0,Null,2017-04-01
6/21/2017 2:53:06 PM,2016004,Other UK Airports,PRESTWICK,72435,67633,7.100084,72430,67623,7.108528,5,10,-50,2017-04-01
6/21/2017 2:53:06 PM,2016004,Other UK Airports,SCATSTA,13622,12047,13.073794,13622,12047,13.073794,0,0,Null,2017-04-01
6/21/2017 2:53:06 PM,2016004,Other UK Airports,SOUTHAMPTON,166198,145385,14.315782,166084,145382,14.239727,114,3,3700,2017-04-01
6/21/2017 2:53:06 PM,2016004,London Area Airports,SOUTHEND,87666,75873,15.543079,87666,75873,15.543079,0,0,Null,2017-04-01
6/21/2017 2:53:06 PM,2016004,London Area Airports,STANSTED,2187964,1961837,11.526289,2187508,1961837,11.503045,456,0,Null,2017-04-01
6/21/2017 2:53:06 PM,2016004,Other UK Airports,STORNOWAY,10590,9991,5.995396,10462,9850,6.213198,128,141,-9.219858,2017-04-01
6/21/2017 2:53:06 PM,2016004,Other UK Airports,SUMBURGH,17056,17921,-4.82674,17056,17906,-4.747012,0,15,Null,2017-04-01
6/21/2017 2:53:06 PM,2016004,Other UK Airports,TIREE,1070,971,10.195675,1050,927,13.268608,20,44,-54.545455,2017-04-01
6/21/2017 2:53:06 PM,2016004,Other UK Airports,WICK JOHN O GROATS,1334,1735,-23.112392,1324,1735,-23.688761,10,0,Null,2017-04-01
7/17/2017 11:03:26 AM,2016005,Other UK Airports,ABERDEEN,270283,247478,9.214961,270283,247478,9.214961,0,0,Null,2017-05-01
7/17/2017 11:03:26 AM,2016005,Non UK Reporting Airports,ALDERNEY,4903,4764,2.917716,4903,4764,2.917716,0,0,Null,2017-05-01
7/17/2017 11:03:26 AM,2016005,Other UK Airports,BARRA,1507,1277,18.010963,1507,1277,18.010963,0,0,Null,2017-05-01
7/17/2017 11:03:26 AM,2016005,Other UK Airports,BELFAST CITY (GEORGE BEST),221829,242996,-8.710843,221829,242996,-8.710843,0,0,Null,2017-05-01
7/17/2017 11:03:26 AM,2016005,Other UK Airports,BELFAST INTERNATIONAL,523527,440526,18.841340,523527,440526,18.841340,0,0,Null,2017-05-01
7/17/2017 11:03:26 AM,2016005,Other UK Airports,BENBECULA,2819,2771,1.732227,2819,2771,1.732227,0,0,Null,2017-05-01
7/17/2017 11:03:26 AM,2016005,Other UK Airports,BIGGIN HILL,60,69,-13.043478,60,69,-13.043478,0,0,Null,2017-05-01
7/17/2017 11:03:26 AM,2016005,Other UK Airports,BIRMINGHAM,1202880,1007564,19.384972,1202451,1006644,19.451464,429,920,-53.369565,2017-05-01
7/17/2017 11:03:26 AM,2016005,Other UK Airports,BLACKPOOL,1489,3215,-53.685848,1489,3215,-53.685848,0,0,Null,2017-05-01
7/17/2017 11:03:26 AM,2016005,Other UK Airports,BOURNEMOUTH,74263,71045,4.529524,74145,70994,4.438403,118,51,131.372549,2017-05-01
7/17/2017 11:03:26 AM,2016005,Other UK Airports,BRISTOL,776528,705820,10.017852,775882,705461,9.982267,646,359,79.944290,2017-05-01
7/17/2017 11:03:26 AM,2016005,Other UK Airports,CAMPBELTOWN,984,906,8.609272,984,906,8.609272,0,0,Null,2017-05-01
7/17/2017 11:03:26 AM,2016005,Other UK Airports,CARDIFF WALES,147369,134473,9.590029,147200,133981,9.866324,169,492,-65.650407,2017-05-01
7/17/2017 11:03:26 AM,2016005,Other UK Airports,CITY OF DERRY (EGLINTON),13852,23513,-41.087909,13852,23513,-41.087909,0,0,Null,2017-05-01
7/17/2017 11:03:26 AM,2016005,Other UK Airports,DONCASTER SHEFFIELD,126162,121303,4.005672,126162,121230,4.068300,0,73,Null,2017-05-01
7/17/2017 11:03:26 AM,2016005,Other UK Airports,DUNDEE,2201,2486,-11.464200,2201,2486,-11.464200,0,0,Null,2017-05-01
7/17/2017 11:03:26 AM,2016005,Other UK Airports,DURHAM TEES VALLEY,11005,11821,-6.902969,10922,11718,-6.792968,83,103,-19.417476,2017-05-01
7/17/2017 11:03:26 AM,2016005,Other UK Airports,EAST MIDLANDS INTERNATIONAL,502503,484572,3.700379,502503,484273,3.764406,0,299,Null,2017-05-01
7/17/2017 11:03:26 AM,2016005,Other UK Airports,EDINBURGH,1229704,1109212,10.862847,1229704,1108955,10.888539,0,257,Null,2017-05-01
7/17/2017 11:03:26 AM,2016005,Other UK Airports,EXETER,86731,80819,7.315112,86731,80819,7.315112,0,0,Null,2017-05-01
7/17/2017 11:03:26 AM,2016005,London Area Airports,GATWICK,4089293,3832146,6.710261,4089151,3832121,6.707252,142,25,468.000000,2017-05-01
7/17/2017 11:03:26 AM,2016005,Other UK Airports,GLASGOW,910843,828082,9.994300,910104,827885,9.931210,739,197,275.126904,2017-05-01
7/17/2017 11:03:26 AM,2016005,Other UK Airports,GLOUCESTERSHIRE,0,1081,Null,0,1081,Null,0,0,Null,2017-05-01
7/17/2017 11:03:26 AM,2016005,Non UK Reporting Airports,GUERNSEY,75712,76141,-0.563428,72766,73538,-1.049797,2946,2603,13.177103,2017-05-01
7/17/2017 11:03:26 AM,2016005,London Area Airports,HEATHROW,6477900,6296571,2.879806,6475765,6292660,2.909819,2135,3911,-45.410381,2017-05-01
7/17/2017 11:03:26 AM,2016005,Other UK Airports,HUMBERSIDE,17608,17672,-0.362155,17541,17672,-0.741286,67,0,Null,2017-05-01
7/17/2017 11:03:26 AM,2016005,Other UK Airports,INVERNESS,81522,70891,14.996262,81490,70746,15.186724,32,145,-77.931034,2017-05-01
7/17/2017 11:03:26 AM,2016005,Other UK Airports,ISLAY,3574,3051,17.141921,3552,3015,17.810945,22,36,-38.888889,2017-05-01
7/17/2017 11:03:26 AM,2016005,Non UK Reporting Airports,ISLE OF MAN,67791,67152,0.951573,67768,67081,1.024135,23,71,-67.605634,2017-05-01
7/17/2017 11:03:26 AM,2016005,Other UK Airports,ISLES OF SCILLY (ST.MARYS),9824,10171,-3.411661,9824,10171,-3.411661,0,0,Null,2017-05-01
7/17/2017 11:03:26 AM,2016005,Non UK Reporting Airports,JERSEY,151084,146484,3.140275,149082,144448,3.208075,2002,2036,-1.669941,2017-05-01
7/17/2017 11:03:26 AM,2016005,Other UK Airports,KIRKWALL,17107,15433,10.846887,15877,14486,9.602375,1230,947,29.883844,2017-05-01
7/17/2017 11:03:26 AM,2016005,Other UK Airports,LANDS END (ST JUST),5972,6130,-2.577488,5936,6071,-2.223686,36,59,-38.983051,2017-05-01
7/17/2017 11:03:26 AM,2016005,Other UK Airports,LEEDS BRADFORD,398154,348098,14.379859,398105,348043,14.383855,49,55,-10.909091,2017-05-01
7/17/2017 11:03:26 AM,2016005,Other UK Airports,LERWICK (TINGWALL),564,576,-2.083333,564,576,-2.083333,0,0,Null,2017-05-01
7/17/2017 11:03:26 AM,2016005,Other UK Airports,LIVERPOOL (JOHN LENNON),447703,440356,1.668423,447578,440106,1.697773,125,250,-50.000000,2017-05-01
7/17/2017 11:03:26 AM,2016005,London Area Airports,LONDON CITY,384855,381619,0.847966,384855,381619,0.847966,0,0,Null,2017-05-01
7/17/2017 11:03:26 AM,2016005,London Area Airports,LUTON,1464646,1336339,9.601381,1464646,1336339,9.601381,0,0,Null,2017-05-01
7/17/2017 11:03:26 AM,2016005,Other UK Airports,LYDD,108,0,Null,108,0,Null,0,0,Null,2017-05-01
7/17/2017 11:03:26 AM,2016005,Other UK Airports,MANCHESTER,2512442,2245675,11.879145,2506838,2243096,11.757945,5604,2579,117.293525,2017-05-01
7/17/2017 11:03:26 AM,2016005,Other UK Airports,NEWCASTLE,504878,446791,13.000933,504634,446629,12.987289,244,162,50.617284,2017-05-01
7/17/2017 11:03:26 AM,2016005,Other UK Airports,NEWQUAY,46617,37983,22.731222,46368,37828,22.575870,249,155,60.645161,2017-05-01
7/17/2017 11:03:26 AM,2016005,Other UK Airports,NORWICH,51985,48657,6.839715,51985,48657,6.839715,0,0,Null,2017-05-01
7/17/2017 11:03:26 AM,2016005,Other UK Airports,PRESTWICK,74411,74542,-0.175740,74403,74422,-0.025530,8,120,-93.333333,2017-05-01
7/17/2017 11:03:26 AM,2016005,Other UK Airports,SCATSTA,15447,12519,23.388450,15447,12519,23.388450,0,0,Null,2017-05-01
7/17/2017 11:03:26 AM,2016005,Other UK Airports,SOUTHAMPTON,176331,153629,14.777158,176331,153629,14.777158,0,0,Null,2017-05-01
7/17/2017 11:03:26 AM,2016005,London Area Airports,SOUTHEND,100239,77952,28.590671,100239,77952,28.590671,0,0,Null,2017-05-01
7/17/2017 11:03:26 AM,2016005,London Area Airports,STANSTED,2306315,2144491,7.546033,2306315,2144491,7.546033,0,0,Null,2017-05-01
7/17/2017 11:03:26 AM,2016005,Other UK Airports,STORNOWAY,11283,10572,6.725312,11125,10432,6.643021,158,140,12.857143,2017-05-01
7/17/2017 11:03:26 AM,2016005,Other UK Airports,SUMBURGH,19026,23290,-18.308287,19015,23257,-18.239670,11,33,-66.666667,2017-05-01
7/17/2017 11:03:26 AM,2016005,Other UK Airports,TIREE,1047,1130,-7.345133,985,1105,-10.859729,62,25,148.000000,2017-05-01
7/17/2017 11:03:26 AM,2016005,Other UK Airports,WICK JOHN O GROATS,1667,1886,-11.611877,1667,1886,-11.611877,0,0,Null,2017-05-01
9/7/2017 12:57:46 PM,2016006,Other UK Airports,ABERDEEN,286764,261215,9.780832,286764,261215,9.780832,0,0,Null,2017-06-01
9/7/2017 12:57:46 PM,2016006,Non UK Reporting Airports,ALDERNEY,5070,4805,5.515088,5070,4805,5.515088,0,0,Null,2017-06-01
9/7/2017 12:57:46 PM,2016006,Other UK Airports,BARRA,1536,1280,20.000000,1536,1280,20.000000,0,0,Null,2017-06-01
9/7/2017 12:57:46 PM,2016006,Other UK Airports,BELFAST CITY (GEORGE BEST),239438,253844,-5.675139,239438,253844,-5.675139,0,0,Null,2017-06-01
9/7/2017 12:57:46 PM,2016006,Other UK Airports,BELFAST INTERNATIONAL,565424,493631,14.543860,565424,493631,14.543860,0,0,Null,2017-06-01
9/7/2017 12:57:46 PM,2016006,Other UK Airports,BENBECULA,2867,3096,-7.396641,2867,3096,-7.396641,0,0,Null,2017-06-01
9/7/2017 12:57:46 PM,2016006,Other UK Airports,BIGGIN HILL,30,41,-26.829268,30,41,-26.829268,0,0,Null,2017-06-01
9/7/2017 12:57:46 PM,2016006,Other UK Airports,BIRMINGHAM,1302204,1119431,16.327313,1301755,1118023,16.433651,449,1408,-68.110795,2017-06-01
9/7/2017 12:57:46 PM,2016006,Other UK Airports,BLACKPOOL,2076,3786,-45.166403,2076,3786,-45.166403,0,0,Null,2017-06-01
9/7/2017 12:57:46 PM,2016006,Other UK Airports,BOURNEMOUTH,76168,81201,-6.198200,76168,80383,-5.243646,0,818,Null,2017-06-01
9/7/2017 12:57:46 PM,2016006,Other UK Airports,BRISTOL,852315,774168,10.094321,851706,773640,10.090740,609,528,15.340909,2017-06-01
9/7/2017 12:57:46 PM,2016006,Other UK Airports,CAMPBELTOWN,983,865,13.641618,976,823,18.590522,7,42,-83.333333,2017-06-01
9/7/2017 12:57:46 PM,2016006,Other UK Airports,CARDIFF WALES,184969,156228,18.396830,184969,155954,18.604845,0,274,Null,2017-06-01
9/7/2017 12:57:46 PM,2016006,Other UK Airports,CITY OF DERRY (EGLINTON),14343,24898,-42.392963,14343,24898,-42.392963,0,0,Null,2017-06-01
9/7/2017 12:57:46 PM,2016006,Other UK Airports,DONCASTER SHEFFIELD,140527,137255,2.383884,140527,137250,2.387614,0,5,Null,2017-06-01
9/7/2017 12:57:46 PM,2016006,Other UK Airports,DUNDEE,2017,4646,-56.586311,2017,4646,-56.586311,0,0,Null,2017-06-01
9/7/2017 12:57:46 PM,2016006,Other UK Airports,DURHAM TEES VALLEY,11552,12110,-4.607762,11474,11983,-4.247684,78,127,-38.582677,2017-06-01
9/7/2017 12:57:46 PM,2016006,Other UK Airports,EAST MIDLANDS INTERNATIONAL,559027,553437,1.010052,558830,552598,1.127764,197,839,-76.519666,2017-06-01
9/7/2017 12:57:46 PM,2016006,Other UK Airports,EDINBURGH,1302433,1171715,11.156126,1302433,1171715,11.156126,0,0,Null,2017-06-01
9/7/2017 12:57:46 PM,2016006,Other UK Airports,EXETER,92180,91062,1.227735,92180,91062,1.227735,0,0,Null,2017-06-01
9/7/2017 12:57:46 PM,2016006,London Area Airports,GATWICK,4401807,4151946,6.017925,4401626,4150946,6.039105,181,1000,-81.900000,2017-06-01
9/7/2017 12:57:46 PM,2016006,Other UK Airports,GLASGOW,999979,927466,7.818400,999979,927466,7.818400,0,0,Null,2017-06-01
9/7/2017 12:57:46 PM,2016006,Other UK Airports,GLOUCESTERSHIRE,60,1429,-95.801260,60,1429,-95.801260,0,0,Null,2017-06-01
9/7/2017 12:57:46 PM,2016006,Non UK Reporting Airports,GUERNSEY,78294,76942,1.757168,75329,74458,1.169787,2965,2484,19.363929,2017-06-01
9/7/2017 12:57:46 PM,2016006,London Area Airports,HEATHROW,6760362,6611080,2.258058,6758170,6607388,2.282021,2192,3692,-40.628386,2017-06-01
9/7/2017 12:57:46 PM,2016006,Other UK Airports,HUMBERSIDE,17895,19657,-8.963728,17895,19657,-8.963728,0,0,Null,2017-06-01
9/7/2017 12:57:46 PM,2016006,Other UK Airports,INVERNESS,86406,75862,13.898922,86393,75670,14.170741,13,192,-93.229167,2017-06-01
9/7/2017 12:57:46 PM,2016006,Other UK Airports,ISLAY,3591,2704,32.803254,3564,2646,34.693878,27,58,-53.448276,2017-06-01
9/7/2017 12:57:46 PM,2016006,Non UK Reporting Airports,ISLE OF MAN,84221,79935,5.361857,84207,79873,5.426114,14,62,-77.419355,2017-06-01
9/7/2017 12:57:46 PM,2016006,Other UK Airports,ISLES OF SCILLY (ST.MARYS),10852,9771,11.063351,10852,9771,11.063351,0,0,Null,2017-06-01
9/7/2017 12:57:46 PM,2016006,Non UK Reporting Airports,JERSEY,158727,154199,2.936465,156714,152314,2.888769,2013,1885,6.790451,2017-06-01
9/7/2017 12:57:46 PM,2016006,Other UK Airports,KIRKWALL,17538,16106,8.891096,16177,15175,6.602965,1361,931,46.186896,2017-06-01
9/7/2017 12:57:46 PM,2016006,Other UK Airports,LANDS END (ST JUST),5946,7796,-23.730118,5908,7692,-23.192928,38,104,-63.461538,2017-06-01
9/7/2017 12:57:46 PM,2016006,Other UK Airports,LEEDS BRADFORD,458239,402470,13.856685,458093,402421,13.834268,146,49,197.959184,2017-06-01
9/7/2017 12:57:46 PM,2016006,Other UK Airports,LERWICK (TINGWALL),488,669,-27.055306,488,669,-27.055306,0,0,Null,2017-06-01
9/7/2017 12:57:46 PM,2016006,Other UK Airports,LIVERPOOL (JOHN LENNON),451301,436624,3.361473,451275,436443,3.398382,26,181,-85.635359,2017-06-01
9/7/2017 12:57:46 PM,2016006,London Area Airports,LONDON CITY,410183,416488,-1.513849,410183,416488,-1.513849,0,0,Null,2017-06-01
9/7/2017 12:57:46 PM,2016006,London Area Airports,LUTON,1522106,1414347,7.618993,1522106,1413225,7.704435,0,1122,Null,2017-06-01
9/7/2017 12:57:46 PM,2016006,Other UK Airports,LYDD,80,0,Null,80,0,Null,0,0,Null,2017-06-01
9/7/2017 12:57:46 PM,2016006,Other UK Airports,MANCHESTER,2759979,2531110,9.042238,2755129,2528997,8.941569,4850,2113,129.531472,2017-06-01
9/7/2017 12:57:46 PM,2016006,Other UK Airports,NEWCASTLE,581808,524931,10.835138,581609,524556,10.876436,199,375,-46.933333,2017-06-01
9/7/2017 12:57:46 PM,2016006,Other UK Airports,NEWQUAY,51823,42559,21.767429,51692,42347,22.067679,131,212,-38.207547,2017-06-01
9/7/2017 12:57:46 PM,2016006,Other UK Airports,NORWICH,55774,52633,5.967739,55774,52633,5.967739,0,0,Null,2017-06-01
9/7/2017 12:57:46 PM,2016006,Other UK Airports,OXFORD (KIDLINGTON),0,48,Null,0,48,Null,0,0,Null,2017-06-01
9/7/2017 12:57:46 PM,2016006,Other UK Airports,PRESTWICK,78056,81528,-4.258660,78051,81509,-4.242476,5,19,-73.684211,2017-06-01
9/7/2017 12:57:46 PM,2016006,Other UK Airports,SCATSTA,14932,14393,3.744876,14932,14393,3.744876,0,0,Null,2017-06-01
9/7/2017 12:57:46 PM,2016006,Other UK Airports,SOUTHAMPTON,198455,181773,9.177381,198455,181773,9.177381,0,0,Null,2017-06-01
9/7/2017 12:57:46 PM,2016006,London Area Airports,SOUTHEND,107573,82746,30.003867,107573,82746,30.003867,0,0,Null,2017-06-01
9/7/2017 12:57:46 PM,2016006,London Area Airports,STANSTED,2363544,2189854,7.931579,2363544,2189854,7.931579,0,0,Null,2017-06-01
9/7/2017 12:57:46 PM,2016006,Other UK Airports,STORNOWAY,11704,11430,2.397200,11527,11188,3.030032,177,242,-26.859504,2017-06-01
9/7/2017 12:57:46 PM,2016006,Other UK Airports,SUMBURGH,20210,24475,-17.425945,20208,24414,-17.227820,2,61,-96.721311,2017-06-01
9/7/2017 12:57:46 PM,2016006,Other UK Airports,TIREE,1093,1108,-1.353791,1056,1063,-0.658514,37,45,-17.777778,2017-06-01
9/7/2017 12:57:46 PM,2016006,Other UK Airports,WICK JOHN O GROATS,1673,1729,-3.238866,1673,1729,-3.238866,0,0,Null,2017-06-01
9/21/2017 3:37:01 PM,2016007,Other UK Airports,ABERDEEN,296974,290513,2.223997,296943,290513,2.213326,31,0,Null,2017-07-01
9/21/2017 3:37:01 PM,2016007,Non UK Reporting Airports,ALDERNEY,5951,6444,-7.650528,5951,6444,-7.650528,0,0,Null,2017-07-01
9/21/2017 3:37:01 PM,2016007,Other UK Airports,BARRA,1595,1299,22.786759,1595,1299,22.786759,0,0,Null,2017-07-01
9/21/2017 3:37:01 PM,2016007,Other UK Airports,BELFAST CITY (GEORGE BEST),257035,269179,-4.511496,257035,269179,-4.511496,0,0,Null,2017-07-01
9/21/2017 3:37:01 PM,2016007,Other UK Airports,BELFAST INTERNATIONAL,609433,532661,14.412919,609433,532661,14.412919,0,0,Null,2017-07-01
9/21/2017 3:37:01 PM,2016007,Other UK Airports,BENBECULA,3381,2990,13.076923,3381,2990,13.076923,0,0,Null,2017-07-01
9/21/2017 3:37:01 PM,2016007,Other UK Airports,BIGGIN HILL,132,38,247.368421,132,38,247.368421,0,0,Null,2017-07-01
9/21/2017 3:37:01 PM,2016007,Other UK Airports,BIRMINGHAM,1436756,1222584,17.517978,1435875,1222161,17.486567,881,423,108.274232,2017-07-01
9/21/2017 3:37:01 PM,2016007,Other UK Airports,BLACKPOOL,1723,3155,-45.388273,1723,3155,-45.388273,0,0,Null,2017-07-01
9/21/2017 3:37:01 PM,2016007,Other UK Airports,BOURNEMOUTH,81376,80463,1.134683,81199,80293,1.128367,177,170,4.117647,2017-07-01
9/21/2017 3:37:01 PM,2016007,Other UK Airports,BRISTOL,875208,833071,5.058032,874472,832511,5.040294,736,560,31.428571,2017-07-01
9/21/2017 3:37:01 PM,2016007,Other UK Airports,CAMPBELTOWN,852,768,10.937500,852,768,10.937500,0,0,Null,2017-07-01
9/21/2017 3:37:01 PM,2016007,Other UK Airports,CARDIFF WALES,172002,163843,4.979767,171605,163843,4.737462,397,0,Null,2017-07-01
9/21/2017 3:37:01 PM,2016007,Other UK Airports,CITY OF DERRY (EGLINTON),16880,28840,-41.470180,16880,28840,-41.470180,0,0,Null,2017-07-01
9/21/2017 3:37:01 PM,2016007,Other UK Airports,DONCASTER SHEFFIELD,153444,149856,2.394299,153444,149856,2.394299,0,0,Null,2017-07-01
9/21/2017 3:37:01 PM,2016007,Other UK Airports,DUNDEE,1652,5014,-67.052254,1652,5014,-67.052254,0,0,Null,2017-07-01
9/21/2017 3:37:01 PM,2016007,Other UK Airports,DURHAM TEES VALLEY,11046,11779,-6.222939,10947,11709,-6.507815,99,70,41.428571,2017-07-01
9/21/2017 3:37:01 PM,2016007,Other UK Airports,EAST MIDLANDS INTERNATIONAL,588060,570941,2.998383,587883,570744,3.002923,177,197,-10.152284,2017-07-01
9/21/2017 3:37:01 PM,2016007,Other UK Airports,EDINBURGH,1411651,1329562,6.174139,1411440,1329562,6.158269,211,0,Null,2017-07-01
9/21/2017 3:37:01 PM,2016007,Other UK Airports,EXETER,97438,97318,0.123307,97438,97170,0.275805,0,148,Null,2017-07-01
9/21/2017 3:37:01 PM,2016007,London Area Airports,GATWICK,4751035,4621498,2.802922,4751035,4620907,2.816071,0,591,Null,2017-07-01
9/21/2017 3:37:01 PM,2016007,Other UK Airports,GLASGOW,1082273,1020983,6.003038,1082047,1020470,6.034180,226,513,-55.945419,2017-07-01
9/21/2017 3:37:01 PM,2016007,Other UK Airports,GLOUCESTERSHIRE,0,1217,Null,0,1199,Null,0,18,Null,2017-07-01
9/21/2017 3:37:01 PM,2016007,Non UK Reporting Airports,GUERNSEY,85313,85636,-0.377178,82259,82886,-0.756461,3054,2750,11.054545,2017-07-01
9/21/2017 3:37:01 PM,2016007,London Area Airports,HEATHROW,7534992,7445994,1.195247,7532136,7443107,1.196127,2856,2887,-1.073779,2017-07-01
9/21/2017 3:37:01 PM,2016007,Other UK Airports,HUMBERSIDE,18257,19119,-4.508604,18248,19083,-4.375622,9,36,-75.000000,2017-07-01
9/21/2017 3:37:01 PM,2016007,Other UK Airports,INVERNESS,91975,82886,10.965664,91896,82885,10.871690,79,1,7800.000000,2017-07-01
9/21/2017 3:37:01 PM,2016007,Other UK Airports,ISLAY,3247,2800,15.964286,3224,2782,15.887850,23,18,27.777778,2017-07-01
9/21/2017 3:37:01 PM,2016007,Non UK Reporting Airports,ISLE OF MAN,69345,67309,3.024856,69302,67124,3.244741,43,185,-76.756757,2017-07-01
9/21/2017 3:37:01 PM,2016007,Other UK Airports,ISLES OF SCILLY (ST.MARYS),11284,12659,-10.861837,11284,12659,-10.861837,0,0,Null,2017-07-01
9/21/2017 3:37:01 PM,2016007,Non UK Reporting Airports,JERSEY,177440,180750,-1.831259,175175,178592,-1.913300,2265,2158,4.958295,2017-07-01
9/21/2017 3:37:01 PM,2016007,Other UK Airports,KIRKWALL,17901,15625,14.566400,16598,14671,13.134756,1303,954,36.582809,2017-07-01
9/21/2017 3:37:01 PM,2016007,Other UK Airports,LANDS END (ST JUST),6361,7389,-13.912573,6311,7317,-13.748804,50,72,-30.555556,2017-07-01
9/21/2017 3:37:01 PM,2016007,Other UK Airports,LEEDS BRADFORD,503330,442470,13.754605,503195,442412,13.739003,135,58,132.758621,2017-07-01
9/21/2017 3:37:01 PM,2016007,Other UK Airports,LERWICK (TINGWALL),593,446,32.959641,593,446,32.959641,0,0,Null,2017-07-01
9/21/2017 3:37:01 PM,2016007,Other UK Airports,LIVERPOOL (JOHN LENNON),492696,478322,3.005089,492160,478164,2.927029,536,158,239.240506,2017-07-01
9/21/2017 3:37:01 PM,2016007,London Area Airports,LONDON CITY,409488,423348,-3.273902,409488,423348,-3.273902,0,0,Null,2017-07-01
9/21/2017 3:37:01 PM,2016007,London Area Airports,LUTON,1641751,1544114,6.323173,1641348,1544106,6.297625,403,8,4937.500000,2017-07-01
9/21/2017 3:37:01 PM,2016007,Other UK Airports,LYDD,136,0,Null,136,0,Null,0,0,Null,2017-07-01
9/21/2017 3:37:01 PM,2016007,Other UK Airports,MANCHESTER,3033003,2821307,7.503473,3029332,2818829,7.467746,3671,2478,48.143664,2017-07-01
9/21/2017 3:37:01 PM,2016007,Other UK Airports,NEWCASTLE,612869,568094,7.881618,612681,567859,7.893157,188,235,-20.000000,2017-07-01
9/21/2017 3:37:01 PM,2016007,Other UK Airports,NEWQUAY,61935,50288,23.160595,61783,50126,23.255396,152,162,-6.172840,2017-07-01
9/21/2017 3:37:01 PM,2016007,Other UK Airports,NORWICH,58051,55002,5.543435,58051,55002,5.543435,0,0,Null,2017-07-01
9/21/2017 3:37:01 PM,2016007,Other UK Airports,PRESTWICK,94145,98392,-4.316408,94136,98038,-3.980089,9,354,-97.457627,2017-07-01
9/21/2017 3:37:01 PM,2016007,Other UK Airports,SCATSTA,14688,12201,20.383575,14688,12201,20.383575,0,0,Null,2017-07-01
9/21/2017 3:37:01 PM,2016007,Other UK Airports,SOUTHAMPTON,218755,206717,5.823420,218720,206691,5.819799,35,26,34.615385,2017-07-01
9/21/2017 3:37:01 PM,2016007,London Area Airports,SOUTHEND,120249,89504,34.350420,119901,89504,33.961611,348,0,Null,2017-07-01
9/21/2017 3:37:01 PM,2016007,London Area Airports,STANSTED,2583111,2336529,10.553346,2582181,2335762,10.549833,930,767,21.251630,2017-07-01
9/21/2017 3:37:01 PM,2016007,Other UK Airports,STORNOWAY,11882,11261,5.514608,11696,11136,5.028736,186,125,48.800000,2017-07-01
9/21/2017 3:37:01 PM,2016007,Other UK Airports,SUMBURGH,27049,25622,5.569433,27047,25551,5.854957,2,71,-97.183099,2017-07-01
9/21/2017 3:37:01 PM,2016007,Other UK Airports,TIREE,1737,1405,23.629893,1710,1392,22.844828,27,13,107.692308,2017-07-01
9/21/2017 3:37:01 PM,2016007,Other UK Airports,WICK JOHN O GROATS,1562,1722,-9.291521,1562,1722,-9.291521,0,0,Null,2017-07-01
11/1/2017 2:14:23 PM,2016008,Other UK Airports,ABERDEEN,289102,279752,3.342246,289102,279752,3.342246,0,0,Null,2017-08-01
11/1/2017 2:14:23 PM,2016008,Non UK Reporting Airports,ALDERNEY,7646,7648,-0.026151,7646,7648,-0.026151,0,0,Null,2017-08-01
11/1/2017 2:14:23 PM,2016008,Other UK Airports,BARRA,1649,1334,23.613193,1649,1334,23.613193,0,0,Null,2017-08-01
11/1/2017 2:14:23 PM,2016008,Other UK Airports,BELFAST CITY (GEORGE BEST),264928,278217,-4.776487,264928,278217,-4.776487,0,0,Null,2017-08-01
11/1/2017 2:14:23 PM,2016008,Other UK Airports,BELFAST INTERNATIONAL,592045,533940,10.882309,592045,533940,10.882309,0,0,Null,2017-08-01
11/1/2017 2:14:23 PM,2016008,Other UK Airports,BENBECULA,3126,3077,1.592460,3126,3077,1.592460,0,0,Null,2017-08-01
11/1/2017 2:14:23 PM,2016008,Other UK Airports,BIGGIN HILL,355,82,332.926829,355,82,332.926829,0,0,Null,2017-08-01
11/1/2017 2:14:23 PM,2016008,Other UK Airports,BIRMINGHAM,1496213,1287524,16.208552,1495578,1287152,16.192804,635,372,70.698925,2017-08-01
11/1/2017 2:14:23 PM,2016008,Other UK Airports,BLACKPOOL,1754,3626,-51.627137,1754,3626,-51.627137,0,0,Null,2017-08-01
11/1/2017 2:14:23 PM,2016008,Other UK Airports,BOURNEMOUTH,85866,83784,2.484961,85866,83784,2.484961,0,0,Null,2017-08-01
11/1/2017 2:14:23 PM,2016008,Other UK Airports,BRISTOL,905188,856728,5.656404,905050,856140,5.712851,138,588,-76.530612,2017-08-01
11/1/2017 2:14:23 PM,2016008,Other UK Airports,CAMPBELTOWN,1001,905,10.607735,1001,905,10.607735,0,0,Null,2017-08-01
11/1/2017 2:14:23 PM,2016008,Other UK Airports,CARDIFF WALES,182179,169365,7.565908,182179,169365,7.565908,0,0,Null,2017-08-01
11/1/2017 2:14:23 PM,2016008,Other UK Airports,CITY OF DERRY (EGLINTON),16155,28803,-43.912092,16155,28803,-43.912092,0,0,Null,2017-08-01
11/1/2017 2:14:23 PM,2016008,Other UK Airports,DONCASTER SHEFFIELD,165539,153736,7.677447,165539,153736,7.677447,0,0,Null,2017-08-01
11/1/2017 2:14:23 PM,2016008,Other UK Airports,DUNDEE,1816,5195,-65.043311,1816,5195,-65.043311,0,0,Null,2017-08-01
11/1/2017 2:14:23 PM,2016008,Other UK Airports,DURHAM TEES VALLEY,11375,11304,0.628096,11338,11220,1.051693,37,84,-55.952381,2017-08-01
11/1/2017 2:14:23 PM,2016008,Other UK Airports,EAST MIDLANDS INTERNATIONAL,613008,596117,2.833504,612609,595792,2.822629,399,325,22.769231,2017-08-01
11/1/2017 2:14:23 PM,2016008,Other UK Airports,EDINBURGH,1401604,1293777,8.334280,1401457,1293584,8.339080,147,193,-23.834197,2017-08-01
11/1/2017 2:14:23 PM,2016008,Other UK Airports,EXETER,101673,101290,0.378122,101487,101290,0.194491,186,0,Null,2017-08-01
11/1/2017 2:14:23 PM,2016008,London Area Airports,GATWICK,4908937,4789067,2.502993,4908937,4789067,2.502993,0,0,Null,2017-08-01
11/1/2017 2:14:23 PM,2016008,Other UK Airports,GLASGOW,1008868,943746,6.900374,1008868,943237,6.958060,0,509,Null,2017-08-01
11/1/2017 2:14:23 PM,2016008,Other UK Airports,GLOUCESTERSHIRE,0,1317,Null,0,1307,Null,0,10,Null,2017-08-01
11/1/2017 2:14:23 PM,2016008,Non UK Reporting Airports,GUERNSEY,87786,90179,-2.653611,84390,87212,-3.235793,3396,2967,14.459050,2017-08-01
11/1/2017 2:14:23 PM,2016008,London Area Airports,HEATHROW,7482399,7343916,1.885683,7480285,7338852,1.927182,2114,5064,-58.254344,2017-08-01
11/1/2017 2:14:23 PM,2016008,Other UK Airports,HUMBERSIDE,19352,19631,-1.421222,19304,19624,-1.630656,48,7,585.714286,2017-08-01
11/1/2017 2:14:23 PM,2016008,Other UK Airports,INVERNESS,89557,81668,9.659842,89508,81668,9.599843,49,0,Null,2017-08-01
11/1/2017 2:14:23 PM,2016008,Other UK Airports,ISLAY,3657,2805,30.374332,3635,2767,31.369714,22,38,-42.105263,2017-08-01
11/1/2017 2:14:23 PM,2016008,Non UK Reporting Airports,ISLE OF MAN,71336,71291,0.063122,71304,71192,0.157321,32,99,-67.676768,2017-08-01
11/1/2017 2:14:23 PM,2016008,Other UK Airports,ISLES OF SCILLY (ST.MARYS),14259,13909,2.516356,14259,13909,2.516356,0,0,Null,2017-08-01
11/1/2017 2:14:23 PM,2016008,Non UK Reporting Airports,JERSEY,183860,185612,-0.943904,181561,183285,-0.940612,2299,2327,-1.203266,2017-08-01
11/1/2017 2:14:23 PM,2016008,Other UK Airports,KIRKWALL,17153,15327,11.913616,15729,14513,8.378695,1424,814,74.938575,2017-08-01
11/1/2017 2:14:23 PM,2016008,Other UK Airports,LANDS END (ST JUST),8413,8385,0.333930,8380,8327,0.636484,33,58,-43.103448,2017-08-01
11/1/2017 2:14:23 PM,2016008,Other UK Airports,LEEDS BRADFORD,524803,455485,15.218503,524595,455453,15.180930,208,32,550.000000,2017-08-01
11/1/2017 2:14:23 PM,2016008,Other UK Airports,LERWICK (TINGWALL),667,493,35.294118,667,493,35.294118,0,0,Null,2017-08-01
11/1/2017 2:14:23 PM,2016008,Other UK Airports,LIVERPOOL (JOHN LENNON),511239,497426,2.776895,510311,497424,2.590748,928,2,46300.000000,2017-08-01
11/1/2017 2:14:23 PM,2016008,London Area Airports,LONDON CITY,396122,405045,-2.202965,396122,405045,-2.202965,0,0,Null,2017-08-01
11/1/2017 2:14:23 PM,2016008,London Area Airports,LUTON,1705512,1597640,6.751959,1705378,1596909,6.792435,134,731,-81.668947,2017-08-01
11/1/2017 2:14:23 PM,2016008,Other UK Airports,LYDD,202,155,30.322581,202,155,30.322581,0,0,Null,2017-08-01
11/1/2017 2:14:23 PM,2016008,Other UK Airports,MANCHESTER,3169167,2936417,7.926327,3165031,2933415,7.895780,4136,3002,37.774817,2017-08-01
11/1/2017 2:14:23 PM,2016008,Other UK Airports,NEWCASTLE,618084,576177,7.273286,617670,575687,7.292678,414,490,-15.510204,2017-08-01
11/1/2017 2:14:23 PM,2016008,Other UK Airports,NEWQUAY,62364,48005,29.911468,62196,47837,30.016514,168,168,(None),2017-08-01
11/1/2017 2:14:23 PM,2016008,Other UK Airports,NORWICH,56767,55191,2.855538,56767,55191,2.855538,0,0,Null,2017-08-01
11/1/2017 2:14:23 PM,2016008,Other UK Airports,PRESTWICK,88727,77954,13.819689,88722,77745,14.119236,5,209,-97.607656,2017-08-01
11/1/2017 2:14:23 PM,2016008,Other UK Airports,SCATSTA,14743,13727,7.401472,14743,13727,7.401472,0,0,Null,2017-08-01
11/1/2017 2:14:23 PM,2016008,Other UK Airports,SOUTHAMPTON,224822,218792,2.756042,224822,218792,2.756042,0,0,Null,2017-08-01
11/1/2017 2:14:23 PM,2016008,London Area Airports,SOUTHEND,128851,90480,42.408267,128546,90480,42.071176,305,0,Null,2017-08-01
11/1/2017 2:14:23 PM,2016008,London Area Airports,STANSTED,2743780,2494709,9.983970,2743780,2494709,9.983970,0,0,Null,2017-08-01
11/1/2017 2:14:23 PM,2016008,Other UK Airports,STORNOWAY,12109,11902,1.739203,11944,11739,1.746316,165,163,1.226994,2017-08-01
11/1/2017 2:14:23 PM,2016008,Other UK Airports,SUMBURGH,33983,25181,34.954926,33973,25103,35.334422,10,78,-87.179487,2017-08-01
11/1/2017 2:14:23 PM,2016008,Other UK Airports,TIREE,1540,1225,25.714286,1525,1186,28.583474,15,39,-61.538462,2017-08-01
11/1/2017 2:14:23 PM,2016008,Other UK Airports,WICK JOHN O GROATS,1621,1568,3.380102,1621,1568,3.380102,0,0,Null,2017-08-01
11/24/2017 12:26:46 PM,2016009,Other UK Airports,ABERDEEN,280601,270027,3.915905,280601,270027,3.915905,0,0,Null,2017-09-01
11/24/2017 12:26:46 PM,2016009,Non UK Reporting Airports,ALDERNEY,5828,5870,-0.715503,5828,5870,-0.715503,0,0,Null,2017-09-01
11/24/2017 12:26:46 PM,2016009,Other UK Airports,BARRA,1409,1271,10.857592,1409,1271,10.857592,0,0,Null,2017-09-01
11/24/2017 12:26:46 PM,2016009,Other UK Airports,BELFAST CITY (GEORGE BEST),227671,244550,-6.902065,227671,244550,-6.902065,0,0,Null,2017-09-01
11/24/2017 12:26:46 PM,2016009,Other UK Airports,BELFAST INTERNATIONAL,535076,488356,9.566791,535076,488356,9.566791,0,0,Null,2017-09-01
11/24/2017 12:26:46 PM,2016009,Other UK Airports,BENBECULA,3004,2889,3.980616,3004,2889,3.980616,0,0,Null,2017-09-01
11/24/2017 12:26:46 PM,2016009,Other UK Airports,BIGGIN HILL,249,148,68.243243,249,148,68.243243,0,0,Null,2017-09-01
11/24/2017 12:26:46 PM,2016009,Other UK Airports,BIRMINGHAM,1362559,1208581,12.740396,1361024,1208286,12.640881,1535,295,420.338983,2017-09-01
11/24/2017 12:26:46 PM,2016009,Other UK Airports,BLACKPOOL,2314,3448,-32.888631,2314,3448,-32.888631,0,0,Null,2017-09-01
11/24/2017 12:26:46 PM,2016009,Other UK Airports,BOURNEMOUTH,78067,72106,8.266996,78067,71976,8.462543,0,130,Null,2017-09-01
11/24/2017 12:26:46 PM,2016009,Other UK Airports,BRISTOL,842354,784705,7.346582,841865,784073,7.370742,489,632,-22.626582,2017-09-01
11/24/2017 12:26:46 PM,2016009,Other UK Airports,CAMPBELTOWN,809,839,-3.575685,804,839,-4.171633,5,0,Null,2017-09-01
11/24/2017 12:26:46 PM,2016009,Other UK Airports,CARDIFF WALES,166463,154721,7.589144,166463,154721,7.589144,0,0,Null,2017-09-01
11/24/2017 12:26:46 PM,2016009,Other UK Airports,CITY OF DERRY (EGLINTON),14345,25504,-43.753921,14345,25504,-43.753921,0,0,Null,2017-09-01
11/24/2017 12:26:46 PM,2016009,Other UK Airports,DONCASTER SHEFFIELD,144425,135812,6.341855,144425,135812,6.341855,0,0,Null,2017-09-01
11/24/2017 12:26:46 PM,2016009,Other UK Airports,DUNDEE,1948,4995,-61.001001,1948,4995,-61.001001,0,0,Null,2017-09-01
11/24/2017 12:26:46 PM,2016009,Other UK Airports,DURHAM TEES VALLEY,10466,11837,-11.582327,10361,11690,-11.368691,105,147,-28.571429,2017-09-01
11/24/2017 12:26:46 PM,2016009,Other UK Airports,EAST MIDLANDS INTERNATIONAL,553958,538775,2.818059,553673,538775,2.765162,285,0,Null,2017-09-01
11/24/2017 12:26:46 PM,2016009,Other UK Airports,EDINBURGH,1285344,1189853,8.025445,1284992,1189853,7.995862,352,0,Null,2017-09-01
11/24/2017 12:26:46 PM,2016009,Other UK Airports,EXETER,90247,89742,0.562724,90247,89742,0.562724,0,0,Null,2017-09-01
11/24/2017 12:26:46 PM,2016009,London Area Airports,GATWICK,4464456,4327794,3.157775,4463304,4326467,3.162788,1152,1327,-13.187641,2017-09-01
11/24/2017 12:26:46 PM,2016009,Other UK Airports,GLASGOW,973696,933957,4.254907,972873,933698,4.195682,823,259,217.760618,2017-09-01
11/24/2017 12:26:46 PM,2016009,Other UK Airports,GLOUCESTERSHIRE,0,1288,Null,0,1282,Null,0,6,Null,2017-09-01
11/24/2017 12:26:46 PM,2016009,Non UK Reporting Airports,GUERNSEY,82021,82699,-0.819841,79141,79858,-0.897844,2880,2841,1.372756,2017-09-01
11/24/2017 12:26:46 PM,2016009,London Area Airports,HEATHROW,6930203,6797770,1.948183,6928540,6792603,2.001250,1663,5167,-67.814980,2017-09-01
11/24/2017 12:26:46 PM,2016009,Other UK Airports,HUMBERSIDE,18470,20641,-10.517901,18459,20641,-10.571193,11,0,Null,2017-09-01
11/24/2017 12:26:46 PM,2016009,Other UK Airports,INVERNESS,83254,76539,8.773305,83235,76529,8.762691,19,10,90.000000,2017-09-01
11/24/2017 12:26:46 PM,2016009,Other UK Airports,ISLAY,3203,2912,9.993132,3177,2885,10.121317,26,27,-3.703704,2017-09-01
11/24/2017 12:26:46 PM,2016009,Non UK Reporting Airports,ISLE OF MAN,67312,66452,1.294167,67310,66366,1.422415,2,86,-97.674419,2017-09-01
11/24/2017 12:26:46 PM,2016009,Other UK Airports,ISLES OF SCILLY (ST.MARYS),11543,11340,1.790123,11543,11340,1.790123,0,0,Null,2017-09-01
11/24/2017 12:26:46 PM,2016009,Non UK Reporting Airports,JERSEY,163879,162151,1.065673,161575,160166,0.879712,2304,1985,16.070529,2017-09-01
11/24/2017 12:26:46 PM,2016009,Other UK Airports,KIRKWALL,16299,14392,13.250417,15109,13516,11.786031,1190,876,35.844749,2017-09-01
11/24/2017 12:26:46 PM,2016009,Other UK Airports,LANDS END (ST JUST),7191,6977,3.067221,7180,6898,4.088141,11,79,-86.075949,2017-09-01
11/24/2017 12:26:46 PM,2016009,Other UK Airports,LEEDS BRADFORD,463637,410217,13.022376,463069,409998,12.944209,568,219,159.360731,2017-09-01
11/24/2017 12:26:46 PM,2016009,Other UK Airports,LERWICK (TINGWALL),396,436,-9.174312,396,436,-9.174312,0,0,Null,2017-09-01
11/24/2017 12:26:46 PM,2016009,Other UK Airports,LIVERPOOL (JOHN LENNON),452370,430871,4.989660,451379,430768,4.784710,991,103,862.135922,2017-09-01
11/24/2017 12:26:46 PM,2016009,London Area Airports,LONDON CITY,396789,409026,-2.991741,396789,409026,-2.991741,0,0,Null,2017-09-01
11/24/2017 12:26:46 PM,2016009,London Area Airports,LUTON,1505780,1420648,5.992477,1505780,1420435,6.008371,0,213,Null,2017-09-01
11/24/2017 12:26:46 PM,2016009,Other UK Airports,LYDD,94,88,6.818182,94,88,6.818182,0,0,Null,2017-09-01
11/24/2017 12:26:46 PM,2016009,Other UK Airports,MANCHESTER,2870844,2672335,7.428298,2867212,2670483,7.366795,3632,1852,96.112311,2017-09-01
11/24/2017 12:26:46 PM,2016009,Other UK Airports,NEWCASTLE,579847,528660,9.682405,579759,528357,9.728649,88,303,-70.957096,2017-09-01
11/24/2017 12:26:46 PM,2016009,Other UK Airports,NEWQUAY,50301,41243,21.962515,50106,41042,22.084694,195,201,-2.985075,2017-09-01
11/24/2017 12:26:46 PM,2016009,Other UK Airports,NORWICH,54702,54605,0.177639,54702,54605,0.177639,0,0,Null,2017-09-01
11/24/2017 12:26:46 PM,2016009,Other UK Airports,PRESTWICK,80997,75715,6.976161,80991,75695,6.996499,6,20,-70.000000,2017-09-01
11/24/2017 12:26:46 PM,2016009,Other UK Airports,SCATSTA,12709,13749,-7.564186,12709,13749,-7.564186,0,0,Null,2017-09-01
11/24/2017 12:26:46 PM,2016009,Other UK Airports,SOUTHAMPTON,191947,192251,-0.158127,191855,192251,-0.205981,92,0,Null,2017-09-01
11/24/2017 12:26:46 PM,2016009,London Area Airports,SOUTHEND,109999,81775,34.514216,109999,81775,34.514216,0,0,Null,2017-09-01
11/24/2017 12:26:46 PM,2016009,London Area Airports,STANSTED,2459451,2184426,12.590264,2459451,2184426,12.590264,0,0,Null,2017-09-01
11/24/2017 12:26:46 PM,2016009,Other UK Airports,STORNOWAY,12468,11945,4.378401,12253,11734,4.423044,215,211,1.895735,2017-09-01
11/24/2017 12:26:46 PM,2016009,Other UK Airports,SUMBURGH,32428,24450,32.629857,32428,24450,32.629857,0,0,Null,2017-09-01
11/24/2017 12:26:46 PM,2016009,Other UK Airports,TIREE,1117,1059,5.476865,1067,1039,2.694899,50,20,150.000000,2017-09-01
11/24/2017 12:26:46 PM,2016009,Other UK Airports,WICK JOHN O GROATS,1418,1649,-14.008490,1418,1649,-14.008490,0,0,Null,2017-09-01
12/21/2017 10:31:58 AM,201610,Other UK Airports,ABERDEEN,280466,269266,4.159456,280466,269266,4.159456,0,0,Null,2017-10-01
12/21/2017 10:31:58 AM,201610,Non UK Reporting Airports,ALDERNEY,4399,4884,-9.930385,4399,4884,-9.930385,0,0,Null,2017-10-01
12/21/2017 10:31:58 AM,201610,Other UK Airports,BARRA,1112,1173,-5.200341,1112,1173,-5.200341,0,0,Null,2017-10-01
12/21/2017 10:31:58 AM,201610,Other UK Airports,BELFAST CITY (GEORGE BEST),224002,226071,-0.915199,224002,226071,-0.915199,0,0,Null,2017-10-01
12/21/2017 10:31:58 AM,201610,Other UK Airports,BELFAST INTERNATIONAL,488114,445986,9.446036,488114,445986,9.446036,0,0,Null,2017-10-01
12/21/2017 10:31:58 AM,201610,Other UK Airports,BENBECULA,2854,3068,-6.975228,2854,3068,-6.975228,0,0,Null,2017-10-01
12/21/2017 10:31:58 AM,201610,Other UK Airports,BIGGIN HILL,144,15,860.000000,144,15,860.000000,0,0,Null,2017-10-01
12/21/2017 10:31:58 AM,201610,Other UK Airports,BIRMINGHAM,1076359,1075392,0.089921,1076275,1074337,0.180390,84,1055,-92.037915,2017-10-01
12/21/2017 10:31:58 AM,201610,Other UK Airports,BLACKPOOL,2148,3291,-34.731085,2148,3291,-34.731085,0,0,Null,2017-10-01
12/21/2017 10:31:58 AM,201610,Other UK Airports,BOURNEMOUTH,69273,68915,0.519481,69098,68915,0.265545,175,0,Null,2017-10-01
12/21/2017 10:31:58 AM,201610,Other UK Airports,BRISTOL,770274,716834,7.455004,769858,716151,7.499396,416,683,-39.092240,2017-10-01
12/21/2017 10:31:58 AM,201610,Other UK Airports,CAMPBELTOWN,771,795,-3.018868,771,795,-3.018868,0,0,Null,2017-10-01
12/21/2017 10:31:58 AM,201610,Other UK Airports,CARDIFF WALES,134804,129419,4.160904,134349,129059,4.098901,455,360,26.388889,2017-10-01
12/21/2017 10:31:58 AM,201610,Other UK Airports,CITY OF DERRY (EGLINTON),15107,23993,-37.035802,15107,23993,-37.035802,0,0,Null,2017-10-01
12/21/2017 10:31:58 AM,201610,Other UK Airports,DONCASTER SHEFFIELD,121064,117155,3.336605,121064,117155,3.336605,0,0,Null,2017-10-01
12/21/2017 10:31:58 AM,201610,Other UK Airports,DUNDEE,1784,4601,-61.225820,1784,4601,-61.225820,0,0,Null,2017-10-01
12/21/2017 10:31:58 AM,201610,Other UK Airports,DURHAM TEES VALLEY,11518,10476,9.946544,11330,10423,8.701909,188,53,254.716981,2017-10-01
12/21/2017 10:31:58 AM,201610,Other UK Airports,EAST MIDLANDS INTERNATIONAL,480931,462650,3.951367,480931,462650,3.951367,0,0,Null,2017-10-01
12/21/2017 10:31:58 AM,201610,Other UK Airports,EDINBURGH,1224543,1128158,8.543573,1224410,1128158,8.531784,133,0,Null,2017-10-01
12/21/2017 10:31:58 AM,201610,Other UK Airports,EXETER,85333,77911,9.526254,85333,77911,9.526254,0,0,Null,2017-10-01
12/21/2017 10:31:58 AM,201610,London Area Airports,GATWICK,3936933,3870485,1.716787,3936889,3870376,1.718515,44,109,-59.633028,2017-10-01
12/21/2017 10:31:58 AM,201610,Other UK Airports,GLASGOW,928590,884149,5.026415,928023,883942,4.986866,567,207,173.913043,2017-10-01
12/21/2017 10:31:58 AM,201610,Other UK Airports,GLOUCESTERSHIRE,0,1021,Null,0,1019,Null,0,2,Null,2017-10-01
12/21/2017 10:31:58 AM,201610,Non UK Reporting Airports,GUERNSEY,73798,74873,-1.435765,70970,71964,-1.381246,2828,2909,-2.784462,2017-10-01
12/21/2017 10:31:58 AM,201610,London Area Airports,HEATHROW,6665498,6485102,2.781699,6663671,6480439,2.827463,1827,4663,-60.819215,2017-10-01
12/21/2017 10:31:58 AM,201610,Other UK Airports,HUMBERSIDE,16061,16707,-3.866643,15926,16702,-4.646150,135,5,2600.000000,2017-10-01
12/21/2017 10:31:58 AM,201610,Other UK Airports,INVERNESS,81225,77726,4.501711,81225,77726,4.501711,0,0,Null,2017-10-01
12/21/2017 10:31:58 AM,201610,Other UK Airports,ISLAY,2845,2775,2.522523,2829,2747,2.985075,16,28,-42.857143,2017-10-01
12/21/2017 10:31:58 AM,201610,Non UK Reporting Airports,ISLE OF MAN,66791,67685,-1.320824,66791,67600,-1.196746,0,85,Null,2017-10-01
12/21/2017 10:31:58 AM,201610,Other UK Airports,ISLES OF SCILLY (ST.MARYS),6904,8199,-15.794609,6904,8199,-15.794609,0,0,Null,2017-10-01
12/21/2017 10:31:58 AM,201610,Non UK Reporting Airports,JERSEY,147785,142647,3.601898,145934,140939,3.544086,1851,1708,8.372365,2017-10-01
12/21/2017 10:31:58 AM,201610,Other UK Airports,KIRKWALL,15715,14456,8.709186,14575,13471,8.195383,1140,985,15.736041,2017-10-01
12/21/2017 10:31:58 AM,201610,Other UK Airports,LANDS END (ST JUST),4750,5822,-18.412917,4738,5817,-18.549080,12,5,140.000000,2017-10-01
12/21/2017 10:31:58 AM,201610,Other UK Airports,LEEDS BRADFORD,358565,339906,5.489459,358168,339855,5.388474,397,51,678.431373,2017-10-01
12/21/2017 10:31:58 AM,201610,Other UK Airports,LERWICK (TINGWALL),313,473,-33.826638,313,473,-33.826638,0,0,Null,2017-10-01
12/21/2017 10:31:58 AM,201610,Other UK Airports,LIVERPOOL (JOHN LENNON),440944,419968,4.994666,440944,419968,4.994666,0,0,Null,2017-10-01
12/21/2017 10:31:58 AM,201610,London Area Airports,LONDON CITY,405286,392232,3.328132,405286,392232,3.328132,0,0,Null,2017-10-01
12/21/2017 10:31:58 AM,201610,London Area Airports,LUTON,1422866,1382010,2.956274,1422540,1381533,2.968224,326,477,-31.656184,2017-10-01
12/21/2017 10:31:58 AM,201610,Other UK Airports,LYDD,70,66,6.060606,70,66,6.060606,0,0,Null,2017-10-01
12/21/2017 10:31:58 AM,201610,Other UK Airports,MANCHESTER,2405646,2333706,3.082651,2401992,2330284,3.077221,3654,3422,6.779661,2017-10-01
12/21/2017 10:31:58 AM,201610,Other UK Airports,NEWCASTLE,498975,439289,13.586955,498854,439199,13.582681,121,90,34.444444,2017-10-01
12/21/2017 10:31:58 AM,201610,Other UK Airports,NEWQUAY,40277,34330,17.323041,40103,34143,17.455994,174,187,-6.951872,2017-10-01
12/21/2017 10:31:58 AM,201610,Other UK Airports,NORWICH,50792,45698,11.147096,50792,45698,11.147096,0,0,Null,2017-10-01
12/21/2017 10:31:58 AM,201610,Other UK Airports,OXFORD (KIDLINGTON),0,322,Null,0,322,Null,0,0,Null,2017-10-01
12/21/2017 10:31:58 AM,201610,Other UK Airports,PRESTWICK,73648,69308,6.261903,73644,69060,6.637706,4,248,-98.387097,2017-10-01
12/21/2017 10:31:58 AM,201610,Other UK Airports,SCATSTA,14922,13460,10.861813,14922,13460,10.861813,0,0,Null,2017-10-01
12/21/2017 10:31:58 AM,201610,Other UK Airports,SOUTHAMPTON,176421,174013,1.383805,176421,174013,1.383805,0,0,Null,2017-10-01
12/21/2017 10:31:58 AM,201610,London Area Airports,SOUTHEND,103703,82419,25.824142,103703,82419,25.824142,0,0,Null,2017-10-01
12/21/2017 10:31:58 AM,201610,London Area Airports,STANSTED,2325281,2170884,7.112172,2325281,2170884,7.112172,0,0,Null,2017-10-01
12/21/2017 10:31:58 AM,201610,Other UK Airports,STORNOWAY,13001,12052,7.874212,12786,11844,7.953394,215,208,3.365385,2017-10-01
12/21/2017 10:31:58 AM,201610,Other UK Airports,SUMBURGH,23953,23750,0.854737,23953,23750,0.854737,0,0,Null,2017-10-01
12/21/2017 10:31:58 AM,201610,Other UK Airports,TIREE,1006,843,19.335706,996,826,20.581114,10,17,-41.176471,2017-10-01
12/21/2017 10:31:58 AM,201610,Other UK Airports,WICK JOHN O GROATS,1473,1600,-7.937500,1470,1600,-8.125000,3,0,Null,2017-10-01
1/25/2018 2:52:34 PM,201611,Other UK Airports,ABERDEEN,246501,222714,10.680514,246501,222714,10.680514,0,0,Null,2017-11-01
1/25/2018 2:52:34 PM,201611,Non UK Reporting Airports,ALDERNEY,3539,3465,2.135642,3539,3465,2.135642,0,0,Null,2017-11-01
1/25/2018 2:52:34 PM,201611,Other UK Airports,BARRA,876,764,14.659686,876,756,15.873016,0,8,Null,2017-11-01
1/25/2018 2:52:34 PM,201611,Other UK Airports,BELFAST CITY (GEORGE BEST),196033,192271,1.956613,196033,192271,1.956613,0,0,Null,2017-11-01
1/25/2018 2:52:34 PM,201611,Other UK Airports,BELFAST INTERNATIONAL,402982,411441,-2.055945,402982,411437,-2.054993,0,4,Null,2017-11-01
1/25/2018 2:52:34 PM,201611,Other UK Airports,BENBECULA,2922,2541,14.994097,2922,2541,14.994097,0,0,Null,2017-11-01
1/25/2018 2:52:34 PM,201611,Other UK Airports,BIGGIN HILL,132,85,55.294118,132,85,55.294118,0,0,Null,2017-11-01
1/25/2018 2:52:34 PM,201611,Other UK Airports,BIRMINGHAM,767910,779669,-1.508204,767260,779306,-1.545734,650,363,79.063361,2017-11-01
1/25/2018 2:52:34 PM,201611,Other UK Airports,BLACKPOOL,1827,2887,-36.716315,1827,2887,-36.716315,0,0,Null,2017-11-01
1/25/2018 2:52:34 PM,201611,Other UK Airports,BOURNEMOUTH,26127,27903,-6.364907,26127,27903,-6.364907,0,0,Null,2017-11-01
1/25/2018 2:52:34 PM,201611,Other UK Airports,BRISTOL,489156,472660,3.490035,488572,471978,3.515842,584,682,-14.369501,2017-11-01
1/25/2018 2:52:34 PM,201611,Other UK Airports,CAMPBELTOWN,644,659,-2.276176,612,655,-6.564885,32,4,700.000000,2017-11-01
1/25/2018 2:52:34 PM,201611,Other UK Airports,CARDIFF WALES,77830,72504,7.345802,77830,72011,8.080710,0,493,Null,2017-11-01
1/25/2018 2:52:34 PM,201611,Other UK Airports,CITY OF DERRY (EGLINTON),16891,21106,-19.970624,16891,21106,-19.970624,0,0,Null,2017-11-01
1/25/2018 2:52:34 PM,201611,Other UK Airports,DONCASTER SHEFFIELD,67123,76426,-12.172559,67123,76401,-12.143820,0,25,Null,2017-11-01
1/25/2018 2:52:34 PM,201611,Other UK Airports,DUNDEE,1853,2448,-24.305556,1853,2448,-24.305556,0,0,Null,2017-11-01
1/25/2018 2:52:34 PM,201611,Other UK Airports,DURHAM TEES VALLEY,13140,9517,38.068719,11841,9413,25.794115,1299,104,1149.038462,2017-11-01
1/25/2018 2:52:34 PM,201611,Other UK Airports,EAST MIDLANDS INTERNATIONAL,221850,185225,19.773249,221850,185225,19.773249,0,0,Null,2017-11-01
1/25/2018 2:52:34 PM,201611,Other UK Airports,EDINBURGH,934873,859574,8.760037,934873,859574,8.760037,0,0,Null,2017-11-01
1/25/2018 2:52:34 PM,201611,Other UK Airports,EXETER,58905,52365,12.489258,58905,52365,12.489258,0,0,Null,2017-11-01
1/25/2018 2:52:34 PM,201611,London Area Airports,GATWICK,2889031,2824466,2.285919,2889031,2824224,2.294683,0,242,Null,2017-11-01
1/25/2018 2:52:34 PM,201611,Other UK Airports,GLASGOW,682707,666148,2.485784,682707,666148,2.485784,0,0,Null,2017-11-01
1/25/2018 2:52:34 PM,201611,Other UK Airports,GLOUCESTERSHIRE,0,904,Null,0,904,Null,0,0,Null,2017-11-01
1/25/2018 2:52:34 PM,201611,Non UK Reporting Airports,GUERNSEY,64910,65243,-0.510400,62132,62255,-0.197574,2778,2988,-7.028112,2017-11-01
1/25/2018 2:52:34 PM,201611,London Area Airports,HEATHROW,5922486,5722485,3.495003,5920389,5720478,3.494656,2097,2007,4.484305,2017-11-01
1/25/2018 2:52:34 PM,201611,Other UK Airports,HUMBERSIDE,13982,13940,0.301291,13941,13935,0.043057,41,5,720.000000,2017-11-01
1/25/2018 2:52:34 PM,201611,Other UK Airports,INVERNESS,57106,58846,-2.956870,57106,58846,-2.956870,0,0,Null,2017-11-01
1/25/2018 2:52:34 PM,201611,Other UK Airports,ISLAY,2436,2123,14.743288,2416,2097,15.212208,20,26,-23.076923,2017-11-01
1/25/2018 2:52:34 PM,201611,Non UK Reporting Airports,ISLE OF MAN,64844,62253,4.162048,64844,62179,4.286013,0,74,Null,2017-11-01
1/25/2018 2:52:34 PM,201611,Other UK Airports,ISLES OF SCILLY (ST.MARYS),3290,3428,-4.025671,3290,3428,-4.025671,0,0,Null,2017-11-01
1/25/2018 2:52:34 PM,201611,Non UK Reporting Airports,JERSEY,108137,104961,3.025886,106113,103180,2.842605,2024,1781,13.644020,2017-11-01
1/25/2018 2:52:34 PM,201611,Other UK Airports,KIRKWALL,14256,12222,16.642121,13329,11497,15.934592,927,725,27.862069,2017-11-01
1/25/2018 2:52:34 PM,201611,Other UK Airports,LANDS END (ST JUST),2808,2890,-2.837370,2802,2843,-1.442139,6,47,-87.234043,2017-11-01
1/25/2018 2:52:34 PM,201611,Other UK Airports,LEEDS BRADFORD,212594,196673,8.095163,212228,196616,7.940351,366,57,542.105263,2017-11-01
1/25/2018 2:52:34 PM,201611,Other UK Airports,LERWICK (TINGWALL),187,224,-16.517857,187,224,-16.517857,0,0,Null,2017-11-01
1/25/2018 2:52:34 PM,201611,Other UK Airports,LIVERPOOL (JOHN LENNON),325235,315215,3.178783,325076,315174,3.141757,159,41,287.804878,2017-11-01
1/25/2018 2:52:34 PM,201611,London Area Airports,LONDON CITY,397183,404154,-1.724838,397183,404154,-1.724838,0,0,Null,2017-11-01
1/25/2018 2:52:34 PM,201611,London Area Airports,LUTON,1017815,963628,5.623228,1017815,963628,5.623228,0,0,Null,2017-11-01
1/25/2018 2:52:34 PM,201611,Other UK Airports,LYDD,14,25,-44.000000,14,25,-44.000000,0,0,Null,2017-11-01
1/25/2018 2:52:34 PM,201611,Other UK Airports,MANCHESTER,1733509,1704620,1.694747,1730238,1699265,1.822729,3271,5355,-38.916900,2017-11-01
1/25/2018 2:52:34 PM,201611,Other UK Airports,NEWCASTLE,303594,293411,3.470558,303430,293305,3.452038,164,106,54.716981,2017-11-01
1/25/2018 2:52:34 PM,201611,Other UK Airports,NEWQUAY,21583,20746,4.034513,21583,20736,4.084684,0,10,Null,2017-11-01
1/25/2018 2:52:34 PM,201611,Other UK Airports,NORWICH,35189,35497,-0.867679,35189,35497,-0.867679,0,0,Null,2017-11-01
1/25/2018 2:52:34 PM,201611,Other UK Airports,PRESTWICK,26401,26337,0.243004,25921,26327,-1.542143,480,10,4700.000000,2017-11-01
1/25/2018 2:52:34 PM,201611,Other UK Airports,SCATSTA,15962,14479,10.242420,15962,14479,10.242420,0,0,Null,2017-11-01
1/25/2018 2:52:34 PM,201611,Other UK Airports,SOUTHAMPTON,143587,150592,-4.651642,143587,150582,-4.645310,0,10,Null,2017-11-01
1/25/2018 2:52:34 PM,201611,London Area Airports,SOUTHEND,70625,50816,38.981817,70625,50816,38.981817,0,0,Null,2017-11-01
1/25/2018 2:52:34 PM,201611,London Area Airports,STANSTED,1822323,1739644,4.752639,1822323,1739644,4.752639,0,0,Null,2017-11-01
1/25/2018 2:52:34 PM,201611,Other UK Airports,STORNOWAY,12502,10609,17.843341,12297,10338,18.949507,205,271,-24.354244,2017-11-01
1/25/2018 2:52:34 PM,201611,Other UK Airports,SUMBURGH,20387,19679,3.597744,20387,19679,3.597744,0,0,Null,2017-11-01
1/25/2018 2:52:34 PM,201611,Other UK Airports,TIREE,842,804,4.726368,810,785,3.184713,32,19,68.421053,2017-11-01
1/25/2018 2:52:34 PM,201611,Other UK Airports,WICK JOHN O GROATS,1452,1569,-7.456979,1452,1564,-7.161125,0,5,Null,2017-11-01
2/20/2018 9:10:13 AM,201612,Other UK Airports,ABERDEEN,235255,227228,3.532575,235255,227228,3.532575,0,0,Null,2017-12-01
2/20/2018 9:10:13 AM,201612,Non UK Reporting Airports,ALDERNEY,3361,3812,-11.831060,3361,3812,-11.831060,0,0,Null,2017-12-01
2/20/2018 9:10:13 AM,201612,Other UK Airports,BARRA,779,859,-9.313155,779,859,-9.313155,0,0,Null,2017-12-01
2/20/2018 9:10:13 AM,201612,Other UK Airports,BELFAST CITY (GEORGE BEST),182563,180830,0.958359,182563,180830,0.958359,0,0,Null,2017-12-01
2/20/2018 9:10:13 AM,201612,Other UK Airports,BELFAST INTERNATIONAL,392945,421507,-6.776163,392945,421507,-6.776163,0,0,Null,2017-12-01
2/20/2018 9:10:13 AM,201612,Other UK Airports,BENBECULA,2573,2520,2.103175,2543,2520,0.912698,30,0,Null,2017-12-01
2/20/2018 9:10:13 AM,201612,Other UK Airports,BIGGIN HILL,61,45,35.555556,61,45,35.555556,0,0,Null,2017-12-01
2/20/2018 9:10:13 AM,201612,Other UK Airports,BIRMINGHAM,791152,847530,-6.652036,790419,847338,-6.717390,733,192,281.770833,2017-12-01
2/20/2018 9:10:13 AM,201612,Other UK Airports,BLACKPOOL,2143,2492,-14.004815,2143,2492,-14.004815,0,0,Null,2017-12-01
2/20/2018 9:10:13 AM,201612,Other UK Airports,BOURNEMOUTH,31870,31857,0.040807,31657,31857,-0.627806,213,0,Null,2017-12-01
2/20/2018 9:10:13 AM,201612,Other UK Airports,BRISTOL,517378,507587,1.928930,517164,507037,1.997290,214,550,-61.090909,2017-12-01
2/20/2018 9:10:13 AM,201612,Other UK Airports,CAMPBELTOWN,459,530,-13.396226,457,530,-13.773585,2,0,Null,2017-12-01
2/20/2018 9:10:13 AM,201612,Other UK Airports,CARDIFF WALES,80045,73064,9.554637,80045,72799,9.953433,0,265,Null,2017-12-01
2/20/2018 9:10:13 AM,201612,Other UK Airports,CITY OF DERRY (EGLINTON),15387,20785,-25.970652,15387,20785,-25.970652,0,0,Null,2017-12-01
2/20/2018 9:10:13 AM,201612,Other UK Airports,DONCASTER SHEFFIELD,78581,81797,-3.931685,78581,81797,-3.931685,0,0,Null,2017-12-01
2/20/2018 9:10:13 AM,201612,Other UK Airports,DUNDEE,1572,1737,-9.499136,1572,1737,-9.499136,0,0,Null,2017-12-01
2/20/2018 9:10:13 AM,201612,Other UK Airports,DURHAM TEES VALLEY,12428,9864,25.993512,11636,9809,18.625752,792,55,1340.000000,2017-12-01
2/20/2018 9:10:13 AM,201612,Other UK Airports,EAST MIDLANDS INTERNATIONAL,225221,203387,10.735199,225221,203387,10.735199,0,0,Null,2017-12-01
2/20/2018 9:10:13 AM,201612,Other UK Airports,EDINBURGH,923929,862194,7.160221,923724,862194,7.136445,205,0,Null,2017-12-01
2/20/2018 9:10:13 AM,201612,Other UK Airports,EXETER,62617,52414,19.466173,62617,52414,19.466173,0,0,Null,2017-12-01
2/20/2018 9:10:13 AM,201612,London Area Airports,GATWICK,3171068,3108227,2.021764,3170610,3107631,2.026592,458,596,-23.154362,2017-12-01
2/20/2018 9:10:13 AM,201612,Other UK Airports,GLASGOW,617901,627446,-1.521246,617833,627076,-1.473984,68,370,-81.621622,2017-12-01
2/20/2018 9:10:13 AM,201612,Other UK Airports,GLOUCESTERSHIRE,0,802,Null,0,802,Null,0,0,Null,2017-12-01
2/20/2018 9:10:13 AM,201612,Non UK Reporting Airports,GUERNSEY,62155,63356,-1.895637,59320,60347,-1.701824,2835,3009,-5.782652,2017-12-01
2/20/2018 9:10:13 AM,201612,London Area Airports,HEATHROW,6338026,6165653,2.795697,6335582,6163221,2.796606,2444,2432,0.493421,2017-12-01
2/20/2018 9:10:13 AM,201612,Other UK Airports,HUMBERSIDE,12873,13952,-7.733658,12844,13915,-7.696730,29,37,-21.621622,2017-12-01
2/20/2018 9:10:13 AM,201612,Other UK Airports,INVERNESS,57287,58268,-1.683600,57287,58268,-1.683600,0,0,Null,2017-12-01
2/20/2018 9:10:13 AM,201612,Other UK Airports,ISLAY,1556,1600,-2.750000,1543,1579,-2.279924,13,21,-38.095238,2017-12-01
2/20/2018 9:10:13 AM,201612,Non UK Reporting Airports,ISLE OF MAN,63975,66532,-3.843263,63975,66489,-3.781077,0,43,Null,2017-12-01
2/20/2018 9:10:13 AM,201612,Other UK Airports,ISLES OF SCILLY (ST.MARYS),2815,3330,-15.465465,2815,3330,-15.465465,0,0,Null,2017-12-01
2/20/2018 9:10:13 AM,201612,Non UK Reporting Airports,JERSEY,111182,105311,5.574916,109321,103690,5.430610,1861,1621,14.805676,2017-12-01
2/20/2018 9:10:13 AM,201612,Other UK Airports,KIRKWALL,12682,12108,4.740667,11977,11438,4.712362,705,670,5.223881,2017-12-01
2/20/2018 9:10:13 AM,201612,Other UK Airports,LANDS END (ST JUST),2515,2841,-11.474833,2491,2829,-11.947685,24,12,100.000000,2017-12-01
2/20/2018 9:10:13 AM,201612,Other UK Airports,LEEDS BRADFORD,200560,197876,1.356405,200421,197876,1.286159,139,0,Null,2017-12-01
2/20/2018 9:10:13 AM,201612,Other UK Airports,LERWICK (TINGWALL),106,152,-30.263158,106,152,-30.263158,0,0,Null,2017-12-01
2/20/2018 9:10:13 AM,201612,Other UK Airports,LIVERPOOL (JOHN LENNON),339327,339452,-0.036824,339327,338680,0.191036,0,772,Null,2017-12-01
2/20/2018 9:10:13 AM,201612,London Area Airports,LONDON CITY,324968,323605,0.421193,324968,323605,0.421193,0,0,Null,2017-12-01
2/20/2018 9:10:13 AM,201612,London Area Airports,LUTON,1072628,1090548,-1.643211,1072628,1090388,-1.628778,0,160,Null,2017-12-01
2/20/2018 9:10:13 AM,201612,Other UK Airports,LYDD,15,61,-75.409836,15,61,-75.409836,0,0,Null,2017-12-01
2/20/2018 9:10:13 AM,201612,Other UK Airports,MANCHESTER,1835595,1810174,1.404340,1832467,1804517,1.548891,3128,5657,-44.705674,2017-12-01
2/20/2018 9:10:13 AM,201612,Other UK Airports,NEWCASTLE,300389,302873,-0.820146,300170,302418,-0.743342,219,455,-51.868132,2017-12-01
2/20/2018 9:10:13 AM,201612,Other UK Airports,NEWQUAY,24245,20977,15.578967,24245,20977,15.578967,0,0,Null,2017-12-01
2/20/2018 9:10:13 AM,201612,Other UK Airports,NORWICH,31666,33434,-5.288030,31666,33434,-5.288030,0,0,Null,2017-12-01
2/20/2018 9:10:13 AM,201612,Other UK Airports,PRESTWICK,25868,25076,3.158398,25786,25071,2.851901,82,5,1540.000000,2017-12-01
2/20/2018 9:10:13 AM,201612,Other UK Airports,SCATSTA,13734,14149,-2.933069,13734,14149,-2.933069,0,0,Null,2017-12-01
2/20/2018 9:10:13 AM,201612,Other UK Airports,SOUTHAMPTON,150691,147425,2.215364,150691,147425,2.215364,0,0,Null,2017-12-01
2/20/2018 9:10:13 AM,201612,London Area Airports,SOUTHEND,83558,56342,48.304994,83558,56342,48.304994,0,0,Null,2017-12-01
2/20/2018 9:10:13 AM,201612,London Area Airports,STANSTED,1831754,1852721,-1.131687,1831754,1852655,-1.128165,0,66,Null,2017-12-01
2/20/2018 9:10:13 AM,201612,Other UK Airports,STORNOWAY,10826,9598,12.794332,10708,9408,13.818027,118,190,-37.894737,2017-12-01
2/20/2018 9:10:13 AM,201612,Other UK Airports,SUMBURGH,18911,19920,-5.065261,18911,19920,-5.065261,0,0,Null,2017-12-01
2/20/2018 9:10:13 AM,201612,Other UK Airports,TIREE,747,864,-13.541667,732,807,-9.293680,15,57,-73.684211,2017-12-01
2/20/2018 9:10:13 AM,201612,Other UK Airports,WICK JOHN O GROATS,1177,1503,-21.689953,1177,1501,-21.585610,0,2,Null,2017-12-01
3/22/2018 9:26:51 AM,201701,Other UK Airports,ABERDEEN,217889,203983,6.817235,217889,203983,6.817235,0,0,Null,2018-01-01
3/22/2018 9:26:51 AM,201701,Non UK Reporting Airports,ALDERNEY,2840,2974,-4.505716,2840,2974,-4.505716,0,0,Null,2018-01-01
3/22/2018 9:26:51 AM,201701,Other UK Airports,BARRA,854,807,5.824040,854,807,5.824040,0,0,Null,2018-01-01
3/22/2018 9:26:51 AM,201701,Other UK Airports,BELFAST CITY (GEORGE BEST),163123,158993,2.597599,163106,158993,2.586906,17,0,Null,2018-01-01
3/22/2018 9:26:51 AM,201701,Other UK Airports,BELFAST INTERNATIONAL,364465,379352,-3.924324,364465,379352,-3.924324,0,0,Null,2018-01-01
3/22/2018 9:26:51 AM,201701,Other UK Airports,BENBECULA,2301,2058,11.807580,2301,2058,11.807580,0,0,Null,2018-01-01
3/22/2018 9:26:51 AM,201701,Other UK Airports,BIGGIN HILL,48,69,-30.434783,48,69,-30.434783,0,0,Null,2018-01-01
3/22/2018 9:26:51 AM,201701,Other UK Airports,BIRMINGHAM,746609,776646,-3.867528,746382,776379,-3.863706,227,267,-14.981273,2018-01-01
3/22/2018 9:26:51 AM,201701,Other UK Airports,BLACKPOOL,1781,2235,-20.313199,1781,2235,-20.313199,0,0,Null,2018-01-01
3/22/2018 9:26:51 AM,201701,Other UK Airports,BOURNEMOUTH,31379,33006,-4.929407,31379,33006,-4.929407,0,0,Null,2018-01-01
3/22/2018 9:26:51 AM,201701,Other UK Airports,BRISTOL,486483,473900,2.655202,486205,473443,2.695573,278,457,-39.168490,2018-01-01
3/22/2018 9:26:51 AM,201701,Other UK Airports,CAMPBELTOWN,540,560,-3.571429,538,554,-2.888087,2,6,-66.666667,2018-01-01
3/22/2018 9:26:51 AM,201701,Other UK Airports,CARDIFF WALES,70749,65590,7.865528,70297,65590,7.176399,452,0,Null,2018-01-01
3/22/2018 9:26:51 AM,201701,Other UK Airports,CITY OF DERRY (EGLINTON),14595,19692,-25.883608,14595,19692,-25.883608,0,0,Null,2018-01-01
3/22/2018 9:26:51 AM,201701,Other UK Airports,DONCASTER SHEFFIELD,71492,79683,-10.279482,71492,79683,-10.279482,0,0,Null,2018-01-01
3/22/2018 9:26:51 AM,201701,Other UK Airports,DUNDEE,1436,1360,5.588235,1436,1360,5.588235,0,0,Null,2018-01-01
3/22/2018 9:26:51 AM,201701,Other UK Airports,DURHAM TEES VALLEY,11843,9083,30.386436,10501,9041,16.148656,1342,42,3095.238095,2018-01-01
3/22/2018 9:26:51 AM,201701,Other UK Airports,EAST MIDLANDS INTERNATIONAL,212614,219000,-2.915982,212614,219000,-2.915982,0,0,Null,2018-01-01
3/22/2018 9:26:51 AM,201701,Other UK Airports,EDINBURGH,836943,781072,7.153118,836943,781072,7.153118,0,0,Null,2018-01-01
3/22/2018 9:26:51 AM,201701,Other UK Airports,EXETER,52007,45531,14.223276,52007,45531,14.223276,0,0,Null,2018-01-01
3/22/2018 9:26:51 AM,201701,London Area Airports,GATWICK,2847495,2797942,1.771052,2847495,2797888,1.773016,0,54,Null,2018-01-01
3/22/2018 9:26:51 AM,201701,Other UK Airports,GLASGOW,579990,597422,-2.917870,579888,597301,-2.915281,102,121,-15.702479,2018-01-01
3/22/2018 9:26:51 AM,201701,Other UK Airports,GLOUCESTERSHIRE,0,643,Null,0,643,Null,0,0,Null,2018-01-01
3/22/2018 9:26:51 AM,201701,Non UK Reporting Airports,GUERNSEY,51470,50458,2.005628,48688,48016,1.399533,2782,2442,13.923014,2018-01-01
3/22/2018 9:26:51 AM,201701,London Area Airports,HEATHROW,5769134,5742157,0.469806,5766092,5739190,0.468742,3042,2967,2.527806,2018-01-01
3/22/2018 9:26:51 AM,201701,Other UK Airports,HUMBERSIDE,13028,13216,-1.422518,13017,13120,-0.785061,11,96,-88.541667,2018-01-01
3/22/2018 9:26:51 AM,201701,Other UK Airports,INVERNESS,47167,50110,-5.873079,47167,50110,-5.873079,0,0,Null,2018-01-01
3/22/2018 9:26:51 AM,201701,Other UK Airports,ISLAY,1811,1523,18.910046,1799,1498,20.093458,12,25,-52.000000,2018-01-01
3/22/2018 9:26:51 AM,201701,Non UK Reporting Airports,ISLE OF MAN,54582,54046,0.991748,54582,54001,1.075906,0,45,Null,2018-01-01
3/22/2018 9:26:51 AM,201701,Other UK Airports,ISLES OF SCILLY (ST.MARYS),2772,2678,3.510082,2772,2678,3.510082,0,0,Null,2018-01-01
3/22/2018 9:26:51 AM,201701,Non UK Reporting Airports,JERSEY,88601,86617,2.290543,86968,85083,2.215484,1633,1534,6.453716,2018-01-01
3/22/2018 9:26:51 AM,201701,Other UK Airports,KIRKWALL,11341,9820,15.488798,10830,9248,17.106401,511,572,-10.664336,2018-01-01
3/22/2018 9:26:51 AM,201701,Other UK Airports,LANDS END (ST JUST),2505,2262,10.742706,2448,2243,9.139545,57,19,200.000000,2018-01-01
3/22/2018 9:26:51 AM,201701,Other UK Airports,LEEDS BRADFORD,177490,175255,1.275285,177291,175223,1.180210,199,32,521.875000,2018-01-01
3/22/2018 9:26:51 AM,201701,Other UK Airports,LERWICK (TINGWALL),113,123,-8.130081,113,123,-8.130081,0,0,Null,2018-01-01
3/22/2018 9:26:51 AM,201701,Other UK Airports,LIVERPOOL (JOHN LENNON),323321,317262,1.909778,322065,317121,1.559026,1256,141,790.780142,2018-01-01
3/22/2018 9:26:51 AM,201701,London Area Airports,LONDON CITY,320258,302508,5.867613,320258,302508,5.867613,0,0,Null,2018-01-01
3/22/2018 9:26:51 AM,201701,London Area Airports,LUTON,1034068,996269,3.794056,1033841,996269,3.771271,227,0,Null,2018-01-01
3/22/2018 9:26:51 AM,201701,Other UK Airports,LYDD,0,4,Null,0,4,Null,0,0,Null,2018-01-01
3/22/2018 9:26:51 AM,201701,Other UK Airports,MANCHESTER,1667010,1671020,-0.239973,1664456,1664792,-0.020183,2554,6228,-58.991651,2018-01-01
3/22/2018 9:26:51 AM,201701,Other UK Airports,NEWCASTLE,282100,278297,1.366526,281822,278082,1.344927,278,215,29.302326,2018-01-01
3/22/2018 9:26:51 AM,201701,Other UK Airports,NEWQUAY,20231,17439,16.010092,20231,17439,16.010092,0,0,Null,2018-01-01
3/22/2018 9:26:51 AM,201701,Other UK Airports,NORWICH,28422,29785,-4.576129,28422,29785,-4.576129,0,0,Null,2018-01-01
3/22/2018 9:26:51 AM,201701,Other UK Airports,OXFORD (KIDLINGTON),0,90,Null,0,90,Null,0,0,Null,2018-01-01
3/22/2018 9:26:51 AM,201701,Other UK Airports,PRESTWICK,24815,24512,1.236129,24630,24498,0.538819,185,14,1221.428571,2018-01-01
3/22/2018 9:26:51 AM,201701,Other UK Airports,SCATSTA,14573,11664,24.939986,14573,11664,24.939986,0,0,Null,2018-01-01
3/22/2018 9:26:51 AM,201701,Other UK Airports,SOUTHAMPTON,129511,125181,3.458991,129511,125181,3.458991,0,0,Null,2018-01-01
3/22/2018 9:26:51 AM,201701,London Area Airports,SOUTHEND,65710,52571,24.992867,65710,52571,24.992867,0,0,Null,2018-01-01
3/22/2018 9:26:51 AM,201701,London Area Airports,STANSTED,1801579,1746450,3.156632,1801579,1746450,3.156632,0,0,Null,2018-01-01
3/22/2018 9:26:51 AM,201701,Other UK Airports,STORNOWAY,9558,8220,16.277372,9391,8044,16.745400,167,176,-5.113636,2018-01-01
3/22/2018 9:26:51 AM,201701,Other UK Airports,SUMBURGH,16368,13245,23.578709,16358,13245,23.503209,10,0,Null,2018-01-01
3/22/2018 9:26:51 AM,201701,Other UK Airports,TIREE,675,702,-3.846154,632,677,-6.646972,43,25,72.000000,2018-01-01
3/22/2018 9:26:51 AM,201701,Other UK Airports,WICK JOHN O GROATS,1139,1328,-14.231928,1139,1316,-13.449848,0,12,Null,2018-01-01
4/20/2018 1:50:43 PM,201702,Other UK Airports,ABERDEEN,214025,208485,2.657266,214025,208324,2.736603,0,161,Null,2018-02-01
4/20/2018 1:50:43 PM,201702,Non UK Reporting Airports,ALDERNEY,2820,2793,0.966702,2820,2793,0.966702,0,0,Null,2018-02-01
4/20/2018 1:50:43 PM,201702,Other UK Airports,BARRA,959,1090,-12.018349,959,1090,-12.018349,0,0,Null,2018-02-01
4/20/2018 1:50:43 PM,201702,Other UK Airports,BELFAST CITY (GEORGE BEST),174220,173253,0.558143,174092,173253,0.484263,128,0,Null,2018-02-01
4/20/2018 1:50:43 PM,201702,Other UK Airports,BELFAST INTERNATIONAL,382676,401496,-4.687469,382676,401496,-4.687469,0,0,Null,2018-02-01
4/20/2018 1:50:43 PM,201702,Other UK Airports,BENBECULA,2279,2322,-1.851852,2279,2322,-1.851852,0,0,Null,2018-02-01
4/20/2018 1:50:43 PM,201702,Other UK Airports,BIGGIN HILL,204,55,270.909091,204,55,270.909091,0,0,Null,2018-02-01
4/20/2018 1:50:43 PM,201702,Other UK Airports,BIRMINGHAM,764901,809239,-5.478975,764881,807925,-5.327722,20,1314,-98.477930,2018-02-01
4/20/2018 1:50:43 PM,201702,Other UK Airports,BLACKPOOL,1809,2386,-24.182733,1809,2386,-24.182733,0,0,Null,2018-02-01
4/20/2018 1:50:43 PM,201702,Other UK Airports,BOURNEMOUTH,31771,33564,-5.342033,31771,33564,-5.342033,0,0,Null,2018-02-01
4/20/2018 1:50:43 PM,201702,Other UK Airports,BRISTOL,517633,490003,5.638741,517201,489591,5.639401,432,412,4.854369,2018-02-01
4/20/2018 1:50:43 PM,201702,Other UK Airports,CAMPBELTOWN,474,500,-5.200000,474,494,-4.048583,0,6,Null,2018-02-01
4/20/2018 1:50:43 PM,201702,Other UK Airports,CARDIFF WALES,78020,71299,9.426500,78020,71273,9.466418,0,26,Null,2018-02-01
4/20/2018 1:50:43 PM,201702,Other UK Airports,CITY OF DERRY (EGLINTON),14977,20961,-28.548256,14977,20961,-28.548256,0,0,Null,2018-02-01
4/20/2018 1:50:43 PM,201702,Other UK Airports,DONCASTER SHEFFIELD,61392,73288,-16.231852,61392,73288,-16.231852,0,0,Null,2018-02-01
4/20/2018 1:50:43 PM,201702,Other UK Airports,DUNDEE,1402,1414,-0.848656,1402,1414,-0.848656,0,0,Null,2018-02-01
4/20/2018 1:50:43 PM,201702,Other UK Airports,DURHAM TEES VALLEY,10596,9020,17.472284,10459,8970,16.599777,137,50,174.000000,2018-02-01
4/20/2018 1:50:43 PM,201702,Other UK Airports,EAST MIDLANDS INTERNATIONAL,216547,233041,-7.077725,216547,232863,-7.006695,0,178,Null,2018-02-01
4/20/2018 1:50:43 PM,201702,Other UK Airports,EDINBURGH,844685,810527,4.214295,844547,810527,4.197269,138,0,Null,2018-02-01
4/20/2018 1:50:43 PM,201702,Other UK Airports,EXETER,55385,50954,8.696079,55385,50954,8.696079,0,0,Null,2018-02-01
4/20/2018 1:50:43 PM,201702,London Area Airports,GATWICK,2980212,2959925,0.685389,2979872,2959505,0.688189,340,420,-19.047619,2018-02-01
4/20/2018 1:50:43 PM,201702,Other UK Airports,GLASGOW,567221,603641,-6.033387,566863,603472,-6.066396,358,169,111.834320,2018-02-01
4/20/2018 1:50:43 PM,201702,Other UK Airports,GLOUCESTERSHIRE,0,601,Null,0,601,Null,0,0,Null,2018-02-01
4/20/2018 1:50:43 PM,201702,Non UK Reporting Airports,GUERNSEY,51628,51658,-0.058074,49079,49184,-0.213484,2549,2474,3.031528,2018-02-01
4/20/2018 1:50:43 PM,201702,London Area Airports,HEATHROW,5348199,5268516,1.512437,5345972,5266321,1.512460,2227,2195,1.457859,2018-02-01
4/20/2018 1:50:43 PM,201702,Other UK Airports,HUMBERSIDE,12295,12903,-4.712082,12214,12903,-5.339843,81,0,Null,2018-02-01
4/20/2018 1:50:43 PM,201702,Other UK Airports,INVERNESS,51602,54963,-6.115023,51602,54963,-6.115023,0,0,Null,2018-02-01
4/20/2018 1:50:43 PM,201702,Other UK Airports,ISLAY,1820,1734,4.959631,1795,1715,4.664723,25,19,31.578947,2018-02-01
4/20/2018 1:50:43 PM,201702,Non UK Reporting Airports,ISLE OF MAN,58379,59448,-1.798210,58379,59432,-1.771773,0,16,Null,2018-02-01
4/20/2018 1:50:43 PM,201702,Other UK Airports,ISLES OF SCILLY (ST.MARYS),3291,3142,4.742202,3291,3142,4.742202,0,0,Null,2018-02-01
4/20/2018 1:50:43 PM,201702,Non UK Reporting Airports,JERSEY,97626,91998,6.117524,96668,90355,6.986885,958,1643,-41.692027,2018-02-01
4/20/2018 1:50:43 PM,201702,Other UK Airports,KIRKWALL,11735,11232,4.478276,11012,10470,5.176695,723,762,-5.118110,2018-02-01
4/20/2018 1:50:43 PM,201702,Other UK Airports,LANDS END (ST JUST),2853,2605,9.520154,2797,2592,7.908951,56,13,330.769231,2018-02-01
4/20/2018 1:50:43 PM,201702,Other UK Airports,LEEDS BRADFORD,198161,202785,-2.280248,197935,202747,-2.373401,226,38,494.736842,2018-02-01
4/20/2018 1:50:43 PM,201702,Other UK Airports,LERWICK (TINGWALL),221,192,15.104167,221,192,15.104167,0,0,Null,2018-02-01
4/20/2018 1:50:43 PM,201702,Other UK Airports,LIVERPOOL (JOHN LENNON),335362,322299,4.053069,335030,321213,4.301507,332,1086,-69.429098,2018-02-01
4/20/2018 1:50:43 PM,201702,London Area Airports,LONDON CITY,329634,339953,-3.035420,329634,339953,-3.035420,0,0,Null,2018-02-01
4/20/2018 1:50:43 PM,201702,London Area Airports,LUTON,1053462,1060656,-0.678259,1053101,1060468,-0.694693,361,188,92.021277,2018-02-01
4/20/2018 1:50:43 PM,201702,Other UK Airports,LYDD,11,29,-62.068966,11,29,-62.068966,0,0,Null,2018-02-01
4/20/2018 1:50:43 PM,201702,Other UK Airports,MANCHESTER,1680919,1666942,0.838481,1678336,1661972,0.984613,2583,4970,-48.028169,2018-02-01
4/20/2018 1:50:43 PM,201702,Other UK Airports,NEWCASTLE,288274,285518,0.965263,288129,285425,0.947359,145,93,55.913978,2018-02-01
4/20/2018 1:50:43 PM,201702,Other UK Airports,NEWQUAY,20549,18516,10.979693,20549,18516,10.979693,0,0,Null,2018-02-01
4/20/2018 1:50:43 PM,201702,Other UK Airports,NORWICH,28243,29932,-5.642790,28243,29932,-5.642790,0,0,Null,2018-02-01
4/20/2018 1:50:43 PM,201702,Other UK Airports,PRESTWICK,24868,23768,4.628071,24864,23758,4.655274,4,10,-60.000000,2018-02-01
4/20/2018 1:50:43 PM,201702,Other UK Airports,SCATSTA,13497,12568,7.391789,13497,12568,7.391789,0,0,Null,2018-02-01
4/20/2018 1:50:43 PM,201702,Other UK Airports,SOUTHAMPTON,134506,140023,-3.940067,134452,140023,-3.978632,54,0,Null,2018-02-01
4/20/2018 1:50:43 PM,201702,London Area Airports,SOUTHEND,79015,60656,30.267410,79015,60656,30.267410,0,0,Null,2018-02-01
4/20/2018 1:50:43 PM,201702,London Area Airports,STANSTED,1731648,1652242,4.805955,1731648,1652107,4.814519,0,135,Null,2018-02-01
4/20/2018 1:50:43 PM,201702,Other UK Airports,STORNOWAY,9903,9105,8.764415,9664,8901,8.572071,239,204,17.156863,2018-02-01
4/20/2018 1:50:43 PM,201702,Other UK Airports,SUMBURGH,16482,14271,15.492958,16482,14271,15.492958,0,0,Null,2018-02-01
4/20/2018 1:50:43 PM,201702,Other UK Airports,TIREE,714,688,3.779070,674,668,0.898204,40,20,100.000000,2018-02-01
4/20/2018 1:50:43 PM,201702,Other UK Airports,WICK JOHN O GROATS,1226,1339,-8.439134,1226,1339,-8.439134,0,0,Null,2018-02-01
5/23/2018 2:07:15 PM,201703,Other UK Airports,ABERDEEN,242486,243674,-0.487537,242486,243658,-0.481002,0,16,Null,2018-03-01
5/23/2018 2:07:15 PM,201703,Non UK Reporting Airports,ALDERNEY,3687,3667,0.545405,3687,3667,0.545405,0,0,Null,2018-03-01
5/23/2018 2:07:15 PM,201703,Other UK Airports,BARRA,1160,1215,-4.526749,1160,1215,-4.526749,0,0,Null,2018-03-01
5/23/2018 2:07:15 PM,201703,Other UK Airports,BELFAST CITY (GEORGE BEST),194453,196402,-0.992352,194238,196402,-1.101822,215,0,Null,2018-03-01
5/23/2018 2:07:15 PM,201703,Other UK Airports,BELFAST INTERNATIONAL,450204,447334,0.641579,450197,447334,0.640014,7,0,Null,2018-03-01
5/23/2018 2:07:15 PM,201703,Other UK Airports,BENBECULA,2573,2574,-0.038850,2573,2574,-0.038850,0,0,Null,2018-03-01
5/23/2018 2:07:15 PM,201703,Other UK Airports,BIGGIN HILL,65,22,195.454545,65,22,195.454545,0,0,Null,2018-03-01
5/23/2018 2:07:15 PM,201703,Other UK Airports,BIRMINGHAM,879517,904814,-2.795823,879381,903946,-2.717530,136,868,-84.331797,2018-03-01
5/23/2018 2:07:15 PM,201703,Other UK Airports,BLACKPOOL,1666,1792,-7.031250,1666,1792,-7.031250,0,0,Null,2018-03-01
5/23/2018 2:07:15 PM,201703,Other UK Airports,BOURNEMOUTH,40298,41611,-3.155416,40298,41611,-3.155416,0,0,Null,2018-03-01
5/23/2018 2:07:15 PM,201703,Other UK Airports,BRISTOL,555522,572949,-3.041632,555041,572344,-3.023182,481,605,-20.495868,2018-03-01
5/23/2018 2:07:15 PM,201703,Other UK Airports,CAMPBELTOWN,693,586,18.259386,693,564,22.872340,0,22,Null,2018-03-01
5/23/2018 2:07:15 PM,201703,Other UK Airports,CARDIFF WALES,96153,86897,10.651691,95976,86897,10.448002,177,0,Null,2018-03-01
5/23/2018 2:07:15 PM,201703,Other UK Airports,CITY OF DERRY (EGLINTON),15884,19800,-19.777778,15884,19800,-19.777778,0,0,Null,2018-03-01
5/23/2018 2:07:15 PM,201703,Other UK Airports,DONCASTER SHEFFIELD,81353,82701,-1.629968,81303,82692,-1.679727,50,9,455.555556,2018-03-01
5/23/2018 2:07:15 PM,201703,Other UK Airports,DUNDEE,1615,1789,-9.726104,1615,1789,-9.726104,0,0,Null,2018-03-01
5/23/2018 2:07:15 PM,201703,Other UK Airports,DURHAM TEES VALLEY,12076,10209,18.287785,11987,10176,17.796777,89,33,169.696970,2018-03-01
5/23/2018 2:07:15 PM,201703,Other UK Airports,EAST MIDLANDS INTERNATIONAL,274683,277955,-1.177169,274609,277955,-1.203792,74,0,Null,2018-03-01
5/23/2018 2:07:15 PM,201703,Other UK Airports,EDINBURGH,963363,963840,-0.049490,963363,963840,-0.049490,0,0,Null,2018-03-01
5/23/2018 2:07:15 PM,201703,Other UK Airports,EXETER,57790,61476,-5.995836,57769,61172,-5.563003,21,304,-93.092105,2018-03-01
5/23/2018 2:07:15 PM,201703,London Area Airports,GATWICK,3476905,3390836,2.538283,3476303,3390278,2.537403,602,558,7.885305,2018-03-01
5/23/2018 2:07:15 PM,201703,Other UK Airports,GLASGOW,665079,706047,-5.802447,664586,705919,-5.855204,493,128,285.156250,2018-03-01
5/23/2018 2:07:15 PM,201703,Other UK Airports,GLOUCESTERSHIRE,0,184,Null,0,184,Null,0,0,Null,2018-03-01
5/23/2018 2:07:15 PM,201703,Non UK Reporting Airports,GUERNSEY,61709,60042,2.776390,59270,57210,3.600769,2439,2832,-13.877119,2018-03-01
5/23/2018 2:07:15 PM,201703,London Area Airports,HEATHROW,6451345,6157292,4.775687,6449053,6155823,4.763457,2292,1469,56.024506,2018-03-01
5/23/2018 2:07:15 PM,201703,Other UK Airports,HUMBERSIDE,13961,15009,-6.982477,13874,15009,-7.562129,87,0,Null,2018-03-01
5/23/2018 2:07:15 PM,201703,Other UK Airports,INVERNESS,62564,64564,-3.097702,62564,64381,-2.822261,0,183,Null,2018-03-01
5/23/2018 2:07:15 PM,201703,Other UK Airports,ISLAY,2504,2583,-3.058459,2477,2563,-3.355443,27,20,35.000000,2018-03-01
5/23/2018 2:07:15 PM,201703,Non UK Reporting Airports,ISLE OF MAN,64866,65168,-0.463418,64866,65137,-0.416046,0,31,Null,2018-03-01
5/23/2018 2:07:15 PM,201703,Other UK Airports,ISLES OF SCILLY (ST.MARYS),5386,4506,19.529516,5386,4506,19.529516,0,0,Null,2018-03-01
5/23/2018 2:07:15 PM,201703,Non UK Reporting Airports,JERSEY,100600,113762,-11.569768,100600,112186,-10.327492,0,1576,Null,2018-03-01
5/23/2018 2:07:15 PM,201703,Other UK Airports,KIRKWALL,13897,13503,2.917870,12970,12549,3.354849,927,954,-2.830189,2018-03-01
5/23/2018 2:07:15 PM,201703,Other UK Airports,LANDS END (ST JUST),4128,3355,23.040238,4077,3302,23.470624,51,53,-3.773585,2018-03-01
5/23/2018 2:07:15 PM,201703,Other UK Airports,LEEDS BRADFORD,225584,247694,-8.926337,225381,247681,-9.003517,203,13,1461.538462,2018-03-01
5/23/2018 2:07:15 PM,201703,Other UK Airports,LERWICK (TINGWALL),224,260,-13.846154,224,260,-13.846154,0,0,Null,2018-03-01
5/23/2018 2:07:15 PM,201703,Other UK Airports,LIVERPOOL (JOHN LENNON),387006,362180,6.854603,386582,362137,6.750208,424,43,886.046512,2018-03-01
5/23/2018 2:07:15 PM,201703,London Area Airports,LONDON CITY,383265,403302,-4.968237,383265,403302,-4.968237,0,0,Null,2018-03-01
5/23/2018 2:07:15 PM,201703,London Area Airports,LUTON,1225318,1221776,0.289906,1225296,1221776,0.288105,22,0,Null,2018-03-01
5/23/2018 2:07:15 PM,201703,Other UK Airports,LYDD,10,46,-78.260870,10,46,-78.260870,0,0,Null,2018-03-01
5/23/2018 2:07:15 PM,201703,Other UK Airports,MANCHESTER,1994767,1920641,3.859441,1990357,1915496,3.908178,4410,5145,-14.285714,2018-03-01
5/23/2018 2:07:15 PM,201703,Other UK Airports,NEWCASTLE,342391,331874,3.168974,342113,331614,3.166030,278,260,6.923077,2018-03-01
5/23/2018 2:07:15 PM,201703,Other UK Airports,NEWQUAY,24217,24405,-0.770334,24207,24342,-0.554597,10,63,-84.126984,2018-03-01
5/23/2018 2:07:15 PM,201703,Other UK Airports,NORWICH,34767,36672,-5.194699,34767,36672,-5.194699,0,0,Null,2018-03-01
5/23/2018 2:07:15 PM,201703,Other UK Airports,PRESTWICK,38361,33341,15.056537,38356,33329,15.082961,5,12,-58.333333,2018-03-01
5/23/2018 2:07:15 PM,201703,Other UK Airports,SCATSTA,14139,15856,-10.828708,14139,15856,-10.828708,0,0,Null,2018-03-01
5/23/2018 2:07:15 PM,201703,Other UK Airports,SOUTHAMPTON,147156,157499,-6.567026,147156,157435,-6.529044,0,64,Null,2018-03-01
5/23/2018 2:07:15 PM,201703,London Area Airports,SOUTHEND,91723,66701,37.513680,91723,66701,37.513680,0,0,Null,2018-03-01
5/23/2018 2:07:15 PM,201703,London Area Airports,STANSTED,1989109,1882235,5.678037,1988754,1881924,5.676637,355,311,14.147910,2018-03-01
5/23/2018 2:07:15 PM,201703,Other UK Airports,STORNOWAY,10412,10458,-0.439855,10192,10266,-0.720826,220,192,14.583333,2018-03-01
5/23/2018 2:07:15 PM,201703,Other UK Airports,SUMBURGH,19043,15899,19.774829,19043,15899,19.774829,0,0,Null,2018-03-01
5/23/2018 2:07:15 PM,201703,Other UK Airports,TIREE,932,899,3.670745,911,861,5.807201,21,38,-44.736842,2018-03-01
5/23/2018 2:07:15 PM,201703,Other UK Airports,WICK JOHN O GROATS,1394,1653,-15.668482,1375,1653,-16.817907,19,0,Null,2018-03-01
8/10/2018 12:01:47 PM,201704,Other UK Airports,ABERDEEN,254237,248554,2.286425,254237,248392,2.353135,0,162,Null,2018-04-01
8/10/2018 12:01:47 PM,201704,Non UK Reporting Airports,ALDERNEY,4096,4629,-11.514366,4096,4629,-11.514366,0,0,Null,2018-04-01
8/10/2018 12:01:47 PM,201704,Other UK Airports,BARRA,1402,1338,4.783259,1402,1338,4.783259,0,0,Null,2018-04-01
8/10/2018 12:01:47 PM,201704,Other UK Airports,BELFAST CITY (GEORGE BEST),204267,217699,-6.169987,203961,217699,-6.310548,306,0,Null,2018-04-01
8/10/2018 12:01:47 PM,201704,Other UK Airports,BELFAST INTERNATIONAL,498574,499007,-0.086772,498574,499007,-0.086772,0,0,Null,2018-04-01
8/10/2018 12:01:47 PM,201704,Other UK Airports,BENBECULA,2721,2812,-3.236131,2721,2788,-2.403156,0,24,Null,2018-04-01
8/10/2018 12:01:47 PM,201704,Other UK Airports,BIGGIN HILL,124,9,1277.777778,124,9,1277.777778,0,0,Null,2018-04-01
8/10/2018 12:01:47 PM,201704,Other UK Airports,BIRMINGHAM,962715,1063571,-9.482771,962676,1063293,-9.462773,39,278,-85.971223,2018-04-01
8/10/2018 12:01:47 PM,201704,Other UK Airports,BLACKPOOL,2297,1504,52.726064,2297,1504,52.726064,0,0,Null,2018-04-01
8/10/2018 12:01:47 PM,201704,Other UK Airports,BOURNEMOUTH,64431,63469,1.515701,64431,63469,1.515701,0,0,Null,2018-04-01
8/10/2018 12:01:47 PM,201704,Other UK Airports,BRISTOL,703428,673997,4.366637,702940,673440,4.380494,488,557,-12.387792,2018-04-01
8/10/2018 12:01:47 PM,201704,Other UK Airports,CAMPBELTOWN,651,657,-0.913242,645,657,-1.826484,6,0,Null,2018-04-01
8/10/2018 12:01:47 PM,201704,Other UK Airports,CARDIFF WALES,105117,95780,9.748382,104874,95780,9.494675,243,0,Null,2018-04-01
8/10/2018 12:01:47 PM,201704,Other UK Airports,CITY OF DERRY (EGLINTON),14988,10568,41.824375,14988,10568,41.824375,0,0,Null,2018-04-01
8/10/2018 12:01:47 PM,201704,Other UK Airports,DONCASTER SHEFFIELD,94263,103062,-8.537579,94261,103062,-8.539520,2,0,Null,2018-04-01
8/10/2018 12:01:47 PM,201704,Other UK Airports,DUNDEE,1562,1921,-18.688183,1562,1921,-18.688183,0,0,Null,2018-04-01
8/10/2018 12:01:47 PM,201704,Other UK Airports,DURHAM TEES VALLEY,11905,10069,18.234184,11811,9971,18.453515,94,98,-4.081633,2018-04-01
8/10/2018 12:01:47 PM,201704,Other UK Airports,EAST MIDLANDS INTERNATIONAL,405286,404227,0.261982,405286,404227,0.261982,0,0,Null,2018-04-01
8/10/2018 12:01:47 PM,201704,Other UK Airports,EDINBURGH,1205233,1140823,5.645924,1205233,1140823,5.645924,0,0,Null,2018-04-01
8/10/2018 12:01:47 PM,201704,Other UK Airports,EXETER,74967,75665,-0.922487,74967,75665,-0.922487,0,0,Null,2018-04-01
8/10/2018 12:01:47 PM,201704,London Area Airports,GATWICK,3742717,3795636,-1.394206,3742456,3795583,-1.399706,261,53,392.452830,2018-04-01
8/10/2018 12:01:47 PM,201704,Other UK Airports,GLASGOW,798259,785992,1.560703,798259,785719,1.595990,0,273,Null,2018-04-01
8/10/2018 12:01:47 PM,201704,Non UK Reporting Airports,GUERNSEY,66049,71125,-7.136731,63653,68498,-7.073199,2396,2627,-8.793300,2018-04-01
8/10/2018 12:01:47 PM,201704,London Area Airports,HEATHROW,6537414,6732994,-2.904800,6535698,6731652,-2.910935,1716,1342,27.868852,2018-04-01
8/10/2018 12:01:47 PM,201704,Other UK Airports,HUMBERSIDE,13992,15310,-8.608752,13938,15300,-8.901961,54,10,440.000000,2018-04-01
8/10/2018 12:01:47 PM,201704,Other UK Airports,INVERNESS,79455,76965,3.235237,79431,76892,3.302034,24,73,-67.123288,2018-04-01
8/10/2018 12:01:47 PM,201704,Other UK Airports,ISLAY,3023,2695,12.170686,3000,2676,12.107623,23,19,21.052632,2018-04-01
8/10/2018 12:01:47 PM,201704,Non UK Reporting Airports,ISLE OF MAN,65462,63338,3.353437,65462,63303,3.410581,0,35,Null,2018-04-01
8/10/2018 12:01:47 PM,201704,Other UK Airports,ISLES OF SCILLY (ST.MARYS),9098,10755,-15.406788,9098,10755,-15.406788,0,0,Null,2018-04-01
8/10/2018 12:01:47 PM,201704,Non UK Reporting Airports,JERSEY,117734,143292,-17.836306,117734,141122,-16.572894,0,2170,Null,2018-04-01
8/10/2018 12:01:47 PM,201704,Other UK Airports,KIRKWALL,15096,14042,7.506053,14039,12846,9.286938,1057,1196,-11.622074,2018-04-01
8/10/2018 12:01:47 PM,201704,Other UK Airports,LANDS END (ST JUST),5958,7208,-17.341842,5957,6951,-14.300101,1,257,-99.610895,2018-04-01
8/10/2018 12:01:47 PM,201704,Other UK Airports,LEEDS BRADFORD,300208,331000,-9.302719,299961,330975,-9.370496,247,25,888.000000,2018-04-01
8/10/2018 12:01:47 PM,201704,Other UK Airports,LERWICK (TINGWALL),337,250,34.800000,337,250,34.800000,0,0,Null,2018-04-01
8/10/2018 12:01:47 PM,201704,Other UK Airports,LIVERPOOL (JOHN LENNON),438296,438601,-0.069539,438117,438082,0.007989,179,519,-65.510597,2018-04-01
8/10/2018 12:01:47 PM,201704,London Area Airports,LONDON CITY,385190,359802,7.056103,385190,359802,7.056103,0,0,Null,2018-04-01
8/10/2018 12:01:47 PM,201704,London Area Airports,LUTON,1404430,1358471,3.383142,1403688,1358471,3.328522,742,0,Null,2018-04-01
8/10/2018 12:01:47 PM,201704,Other UK Airports,LYDD,0,67,Null,0,67,Null,0,0,Null,2018-04-01
8/10/2018 12:01:47 PM,201704,Other UK Airports,MANCHESTER,2202186,2247266,-2.005993,2198411,2242804,-1.979353,3775,4462,-15.396683,2018-04-01
8/10/2018 12:01:47 PM,201704,Other UK Airports,NEWCASTLE,402096,404141,-0.506012,401971,404024,-0.508138,125,117,6.837607,2018-04-01
8/10/2018 12:01:47 PM,201704,Other UK Airports,NEWQUAY,38445,41795,-8.015313,38440,41551,-7.487184,5,244,-97.950820,2018-04-01
8/10/2018 12:01:47 PM,201704,Other UK Airports,NORWICH,35774,36838,-2.888322,35774,36838,-2.888322,0,0,Null,2018-04-01
8/10/2018 12:01:47 PM,201704,Other UK Airports,PRESTWICK,74901,72435,3.404432,74896,72430,3.404667,5,5,(None),2018-04-01
8/10/2018 12:01:47 PM,201704,Other UK Airports,SCATSTA,16213,13622,19.020702,16213,13622,19.020702,0,0,Null,2018-04-01
8/10/2018 12:01:47 PM,201704,Other UK Airports,SOUTHAMPTON,168899,166198,1.625170,168899,166084,1.694925,0,114,Null,2018-04-01
8/10/2018 12:01:47 PM,201704,London Area Airports,SOUTHEND,113203,87666,29.129879,113203,87666,29.129879,0,0,Null,2018-04-01
8/10/2018 12:01:47 PM,201704,London Area Airports,STANSTED,2363926,2187964,8.042271,2363800,2187508,8.059033,126,456,-72.368421,2018-04-01
8/10/2018 12:01:47 PM,201704,Other UK Airports,STORNOWAY,10409,10590,-1.709160,10287,10462,-1.672720,122,128,-4.687500,2018-04-01
8/10/2018 12:01:47 PM,201704,Other UK Airports,SUMBURGH,19154,17056,12.300657,19148,17056,12.265478,6,0,Null,2018-04-01
8/10/2018 12:01:47 PM,201704,Other UK Airports,TIREE,1031,1070,-3.644860,995,1050,-5.238095,36,20,80.000000,2018-04-01
8/10/2018 12:01:47 PM,201704,Other UK Airports,WICK JOHN O GROATS,1346,1334,0.899550,1346,1324,1.661631,0,10,Null,2018-04-01
8/9/2018 4:03:25 PM,201705,Other UK Airports,ABERDEEN,276578,270283,2.329040,276578,270283,2.329040,0,0,Null,2018-05-01
8/9/2018 4:03:25 PM,201705,Non UK Reporting Airports,ALDERNEY,4692,4903,-4.303488,4692,4903,-4.303488,0,0,Null,2018-05-01
8/9/2018 4:03:25 PM,201705,Other UK Airports,BARRA,1569,1507,4.114134,1569,1507,4.114134,0,0,Null,2018-05-01
8/9/2018 4:03:25 PM,201705,Other UK Airports,BELFAST CITY (GEORGE BEST),232133,221829,4.645019,231916,221829,4.547196,217,0,Null,2018-05-01
8/9/2018 4:03:25 PM,201705,Other UK Airports,BELFAST INTERNATIONAL,557484,523527,6.486198,557484,523527,6.486198,0,0,Null,2018-05-01
8/9/2018 4:03:25 PM,201705,Other UK Airports,BENBECULA,3219,2819,14.189429,3219,2819,14.189429,0,0,Null,2018-05-01
8/9/2018 4:03:25 PM,201705,Other UK Airports,BIGGIN HILL,108,60,80.000000,108,60,80.000000,0,0,Null,2018-05-01
8/9/2018 4:03:25 PM,201705,Other UK Airports,BIRMINGHAM,1132818,1202880,-5.824521,1132818,1202451,-5.790922,0,429,Null,2018-05-01
8/9/2018 4:03:25 PM,201705,Other UK Airports,BLACKPOOL,1818,1489,22.095366,1818,1489,22.095366,0,0,Null,2018-05-01
8/9/2018 4:03:25 PM,201705,Other UK Airports,BOURNEMOUTH,71567,74263,-3.630341,71567,74145,-3.476971,0,118,Null,2018-05-01
8/9/2018 4:03:25 PM,201705,Other UK Airports,BRISTOL,834439,776528,7.457683,834054,775882,7.497532,385,646,-40.402477,2018-05-01
8/9/2018 4:03:25 PM,201705,Other UK Airports,CAMPBELTOWN,955,984,-2.947154,946,984,-3.861789,9,0,Null,2018-05-01
8/9/2018 4:03:25 PM,201705,Other UK Airports,CARDIFF WALES,164966,147369,11.940775,164897,147200,12.022418,69,169,-59.171598,2018-05-01
8/9/2018 4:03:25 PM,201705,Other UK Airports,CITY OF DERRY (EGLINTON),15541,13852,12.193185,15541,13852,12.193185,0,0,Null,2018-05-01
8/9/2018 4:03:25 PM,201705,Other UK Airports,DONCASTER SHEFFIELD,122235,126162,-3.112665,122235,126162,-3.112665,0,0,Null,2018-05-01
8/9/2018 4:03:25 PM,201705,Other UK Airports,DUNDEE,2023,2201,-8.087233,2023,2201,-8.087233,0,0,Null,2018-05-01
8/9/2018 4:03:25 PM,201705,Other UK Airports,DURHAM TEES VALLEY,12218,11005,11.022263,12121,10922,10.977843,97,83,16.867470,2018-05-01
8/9/2018 4:03:25 PM,201705,Other UK Airports,EAST MIDLANDS INTERNATIONAL,517080,502503,2.900878,517080,502503,2.900878,0,0,Null,2018-05-01
8/9/2018 4:03:25 PM,201705,Other UK Airports,EDINBURGH,1324075,1229704,7.674286,1324005,1229704,7.668593,70,0,Null,2018-05-01
8/9/2018 4:03:25 PM,201705,Other UK Airports,EXETER,87578,86731,0.976583,87530,86731,0.921239,48,0,Null,2018-05-01
8/9/2018 4:03:25 PM,201705,London Area Airports,GATWICK,4103134,4089293,0.338469,4102697,4089151,0.331267,437,142,207.746479,2018-05-01
8/9/2018 4:03:25 PM,201705,Other UK Airports,GLASGOW,928240,910843,1.909989,928240,910104,1.992739,0,739,Null,2018-05-01
8/9/2018 4:03:25 PM,201705,Non UK Reporting Airports,GUERNSEY,75785,75712,0.096418,72838,72766,0.098947,2947,2946,0.033944,2018-05-01
8/9/2018 4:03:25 PM,201705,London Area Airports,HEATHROW,6629804,6477900,2.344957,6626923,6475765,2.334211,2881,2135,34.941452,2018-05-01
8/9/2018 4:03:25 PM,201705,Other UK Airports,HUMBERSIDE,16722,17608,-5.031804,16684,17541,-4.885696,38,67,-43.283582,2018-05-01
8/9/2018 4:03:25 PM,201705,Other UK Airports,INVERNESS,86099,81522,5.614435,86025,81490,5.565100,74,32,131.250000,2018-05-01
8/9/2018 4:03:25 PM,201705,Other UK Airports,ISLAY,3619,3574,1.259093,3587,3552,0.985360,32,22,45.454545,2018-05-01
8/9/2018 4:03:25 PM,201705,Non UK Reporting Airports,ISLE OF MAN,74790,67791,10.324379,74790,67768,10.361823,0,23,Null,2018-05-01
8/9/2018 4:03:25 PM,201705,Other UK Airports,ISLES OF SCILLY (ST.MARYS),10868,9824,10.627036,10868,9824,10.627036,0,0,Null,2018-05-01
8/9/2018 4:03:25 PM,201705,Non UK Reporting Airports,JERSEY,159746,151084,5.733234,157810,149082,5.854496,1936,2002,-3.296703,2018-05-01
8/9/2018 4:03:25 PM,201705,Other UK Airports,KIRKWALL,17916,17107,4.729058,16713,15877,5.265478,1203,1230,-2.195122,2018-05-01
8/9/2018 4:03:25 PM,201705,Other UK Airports,LANDS END (ST JUST),6641,5972,11.202277,6641,5936,11.876685,0,36,Null,2018-05-01
8/9/2018 4:03:25 PM,201705,Other UK Airports,LEEDS BRADFORD,389259,398154,-2.234060,388966,398105,-2.295626,293,49,497.959184,2018-05-01
8/9/2018 4:03:25 PM,201705,Other UK Airports,LERWICK (TINGWALL),543,564,-3.723404,543,564,-3.723404,0,0,Null,2018-05-01
8/9/2018 4:03:25 PM,201705,Other UK Airports,LIVERPOOL (JOHN LENNON),464438,447703,3.737969,464104,447578,3.692317,334,125,167.200000,2018-05-01
8/9/2018 4:03:25 PM,201705,London Area Airports,LONDON CITY,424392,384855,10.273220,424392,384855,10.273220,0,0,Null,2018-05-01
8/9/2018 4:03:25 PM,201705,London Area Airports,LUTON,1519110,1464646,3.718578,1519110,1464646,3.718578,0,0,Null,2018-05-01
8/9/2018 4:03:25 PM,201705,Other UK Airports,LYDD,3,108,-97.222222,3,108,-97.222222,0,0,Null,2018-05-01
8/9/2018 4:03:25 PM,201705,Other UK Airports,MANCHESTER,2495356,2512442,-0.680055,2490941,2506838,-0.634145,4415,5604,-21.216988,2018-05-01
8/9/2018 4:03:25 PM,201705,Other UK Airports,NEWCASTLE,519095,504878,2.815928,518890,504634,2.825018,205,244,-15.983607,2018-05-01
8/9/2018 4:03:25 PM,201705,Other UK Airports,NEWQUAY,46469,46617,-0.317481,46447,46368,0.170376,22,249,-91.164659,2018-05-01
8/9/2018 4:03:25 PM,201705,Other UK Airports,NORWICH,53568,51985,3.045109,53568,51985,3.045109,0,0,Null,2018-05-01
8/9/2018 4:03:25 PM,201705,Other UK Airports,OXFORD (KIDLINGTON),100,0,Null,100,0,Null,0,0,Null,2018-05-01
8/9/2018 4:03:25 PM,201705,Other UK Airports,PRESTWICK,79563,74411,6.923708,79553,74403,6.921764,10,8,25.000000,2018-05-01
8/9/2018 4:03:25 PM,201705,Other UK Airports,SCATSTA,17169,15447,11.147796,17169,15447,11.147796,0,0,Null,2018-05-01
8/9/2018 4:03:25 PM,201705,Other UK Airports,SOUTHAMPTON,182987,176331,3.774719,182987,176331,3.774719,0,0,Null,2018-05-01
8/9/2018 4:03:25 PM,201705,London Area Airports,SOUTHEND,128592,100239,28.285398,128592,100239,28.285398,0,0,Null,2018-05-01
8/9/2018 4:03:25 PM,201705,London Area Airports,STANSTED,2516480,2306315,9.112589,2516480,2306315,9.112589,0,0,Null,2018-05-01
8/9/2018 4:03:25 PM,201705,Other UK Airports,STORNOWAY,12615,11283,11.805371,12421,11125,11.649438,194,158,22.784810,2018-05-01
8/9/2018 4:03:25 PM,201705,Other UK Airports,SUMBURGH,21966,19026,15.452539,21966,19015,15.519327,0,11,Null,2018-05-01
8/9/2018 4:03:25 PM,201705,Other UK Airports,TIREE,1304,1047,24.546323,1268,985,28.730964,36,62,-41.935484,2018-05-01
8/9/2018 4:03:25 PM,201705,Other UK Airports,WICK JOHN O GROATS,1604,1667,-3.779244,1604,1667,-3.779244,0,0,Null,2018-05-01
8/23/2018 1:36:58 PM,201706,Other UK Airports,ABERDEEN,276391,286764,-3.617260,276391,286764,-3.617260,0,0,Null,2018-06-01
8/23/2018 1:36:58 PM,201706,Non UK Reporting Airports,ALDERNEY,5023,5070,-0.927022,5023,5070,-0.927022,0,0,Null,2018-06-01
8/23/2018 1:36:58 PM,201706,Other UK Airports,BARRA,1516,1536,-1.302083,1516,1536,-1.302083,0,0,Null,2018-06-01
8/23/2018 1:36:58 PM,201706,Other UK Airports,BELFAST CITY (GEORGE BEST),234347,239438,-2.126229,234263,239438,-2.161311,84,0,Null,2018-06-01
8/23/2018 1:36:58 PM,201706,Other UK Airports,BELFAST INTERNATIONAL,608884,565424,7.686267,608884,565424,7.686267,0,0,Null,2018-06-01
8/23/2018 1:36:58 PM,201706,Other UK Airports,BENBECULA,3312,2867,15.521451,3299,2867,15.068015,13,0,Null,2018-06-01
8/23/2018 1:36:58 PM,201706,Other UK Airports,BIGGIN HILL,90,30,200.000000,90,30,200.000000,0,0,Null,2018-06-01
8/23/2018 1:36:58 PM,201706,Other UK Airports,BIRMINGHAM,1239181,1302204,-4.839718,1239151,1301755,-4.809200,30,449,-93.318486,2018-06-01
8/23/2018 1:36:58 PM,201706,Other UK Airports,BLACKPOOL,1698,2076,-18.208092,1698,2076,-18.208092,0,0,Null,2018-06-01
8/23/2018 1:36:58 PM,201706,Other UK Airports,BOURNEMOUTH,74870,76168,-1.704128,74870,76168,-1.704128,0,0,Null,2018-06-01
8/23/2018 1:36:58 PM,201706,Other UK Airports,BRISTOL,907964,852315,6.529159,907578,851706,6.560010,386,609,-36.617406,2018-06-01
8/23/2018 1:36:58 PM,201706,Other UK Airports,CAMPBELTOWN,835,983,-15.055951,835,976,-14.446721,0,7,Null,2018-06-01
8/23/2018 1:36:58 PM,201706,Other UK Airports,CARDIFF WALES,181531,184969,-1.858690,181292,184969,-1.987901,239,0,Null,2018-06-01
8/23/2018 1:36:58 PM,201706,Other UK Airports,CITY OF DERRY (EGLINTON),15769,14343,9.942132,15769,14343,9.942132,0,0,Null,2018-06-01
8/23/2018 1:36:58 PM,201706,Other UK Airports,DONCASTER SHEFFIELD,135465,140527,-3.602155,135465,140527,-3.602155,0,0,Null,2018-06-01
8/23/2018 1:36:58 PM,201706,Other UK Airports,DUNDEE,1834,2017,-9.072881,1834,2017,-9.072881,0,0,Null,2018-06-01
8/23/2018 1:36:58 PM,201706,Other UK Airports,DURHAM TEES VALLEY,13035,11552,12.837604,12921,11474,12.611121,114,78,46.153846,2018-06-01
8/23/2018 1:36:58 PM,201706,Other UK Airports,EAST MIDLANDS INTERNATIONAL,560272,559027,0.222708,560272,558830,0.258039,0,197,Null,2018-06-01
8/23/2018 1:36:58 PM,201706,Other UK Airports,EDINBURGH,1393083,1302433,6.960051,1392839,1302433,6.941317,244,0,Null,2018-06-01
8/23/2018 1:36:58 PM,201706,Other UK Airports,EXETER,95651,92180,3.765459,95637,92180,3.750271,14,0,Null,2018-06-01
8/23/2018 1:36:58 PM,201706,London Area Airports,GATWICK,4499857,4401807,2.227494,4499025,4401626,2.212796,832,181,359.668508,2018-06-01
8/23/2018 1:36:58 PM,201706,Other UK Airports,GLASGOW,1008111,999979,0.813217,1007911,999979,0.793217,200,0,Null,2018-06-01
8/23/2018 1:36:58 PM,201706,Other UK Airports,GLOUCESTERSHIRE,0,60,Null,0,60,Null,0,0,Null,2018-06-01
8/23/2018 1:36:58 PM,201706,Non UK Reporting Airports,GUERNSEY,77887,78294,-0.519835,75220,75329,-0.144699,2667,2965,-10.050590,2018-06-01
8/23/2018 1:36:58 PM,201706,London Area Airports,HEATHROW,7086917,6760362,4.830437,7084576,6758170,4.829799,2341,2192,6.797445,2018-06-01
8/23/2018 1:36:58 PM,201706,Other UK Airports,HUMBERSIDE,18372,17895,2.665549,18304,17895,2.285555,68,0,Null,2018-06-01
8/23/2018 1:36:58 PM,201706,Other UK Airports,INVERNESS,87270,86406,0.999931,87008,86393,0.711863,262,13,1915.384615,2018-06-01
8/23/2018 1:36:58 PM,201706,Other UK Airports,ISLAY,3358,3591,-6.488443,3331,3564,-6.537598,27,27,(None),2018-06-01
8/23/2018 1:36:58 PM,201706,Non UK Reporting Airports,ISLE OF MAN,87506,84221,3.900452,87506,84207,3.917727,0,14,Null,2018-06-01
8/23/2018 1:36:58 PM,201706,Other UK Airports,ISLES OF SCILLY (ST.MARYS),11957,10852,10.182455,11957,10852,10.182455,0,0,Null,2018-06-01
8/23/2018 1:36:58 PM,201706,Non UK Reporting Airports,JERSEY,169794,158727,6.972349,168445,156714,7.485611,1349,2013,-32.985594,2018-06-01
8/23/2018 1:36:58 PM,201706,Other UK Airports,KIRKWALL,17796,17538,1.471091,16627,16177,2.781727,1169,1361,-14.107274,2018-06-01
8/23/2018 1:36:58 PM,201706,Other UK Airports,LANDS END (ST JUST),7286,5946,22.536159,7262,5908,22.918077,24,38,-36.842105,2018-06-01
8/23/2018 1:36:58 PM,201706,Other UK Airports,LEEDS BRADFORD,463420,458239,1.130633,463393,458093,1.156970,27,146,-81.506849,2018-06-01
8/23/2018 1:36:58 PM,201706,Other UK Airports,LERWICK (TINGWALL),470,488,-3.688525,470,488,-3.688525,0,0,Null,2018-06-01
8/23/2018 1:36:58 PM,201706,Other UK Airports,LIVERPOOL (JOHN LENNON),462856,451301,2.560375,462606,451275,2.510886,250,26,861.538462,2018-06-01
8/23/2018 1:36:58 PM,201706,London Area Airports,LONDON CITY,443721,410183,8.176351,443721,410183,8.176351,0,0,Null,2018-06-01
8/23/2018 1:36:58 PM,201706,London Area Airports,LUTON,1585660,1522106,4.175399,1585355,1522106,4.155361,305,0,Null,2018-06-01
8/23/2018 1:36:58 PM,201706,Other UK Airports,LYDD,47,80,-41.250000,47,80,-41.250000,0,0,Null,2018-06-01
8/23/2018 1:36:58 PM,201706,Other UK Airports,MANCHESTER,2853875,2759979,3.402055,2848855,2755129,3.401873,5020,4850,3.505155,2018-06-01
8/23/2018 1:36:58 PM,201706,Other UK Airports,NEWCASTLE,588374,581808,1.128551,588064,581609,1.109852,310,199,55.778894,2018-06-01
8/23/2018 1:36:58 PM,201706,Other UK Airports,NEWQUAY,54652,51823,5.458966,54417,51692,5.271609,235,131,79.389313,2018-06-01
8/23/2018 1:36:58 PM,201706,Other UK Airports,NORWICH,58572,55774,5.016674,58572,55774,5.016674,0,0,Null,2018-06-01
8/23/2018 1:36:58 PM,201706,Other UK Airports,PRESTWICK,80083,78056,2.596854,79570,78051,1.946163,513,5,10160.000000,2018-06-01
8/23/2018 1:36:58 PM,201706,Other UK Airports,SCATSTA,16887,14932,13.092687,16887,14932,13.092687,0,0,Null,2018-06-01
8/23/2018 1:36:58 PM,201706,Other UK Airports,SOUTHAMPTON,187633,198455,-5.453125,187633,198455,-5.453125,0,0,Null,2018-06-01
8/23/2018 1:36:58 PM,201706,London Area Airports,SOUTHEND,144069,107573,33.926729,144069,107573,33.926729,0,0,Null,2018-06-01
8/23/2018 1:36:58 PM,201706,London Area Airports,STANSTED,2635451,2363544,11.504207,2635372,2363544,11.500865,79,0,Null,2018-06-01
8/23/2018 1:36:58 PM,201706,Other UK Airports,STORNOWAY,12346,11704,5.485304,12120,11527,5.144443,226,177,27.683616,2018-06-01
8/23/2018 1:36:58 PM,201706,Other UK Airports,SUMBURGH,22371,20210,10.692726,22355,20208,10.624505,16,2,700.000000,2018-06-01
8/23/2018 1:36:58 PM,201706,Other UK Airports,TIREE,1331,1093,21.774931,1305,1056,23.579545,26,37,-29.729730,2018-06-01
8/23/2018 1:36:58 PM,201706,Other UK Airports,WICK JOHN O GROATS,1606,1673,-4.004782,1606,1673,-4.004782,0,0,Null,2018-06-01
9/12/2018 1:30:17 PM,201707,Other UK Airports,ABERDEEN,291385,296974,-1.881983,291362,296943,-1.879485,23,31,-25.806452,2018-07-01
9/12/2018 1:30:17 PM,201707,Non UK Reporting Airports,ALDERNEY,6012,5951,1.025038,6012,5951,1.025038,0,0,Null,2018-07-01
9/12/2018 1:30:17 PM,201707,Other UK Airports,BARRA,1570,1595,-1.567398,1570,1595,-1.567398,0,0,Null,2018-07-01
9/12/2018 1:30:17 PM,201707,Other UK Airports,BELFAST CITY (GEORGE BEST),250504,257035,-2.540899,250504,257035,-2.540899,0,0,Null,2018-07-01
9/12/2018 1:30:17 PM,201707,Other UK Airports,BELFAST INTERNATIONAL,676383,609433,10.985621,676383,609433,10.985621,0,0,Null,2018-07-01
9/12/2018 1:30:17 PM,201707,Other UK Airports,BENBECULA,3435,3381,1.597161,3435,3381,1.597161,0,0,Null,2018-07-01
9/12/2018 1:30:17 PM,201707,Other UK Airports,BIGGIN HILL,230,132,74.242424,230,132,74.242424,0,0,Null,2018-07-01
9/12/2018 1:30:17 PM,201707,Other UK Airports,BIRMINGHAM,1313887,1436756,-8.551835,1312986,1435875,-8.558475,901,881,2.270148,2018-07-01
9/12/2018 1:30:17 PM,201707,Other UK Airports,BLACKPOOL,2469,1723,43.296576,2469,1723,43.296576,0,0,Null,2018-07-01
9/12/2018 1:30:17 PM,201707,Other UK Airports,BOURNEMOUTH,74453,81376,-8.507422,74453,81199,-8.307984,0,177,Null,2018-07-01
9/12/2018 1:30:17 PM,201707,Other UK Airports,BRISTOL,938776,875208,7.263188,938411,874472,7.311726,365,736,-50.407609,2018-07-01
9/12/2018 1:30:17 PM,201707,Other UK Airports,CAMPBELTOWN,932,852,9.389671,916,852,7.511737,16,0,Null,2018-07-01
9/12/2018 1:30:17 PM,201707,Other UK Airports,CARDIFF WALES,192021,172002,11.638818,191944,171605,11.852219,77,397,-80.604534,2018-07-01
9/12/2018 1:30:17 PM,201707,Other UK Airports,CITY OF DERRY (EGLINTON),18288,16880,8.341232,18288,16880,8.341232,0,0,Null,2018-07-01
9/12/2018 1:30:17 PM,201707,Other UK Airports,DONCASTER SHEFFIELD,139863,153444,-8.850786,139863,153444,-8.850786,0,0,Null,2018-07-01
9/12/2018 1:30:17 PM,201707,Other UK Airports,DUNDEE,2118,1652,28.208232,2118,1652,28.208232,0,0,Null,2018-07-01
9/12/2018 1:30:17 PM,201707,Other UK Airports,DURHAM TEES VALLEY,11701,11046,5.929748,11603,10947,5.992509,98,99,-1.010101,2018-07-01
9/12/2018 1:30:17 PM,201707,Other UK Airports,EAST MIDLANDS INTERNATIONAL,576208,588060,-2.015441,576208,587883,-1.985939,0,177,Null,2018-07-01
9/12/2018 1:30:17 PM,201707,Other UK Airports,EDINBURGH,1499476,1411651,6.221439,1499155,1411440,6.214575,321,211,52.132701,2018-07-01
9/12/2018 1:30:17 PM,201707,Other UK Airports,EXETER,97945,97438,0.520331,97945,97438,0.520331,0,0,Null,2018-07-01
9/12/2018 1:30:17 PM,201707,London Area Airports,GATWICK,4797036,4751035,0.968231,4795868,4751035,0.943647,1168,0,Null,2018-07-01
9/12/2018 1:30:17 PM,201707,Other UK Airports,GLASGOW,1066738,1082273,-1.435405,1066159,1082047,-1.468328,579,226,156.194690,2018-07-01
9/12/2018 1:30:17 PM,201707,Non UK Reporting Airports,GUERNSEY,84416,85313,-1.051422,81584,82259,-0.820579,2832,3054,-7.269155,2018-07-01
9/12/2018 1:30:17 PM,201707,London Area Airports,HEATHROW,7796030,7534992,3.464343,7793509,7532136,3.470105,2521,2856,-11.729692,2018-07-01
9/12/2018 1:30:17 PM,201707,Other UK Airports,HUMBERSIDE,18078,18257,-0.980446,18076,18248,-0.942569,2,9,-77.777778,2018-07-01
9/12/2018 1:30:17 PM,201707,Other UK Airports,INVERNESS,98272,91975,6.846426,98032,91896,6.677113,240,79,203.797468,2018-07-01
9/12/2018 1:30:17 PM,201707,Other UK Airports,ISLAY,3302,3247,1.693871,3277,3224,1.643921,25,23,8.695652,2018-07-01
9/12/2018 1:30:17 PM,201707,Non UK Reporting Airports,ISLE OF MAN,73519,69345,6.019179,73519,69302,6.084961,0,43,Null,2018-07-01
9/12/2018 1:30:17 PM,201707,Other UK Airports,ISLES OF SCILLY (ST.MARYS),13412,11284,18.858561,13412,11284,18.858561,0,0,Null,2018-07-01
9/12/2018 1:30:17 PM,201707,Non UK Reporting Airports,JERSEY,185645,177440,4.624098,184205,175175,5.154845,1440,2265,-36.423841,2018-07-01
9/12/2018 1:30:17 PM,201707,Other UK Airports,KIRKWALL,17781,17901,-0.670354,16551,16598,-0.283167,1230,1303,-5.602456,2018-07-01
9/12/2018 1:30:17 PM,201707,Other UK Airports,LANDS END (ST JUST),8567,6361,34.680082,8531,6311,35.176676,36,50,-28.000000,2018-07-01
9/12/2018 1:30:17 PM,201707,Other UK Airports,LEEDS BRADFORD,501352,503330,-0.392983,501352,503195,-0.36626,0,135,Null,2018-07-01
9/12/2018 1:30:17 PM,201707,Other UK Airports,LERWICK (TINGWALL),492,593,-17.03204,492,593,-17.03204,0,0,Null,2018-07-01
9/12/2018 1:30:17 PM,201707,Other UK Airports,LIVERPOOL (JOHN LENNON),490901,492696,-0.364322,490347,492160,-0.368376,554,536,3.358209,2018-07-01
9/12/2018 1:30:17 PM,201707,London Area Airports,LONDON CITY,473866,409488,15.721584,473866,409488,15.721584,0,0,Null,2018-07-01
9/12/2018 1:30:17 PM,201707,London Area Airports,LUTON,1695575,1641751,3.278451,1694726,1641348,3.252083,849,403,110.669975,2018-07-01
9/12/2018 1:30:17 PM,201707,Other UK Airports,LYDD,65,136,-52.205882,65,136,-52.205882,0,0,Null,2018-07-01
9/12/2018 1:30:17 PM,201707,Other UK Airports,MANCHESTER,3047987,3033003,0.494032,3044919,3029332,0.514536,3068,3671,-16.426042,2018-07-01
9/12/2018 1:30:17 PM,201707,Other UK Airports,NEWCASTLE,616656,612869,0.617913,616523,612681,0.62708,133,188,-29.255319,2018-07-01
9/12/2018 1:30:17 PM,201707,Other UK Airports,NEWQUAY,59188,61935,-4.435295,59138,61783,-4.281113,50,152,-67.105263,2018-07-01
9/12/2018 1:30:17 PM,201707,Other UK Airports,NORWICH,59009,58051,1.650273,59009,58051,1.650273,0,0,Null,2018-07-01
9/12/2018 1:30:17 PM,201707,Other UK Airports,PRESTWICK,82551,94145,-12.315046,82544,94136,-12.314099,7,9,-22.222222,2018-07-01
9/12/2018 1:30:17 PM,201707,Other UK Airports,SCATSTA,16065,14688,9.375,16065,14688,9.375,0,0,Null,2018-07-01
9/12/2018 1:30:17 PM,201707,Other UK Airports,SOUTHAMPTON,201243,218755,-8.005303,201243,218720,-7.990582,0,35,Null,2018-07-01
9/12/2018 1:30:17 PM,201707,London Area Airports,SOUTHEND,167047,120249,38.917579,167047,119901,39.320773,0,348,Null,2018-07-01
9/12/2018 1:30:17 PM,201707,London Area Airports,STANSTED,2770804,2583111,7.266161,2770369,2582181,7.287948,435,930,-53.225806,2018-07-01
9/12/2018 1:30:17 PM,201707,Other UK Airports,STORNOWAY,12566,11882,5.756607,12367,11696,5.737004,199,186,6.989247,2018-07-01
9/12/2018 1:30:17 PM,201707,Other UK Airports,SUMBURGH,20840,27049,-22.954638,20821,27047,-23.019189,19,2,850.000000,2018-07-01
9/12/2018 1:30:17 PM,201707,Other UK Airports,TIREE,1653,1737,-4.835924,1611,1710,-5.789474,42,27,55.555556,2018-07-01
9/12/2018 1:30:17 PM,201707,Other UK Airports,WICK JOHN O GROATS,1475,1562,-5.569782,1475,1562,-5.569782,0,0,Null,2018-07-01
10/25/2018 9:29:54 AM,201708,Other UK Airports,ABERDEEN,283635,289102,-1.891028,283635,289102,-1.891028,0,0,Null,2018-08-01
10/25/2018 9:29:54 AM,201708,Non UK Reporting Airports,ALDERNEY,7314,7646,-4.34214,7314,7646,-4.34214,0,0,Null,2018-08-01
10/25/2018 9:29:54 AM,201708,Other UK Airports,BARRA,1504,1649,-8.793208,1504,1649,-8.793208,0,0,Null,2018-08-01
10/25/2018 9:29:54 AM,201708,Other UK Airports,BELFAST CITY (GEORGE BEST),255024,264928,-3.738374,255024,264928,-3.738374,0,0,Null,2018-08-01
10/25/2018 9:29:54 AM,201708,Other UK Airports,BELFAST INTERNATIONAL,672018,592045,13.507926,672018,592045,13.507926,0,0,Null,2018-08-01
10/25/2018 9:29:54 AM,201708,Other UK Airports,BENBECULA,3336,3126,6.71785,3336,3126,6.71785,0,0,Null,2018-08-01
10/25/2018 9:29:54 AM,201708,Other UK Airports,BIGGIN HILL,312,355,-12.112676,312,355,-12.112676,0,0,Null,2018-08-01
10/25/2018 9:29:54 AM,201708,Other UK Airports,BIRMINGHAM,1368524,1496213,-8.534146,1368293,1495578,-8.510756,231,635,-63.622047,2018-08-01
10/25/2018 9:29:54 AM,201708,Other UK Airports,BLACKPOOL,1209,1754,-31.071836,1209,1754,-31.071836,0,0,Null,2018-08-01
10/25/2018 9:29:54 AM,201708,Other UK Airports,BOURNEMOUTH,80514,85866,-6.232968,80514,85866,-6.232968,0,0,Null,2018-08-01
10/25/2018 9:29:54 AM,201708,Other UK Airports,BRISTOL,964610,905188,6.564603,964549,905050,6.574112,61,138,-55.797101,2018-08-01
10/25/2018 9:29:54 AM,201708,Other UK Airports,CAMPBELTOWN,930,1001,-7.092907,916,1001,-8.491508,14,0,Null,2018-08-01
10/25/2018 9:29:54 AM,201708,Other UK Airports,CARDIFF WALES,202405,182179,11.102268,202405,182179,11.102268,0,0,Null,2018-08-01
10/25/2018 9:29:54 AM,201708,Other UK Airports,CITY OF DERRY (EGLINTON),17665,16155,9.346951,17665,16155,9.346951,0,0,Null,2018-08-01
10/25/2018 9:29:54 AM,201708,Other UK Airports,DONCASTER SHEFFIELD,147970,165539,-10.613209,147970,165539,-10.613209,0,0,Null,2018-08-01
10/25/2018 9:29:54 AM,201708,Other UK Airports,DUNDEE,1937,1816,6.662996,1937,1816,6.662996,0,0,Null,2018-08-01
10/25/2018 9:29:54 AM,201708,Other UK Airports,DURHAM TEES VALLEY,11157,11375,-1.916484,11087,11338,-2.213794,70,37,89.189189,2018-08-01
10/25/2018 9:29:54 AM,201708,Other UK Airports,EAST MIDLANDS INTERNATIONAL,605226,613008,-1.269478,605226,612609,-1.205173,0,399,Null,2018-08-01
10/25/2018 9:29:54 AM,201708,Other UK Airports,EDINBURGH,1471940,1401604,5.018251,1471647,1401457,5.008359,293,147,99.319728,2018-08-01
10/25/2018 9:29:54 AM,201708,Other UK Airports,EXETER,104123,101673,2.409686,104123,101487,2.597377,0,186,Null,2018-08-01
10/25/2018 9:29:54 AM,201708,London Area Airports,GATWICK,4927752,4908937,0.383281,4927598,4908937,0.380143,154,0,Null,2018-08-01
10/25/2018 9:29:54 AM,201708,Other UK Airports,GLASGOW,1011785,1008868,0.289136,1011540,1008868,0.264851,245,0,Null,2018-08-01
10/25/2018 9:29:54 AM,201708,Non UK Reporting Airports,GUERNSEY,86765,87786,-1.163056,83703,84390,-0.814077,3062,3396,-9.835100,2018-08-01
10/25/2018 9:29:54 AM,201708,London Area Airports,HEATHROW,7644608,7482399,2.167874,7642530,7480285,2.168968,2078,2114,-1.702933,2018-08-01
10/25/2018 9:29:54 AM,201708,Other UK Airports,HUMBERSIDE,18327,19352,-5.29661,18256,19304,-5.428927,71,48,47.916667,2018-08-01
10/25/2018 9:29:54 AM,201708,Other UK Airports,INVERNESS,96049,89557,7.249015,95758,89508,6.982616,291,49,493.877551,2018-08-01
10/25/2018 9:29:54 AM,201708,Other UK Airports,ISLAY,3371,3657,-7.820618,3353,3635,-7.757909,18,22,-18.181818,2018-08-01
10/25/2018 9:29:54 AM,201708,Non UK Reporting Airports,ISLE OF MAN,79154,71336,10.959403,79154,71304,11.0092,0,32,Null,2018-08-01
10/25/2018 9:29:54 AM,201708,Other UK Airports,ISLES OF SCILLY (ST.MARYS),12455,14259,-12.651659,12455,14259,-12.651659,0,0,Null,2018-08-01
10/25/2018 9:29:54 AM,201708,Non UK Reporting Airports,JERSEY,194124,183860,5.582508,191663,181561,5.56397,2461,2299,7.046542,2018-08-01
10/25/2018 9:29:54 AM,201708,Other UK Airports,KIRKWALL,18440,17153,7.503061,17050,15729,8.3985,1390,1424,-2.387640,2018-08-01
10/25/2018 9:29:54 AM,201708,Other UK Airports,LANDS END (ST JUST),8427,8413,0.166409,8412,8380,0.381862,15,33,-54.545455,2018-08-01
10/25/2018 9:29:54 AM,201708,Other UK Airports,LEEDS BRADFORD,520169,524803,-0.882998,520169,524595,-0.843698,0,208,Null,2018-08-01
10/25/2018 9:29:54 AM,201708,Other UK Airports,LERWICK (TINGWALL),586,667,-12.143928,586,667,-12.143928,0,0,Null,2018-08-01
10/25/2018 9:29:54 AM,201708,Other UK Airports,LIVERPOOL (JOHN LENNON),529155,511239,3.504427,528801,510311,3.623281,354,928,-61.853448,2018-08-01
10/25/2018 9:29:54 AM,201708,London Area Airports,LONDON CITY,440336,396122,11.161713,440336,396122,11.161713,0,0,Null,2018-08-01
10/25/2018 9:29:54 AM,201708,London Area Airports,LUTON,1759198,1705512,3.147794,1759198,1705378,3.155899,0,134,Null,2018-08-01
10/25/2018 9:29:54 AM,201708,Other UK Airports,LYDD,60,202,-70.29703,60,202,-70.29703,0,0,Null,2018-08-01
10/25/2018 9:29:54 AM,201708,Other UK Airports,MANCHESTER,3149437,3169167,-0.622561,3147004,3165031,-0.569568,2433,4136,-41.175048,2018-08-01
10/25/2018 9:29:54 AM,201708,Other UK Airports,NEWCASTLE,619283,618084,0.193987,619215,617670,0.250134,68,414,-83.574879,2018-08-01
10/25/2018 9:29:54 AM,201708,Other UK Airports,NEWQUAY,59083,62364,-5.261048,59042,62196,-5.071066,41,168,-75.595238,2018-08-01
10/25/2018 9:29:54 AM,201708,Other UK Airports,NORWICH,60936,56767,7.344056,60936,56767,7.344056,0,0,Null,2018-08-01
10/25/2018 9:29:54 AM,201708,Other UK Airports,PRESTWICK,80173,88727,-9.640808,80170,88722,-9.639097,3,5,-40.000000,2018-08-01
10/25/2018 9:29:54 AM,201708,Other UK Airports,SCATSTA,16460,14743,11.646205,16460,14743,11.646205,0,0,Null,2018-08-01
10/25/2018 9:29:54 AM,201708,Other UK Airports,SOUTHAMPTON,203951,224822,-9.283344,203951,224822,-9.283344,0,0,Null,2018-08-01
10/25/2018 9:29:54 AM,201708,London Area Airports,SOUTHEND,189651,128851,47.186285,189651,128546,47.535513,0,305,Null,2018-08-01
10/25/2018 9:29:54 AM,201708,London Area Airports,STANSTED,2973551,2743780,8.37425,2973551,2743780,8.37425,0,0,Null,2018-08-01
10/25/2018 9:29:54 AM,201708,Other UK Airports,STORNOWAY,13190,12109,8.927244,12990,11944,8.757535,200,165,21.212121,2018-08-01
10/25/2018 9:29:54 AM,201708,Other UK Airports,SUMBURGH,19863,33983,-41.550187,19836,33973,-41.612457,27,10,170.000000,2018-08-01
10/25/2018 9:29:54 AM,201708,Other UK Airports,TIREE,1405,1540,-8.766234,1354,1525,-11.213115,51,15,240.000000,2018-08-01
10/25/2018 9:29:54 AM,201708,Other UK Airports,WICK JOHN O GROATS,1470,1621,-9.315238,1470,1621,-9.315238,0,0,Null,2018-08-01
12/5/2018 4:45:33 PM,201709,Other UK Airports,ABERDEEN,268107,280601,-4.452586,268107,280601,-4.452586,0,0,Null,2018-09-01
12/5/2018 4:45:33 PM,201709,Non UK Reporting Airports,ALDERNEY,5530,5828,-5.113246,5530,5828,-5.113246,0,0,Null,2018-09-01
12/5/2018 4:45:33 PM,201709,Other UK Airports,BARRA,1297,1409,-7.9489,1297,1409,-7.9489,0,0,Null,2018-09-01
12/5/2018 4:45:33 PM,201709,Other UK Airports,BELFAST CITY (GEORGE BEST),220240,227671,-3.26392,220240,227671,-3.26392,0,0,Null,2018-09-01
12/5/2018 4:45:33 PM,201709,Other UK Airports,BELFAST INTERNATIONAL,598628,535076,11.877191,598628,535076,11.877191,0,0,Null,2018-09-01
12/5/2018 4:45:33 PM,201709,Other UK Airports,BENBECULA,3263,3004,8.621838,3263,3004,8.621838,0,0,Null,2018-09-01
12/5/2018 4:45:33 PM,201709,Other UK Airports,BIGGIN HILL,237,249,-4.819277,237,249,-4.819277,0,0,Null,2018-09-01
12/5/2018 4:45:33 PM,201709,Other UK Airports,BIRMINGHAM,1255406,1362559,-7.8641,1254986,1361024,-7.791046,420,1535,-72.638436,2018-09-01
12/5/2018 4:45:33 PM,201709,Other UK Airports,BLACKPOOL,640,2314,-72.342264,640,2314,-72.342264,0,0,Null,2018-09-01
12/5/2018 4:45:33 PM,201709,Other UK Airports,BOURNEMOUTH,76101,78067,-2.51835,76101,78067,-2.51835,0,0,Null,2018-09-01
12/5/2018 4:45:33 PM,201709,Other UK Airports,BRISTOL,889035,842354,5.541732,889035,841865,5.603036,0,489,Null,2018-09-01
12/5/2018 4:45:33 PM,201709,Other UK Airports,CAMPBELTOWN,718,809,-11.248455,718,804,-10.696517,0,5,Null,2018-09-01
12/5/2018 4:45:33 PM,201709,Other UK Airports,CARDIFF WALES,178584,166463,7.281498,178482,166463,7.220223,102,0,Null,2018-09-01
12/5/2018 4:45:33 PM,201709,Other UK Airports,CITY OF DERRY (EGLINTON),12136,14345,-15.399094,12136,14345,-15.399094,0,0,Null,2018-09-01
12/5/2018 4:45:33 PM,201709,Other UK Airports,DONCASTER SHEFFIELD,126673,144425,-12.291501,126673,144425,-12.291501,0,0,Null,2018-09-01
12/5/2018 4:45:33 PM,201709,Other UK Airports,DUNDEE,2079,1948,6.724846,2079,1948,6.724846,0,0,Null,2018-09-01
12/5/2018 4:45:33 PM,201709,Other UK Airports,DURHAM TEES VALLEY,12649,10466,20.858016,12536,10361,20.992182,113,105,7.619048,2018-09-01
12/5/2018 4:45:33 PM,201709,Other UK Airports,EAST MIDLANDS INTERNATIONAL,551719,553958,-0.404182,551719,553673,-0.352916,0,285,Null,2018-09-01
12/5/2018 4:45:33 PM,201709,Other UK Airports,EDINBURGH,1364613,1285344,6.167143,1364391,1284992,6.178949,222,352,-36.931818,2018-09-01
12/5/2018 4:45:33 PM,201709,Other UK Airports,EXETER,92913,90247,2.954115,92913,90247,2.954115,0,0,Null,2018-09-01
12/5/2018 4:45:33 PM,201709,London Area Airports,GATWICK,4479151,4464456,0.329155,4479151,4463304,0.355051,0,1152,Null,2018-09-01
12/5/2018 4:45:33 PM,201709,Other UK Airports,GLASGOW,955964,973696,-1.821102,955914,972873,-1.743187,50,823,-93.924666,2018-09-01
12/5/2018 4:45:33 PM,201709,Non UK Reporting Airports,GUERNSEY,81059,82021,-1.17287,78474,79141,-0.8428,2585,2880,-10.243056,2018-09-01
12/5/2018 4:45:33 PM,201709,London Area Airports,HEATHROW,6959068,6930203,0.41651,6957753,6928540,0.421633,1315,1663,-20.926037,2018-09-01
12/5/2018 4:45:33 PM,201709,Other UK Airports,HUMBERSIDE,18700,18470,1.245263,18550,18459,0.492984,150,11,1263.636364,2018-09-01
12/5/2018 4:45:33 PM,201709,Other UK Airports,INVERNESS,85678,83254,2.911572,85537,83235,2.765663,141,19,642.105263,2018-09-01
12/5/2018 4:45:33 PM,201709,Other UK Airports,ISLAY,3072,3203,-4.089916,3051,3177,-3.966006,21,26,-19.230769,2018-09-01
12/5/2018 4:45:33 PM,201709,Non UK Reporting Airports,ISLE OF MAN,70669,67312,4.987224,70669,67310,4.990343,0,2,Null,2018-09-01
12/5/2018 4:45:33 PM,201709,Other UK Airports,ISLES OF SCILLY (ST.MARYS),9843,11543,-14.727541,9843,11543,-14.727541,0,0,Null,2018-09-01
12/5/2018 4:45:33 PM,201709,Non UK Reporting Airports,JERSEY,171252,163879,4.499051,169171,161575,4.701222,2081,2304,-9.678819,2018-09-01
12/5/2018 4:45:33 PM,201709,Other UK Airports,KIRKWALL,16740,16299,2.705687,15610,15109,3.315904,1130,1190,-5.042017,2018-09-01
12/5/2018 4:45:33 PM,201709,Other UK Airports,LANDS END (ST JUST),6977,7191,-2.975942,6898,7180,-3.927577,79,11,618.181818,2018-09-01
12/5/2018 4:45:33 PM,201709,Other UK Airports,LEEDS BRADFORD,464524,463637,0.191313,464524,463069,0.314208,0,568,Null,2018-09-01
12/5/2018 4:45:33 PM,201709,Other UK Airports,LERWICK (TINGWALL),313,396,-20.959596,313,396,-20.959596,0,0,Null,2018-09-01
12/5/2018 4:45:33 PM,201709,Other UK Airports,LIVERPOOL (JOHN LENNON),478443,452370,5.763645,477443,451379,5.774305,1000,991,0.908174,2018-09-01
12/5/2018 4:45:33 PM,201709,London Area Airports,LONDON CITY,421131,396789,6.134747,421131,396789,6.134747,0,0,Null,2018-09-01
12/5/2018 4:45:33 PM,201709,London Area Airports,LUTON,1565338,1505780,3.955292,1565338,1505780,3.955292,0,0,Null,2018-09-01
12/5/2018 4:45:33 PM,201709,Other UK Airports,LYDD,38,94,-59.574468,38,94,-59.574468,0,0,Null,2018-09-01
12/5/2018 4:45:33 PM,201709,Other UK Airports,MANCHESTER,2840678,2870844,-1.050771,2838836,2867212,-0.989672,1842,3632,-49.284141,2018-09-01
12/5/2018 4:45:33 PM,201709,Other UK Airports,NEWCASTLE,579191,579847,-0.113133,579067,579759,-0.11936,124,88,40.909091,2018-09-01
12/5/2018 4:45:33 PM,201709,Other UK Airports,NEWQUAY,45922,50301,-8.705592,45908,50106,-8.378238,14,195,-92.820513,2018-09-01
12/5/2018 4:45:33 PM,201709,Other UK Airports,NORWICH,57209,54702,4.583013,57209,54702,4.583013,0,0,Null,2018-09-01
12/5/2018 4:45:33 PM,201709,Other UK Airports,PRESTWICK,79926,80997,-1.322271,79920,80991,-1.322369,6,6,(None),2018-09-01
12/5/2018 4:45:33 PM,201709,Other UK Airports,SCATSTA,13559,12709,6.688174,13559,12709,6.688174,0,0,Null,2018-09-01
12/5/2018 4:45:33 PM,201709,Other UK Airports,SOUTHAMPTON,180025,191947,-6.21109,180025,191855,-6.166115,0,92,Null,2018-09-01
12/5/2018 4:45:33 PM,201709,London Area Airports,SOUTHEND,154108,109999,40.099455,154108,109999,40.099455,0,0,Null,2018-09-01
12/5/2018 4:45:33 PM,201709,London Area Airports,STANSTED,2682249,2459451,9.058851,2682249,2459451,9.058851,0,0,Null,2018-09-01
12/5/2018 4:45:33 PM,201709,Other UK Airports,STORNOWAY,11404,12468,-8.533847,11203,12253,-8.56933,201,215,-6.511628,2018-09-01
12/5/2018 4:45:33 PM,201709,Other UK Airports,SUMBURGH,18058,32428,-44.313556,18058,32428,-44.313556,0,0,Null,2018-09-01
12/5/2018 4:45:33 PM,201709,Other UK Airports,TIREE,1092,1117,-2.238138,1081,1067,1.31209,11,50,-78.000000,2018-09-01
12/5/2018 4:45:33 PM,201709,Other UK Airports,WICK JOHN O GROATS,1537,1418,8.392102,1537,1418,8.392102,0,0,Null,2018-09-01
12/12/2018 10:22:33 AM,201710,Other UK Airports,ABERDEEN,280241,280466,-0.080224,280241,280466,-0.080224,0,0,Null,2018-10-01
12/12/2018 10:22:33 AM,201710,Non UK Reporting Airports,ALDERNEY,4479,4399,1.818595,4479,4399,1.818595,0,0,Null,2018-10-01
12/12/2018 10:22:33 AM,201710,Other UK Airports,BARRA,1106,1112,-0.539568,1106,1112,-0.539568,0,0,Null,2018-10-01
12/12/2018 10:22:33 AM,201710,Other UK Airports,BELFAST CITY (GEORGE BEST),213972,224002,-4.477639,213972,224002,-4.477639,0,0,Null,2018-10-01
12/12/2018 10:22:33 AM,201710,Other UK Airports,BELFAST INTERNATIONAL,550868,488114,12.856423,550868,488114,12.856423,0,0,Null,2018-10-01
12/12/2018 10:22:33 AM,201710,Other UK Airports,BENBECULA,3417,2854,19.726699,3417,2854,19.726699,0,0,Null,2018-10-01
12/12/2018 10:22:33 AM,201710,Other UK Airports,BIGGIN HILL,47,144,-67.361111,47,144,-67.361111,0,0,Null,2018-10-01
12/12/2018 10:22:33 AM,201710,Other UK Airports,BIRMINGHAM,1143208,1076359,6.21066,1143145,1076275,6.213096,63,84,-25.000000,2018-10-01
12/12/2018 10:22:33 AM,201710,Other UK Airports,BLACKPOOL,1549,2148,-27.886406,1549,2148,-27.886406,0,0,Null,2018-10-01
12/12/2018 10:22:33 AM,201710,Other UK Airports,BOURNEMOUTH,67637,69273,-2.36167,67637,69098,-2.114388,0,175,Null,2018-10-01
12/12/2018 10:22:33 AM,201710,Other UK Airports,BRISTOL,801881,770274,4.103345,801881,769858,4.159598,0,416,Null,2018-10-01
12/12/2018 10:22:33 AM,201710,Other UK Airports,CAMPBELTOWN,774,771,0.389105,774,771,0.389105,0,0,Null,2018-10-01
12/12/2018 10:22:33 AM,201710,Other UK Airports,CARDIFF WALES,140535,134804,4.251358,140086,134349,4.270222,449,455,-1.318681,2018-10-01
12/12/2018 10:22:33 AM,201710,Other UK Airports,CITY OF DERRY (EGLINTON),12847,15107,-14.959952,12847,15107,-14.959952,0,0,Null,2018-10-01
12/12/2018 10:22:33 AM,201710,Other UK Airports,DONCASTER SHEFFIELD,98310,121064,-18.795018,98310,121064,-18.795018,0,0,Null,2018-10-01
12/12/2018 10:22:33 AM,201710,Other UK Airports,DUNDEE,1969,1784,10.369955,1969,1784,10.369955,0,0,Null,2018-10-01
12/12/2018 10:22:33 AM,201710,Other UK Airports,DURHAM TEES VALLEY,12583,11518,9.246397,12468,11330,10.044131,115,188,-38.829787,2018-10-01
12/12/2018 10:22:33 AM,201710,Other UK Airports,EAST MIDLANDS INTERNATIONAL,490131,480931,1.912956,490131,480931,1.912956,0,0,Null,2018-10-01
12/12/2018 10:22:33 AM,201710,Other UK Airports,EDINBURGH,1320023,1224543,7.797195,1319409,1224410,7.758757,614,133,361.654135,2018-10-01
12/12/2018 10:22:33 AM,201710,Other UK Airports,EXETER,84351,85333,-1.150786,84351,85333,-1.150786,0,0,Null,2018-10-01
12/12/2018 10:22:33 AM,201710,London Area Airports,GATWICK,4018498,3936933,2.07179,4018170,3936889,2.0646,328,44,645.454545,2018-10-01
12/12/2018 10:22:33 AM,201710,Other UK Airports,GLASGOW,884621,928590,-4.735028,884384,928023,-4.702362,237,567,-58.201058,2018-10-01
12/12/2018 10:22:33 AM,201710,Non UK Reporting Airports,GUERNSEY,73017,73798,-1.058294,70180,70970,-1.113146,2837,2828,0.318246,2018-10-01
12/12/2018 10:22:33 AM,201710,London Area Airports,HEATHROW,6955788,6665498,4.355113,6954019,6663671,4.357178,1769,1827,-3.174603,2018-10-01
12/12/2018 10:22:33 AM,201710,Other UK Airports,HUMBERSIDE,17905,16061,11.481228,17820,15926,11.892503,85,135,-37.037037,2018-10-01
12/12/2018 10:22:33 AM,201710,Other UK Airports,INVERNESS,83020,81225,2.209911,82862,81225,2.015389,158,0,Null,2018-10-01
12/12/2018 10:22:33 AM,201710,Other UK Airports,ISLAY,2977,2845,4.639719,2966,2829,4.842701,11,16,-31.250000,2018-10-01
12/12/2018 10:22:33 AM,201710,Non UK Reporting Airports,ISLE OF MAN,72573,66791,8.656855,72573,66791,8.656855,0,0,Null,2018-10-01
12/12/2018 10:22:33 AM,201710,Other UK Airports,ISLES OF SCILLY (ST.MARYS),6784,6904,-1.738123,6784,6904,-1.738123,0,0,Null,2018-10-01
12/12/2018 10:22:33 AM,201710,Non UK Reporting Airports,JERSEY,150722,147785,1.987346,148734,145934,1.918676,1988,1851,7.401405,2018-10-01
12/12/2018 10:22:33 AM,201710,Other UK Airports,KIRKWALL,15856,15715,0.897232,14573,14575,-0.013722,1283,1140,12.543860,2018-10-01
12/12/2018 10:22:33 AM,201710,Other UK Airports,LANDS END (ST JUST),5262,4750,10.778947,5262,4738,11.059519,0,12,Null,2018-10-01
12/12/2018 10:22:33 AM,201710,Other UK Airports,LEEDS BRADFORD,380635,358565,6.15509,380635,358168,6.272755,0,397,Null,2018-10-01
12/12/2018 10:22:33 AM,201710,Other UK Airports,LERWICK (TINGWALL),240,313,-23.322684,240,313,-23.322684,0,0,Null,2018-10-01
12/12/2018 10:22:33 AM,201710,Other UK Airports,LIVERPOOL (JOHN LENNON),463067,440944,5.01719,463067,440944,5.01719,0,0,Null,2018-10-01
12/12/2018 10:22:33 AM,201710,London Area Airports,LONDON CITY,438969,405286,8.310921,438969,405286,8.310921,0,0,Null,2018-10-01
12/12/2018 10:22:33 AM,201710,London Area Airports,LUTON,1525959,1422866,7.245447,1525959,1422540,7.270024,0,326,Null,2018-10-01
12/12/2018 10:22:33 AM,201710,Other UK Airports,LYDD,2,70,-97.142857,2,70,-97.142857,0,0,Null,2018-10-01
12/12/2018 10:22:33 AM,201710,Other UK Airports,MANCHESTER,2547034,2405646,5.87734,2544826,2401992,5.946481,2208,3654,-39.573071,2018-10-01
12/12/2018 10:22:33 AM,201710,Other UK Airports,NEWCASTLE,506857,498975,1.579638,506797,498854,1.592249,60,121,-50.413223,2018-10-01
12/12/2018 10:22:33 AM,201710,Other UK Airports,NEWQUAY,36055,40277,-10.482409,36055,40103,-10.094008,0,174,Null,2018-10-01
12/12/2018 10:22:33 AM,201710,Other UK Airports,NORWICH,52401,50792,3.167822,52401,50792,3.167822,0,0,Null,2018-10-01
12/12/2018 10:22:33 AM,201710,Other UK Airports,PRESTWICK,71520,73648,-2.88942,71516,73644,-2.889577,4,4,(None),2018-10-01
12/12/2018 10:22:33 AM,201710,Other UK Airports,SCATSTA,14899,14922,-0.154135,14899,14922,-0.154135,0,0,Null,2018-10-01
12/12/2018 10:22:33 AM,201710,Other UK Airports,SOUTHAMPTON,171037,176421,-3.051791,171037,176421,-3.051791,0,0,Null,2018-10-01
12/12/2018 10:22:33 AM,201710,London Area Airports,SOUTHEND,145996,103703,40.782812,145996,103703,40.782812,0,0,Null,2018-10-01
12/12/2018 10:22:33 AM,201710,London Area Airports,STANSTED,2529854,2325281,8.797775,2529854,2325281,8.797775,0,0,Null,2018-10-01
12/12/2018 10:22:33 AM,201710,Other UK Airports,STORNOWAY,12509,13001,-3.784324,12330,12786,-3.566401,179,215,-16.744186,2018-10-01
12/12/2018 10:22:33 AM,201710,Other UK Airports,SUMBURGH,23670,23953,-1.18148,23670,23953,-1.18148,0,0,Null,2018-10-01
12/12/2018 10:22:33 AM,201710,Other UK Airports,TIREE,1051,1006,4.473161,1039,996,4.317269,12,10,20.000000,2018-10-01
12/12/2018 10:22:33 AM,201710,Other UK Airports,WICK JOHN O GROATS,1442,1473,-2.104549,1442,1470,-1.904762,0,3,Null,2018-10-01
2/4/2019 11:16:41 AM,201711,Other UK Airports,ABERDEEN,233702,246501,-5.192271,233702,246501,-5.192271,0,0,Null,2018-11-01
2/4/2019 11:16:41 AM,201711,Non UK Reporting Airports,ALDERNEY,3360,3539,-5.057926,3360,3539,-5.057926,0,0,Null,2018-11-01
2/4/2019 11:16:41 AM,201711,Other UK Airports,BARRA,925,876,5.593607,925,876,5.593607,0,0,Null,2018-11-01
2/4/2019 11:16:41 AM,201711,Other UK Airports,BELFAST CITY (GEORGE BEST),189582,196033,-3.290772,189582,196033,-3.290772,0,0,Null,2018-11-01
2/4/2019 11:16:41 AM,201711,Other UK Airports,BELFAST INTERNATIONAL,456313,402982,13.23409,456313,402982,13.23409,0,0,Null,2018-11-01
2/4/2019 11:16:41 AM,201711,Other UK Airports,BENBECULA,2990,2922,2.327173,2990,2922,2.327173,0,0,Null,2018-11-01
2/4/2019 11:16:41 AM,201711,Other UK Airports,BIGGIN HILL,60,132,-54.545455,60,132,-54.545455,0,0,Null,2018-11-01
2/4/2019 11:16:41 AM,201711,Other UK Airports,BIRMINGHAM,824531,767910,7.37339,824409,767260,7.448453,122,650,-81.230769,2018-11-01
2/4/2019 11:16:41 AM,201711,Other UK Airports,BLACKPOOL,1475,1827,-19.266557,1475,1827,-19.266557,0,0,Null,2018-11-01
2/4/2019 11:16:41 AM,201711,Other UK Airports,BOURNEMOUTH,27181,26127,4.034141,27181,26127,4.034141,0,0,Null,2018-11-01
2/4/2019 11:16:41 AM,201711,Other UK Airports,BRISTOL,528968,489156,8.138917,528968,488572,8.268177,0,584,Null,2018-11-01
2/4/2019 11:16:41 AM,201711,Other UK Airports,CAMPBELTOWN,613,644,-4.813665,613,612,0.163399,0,32,Null,2018-11-01
2/4/2019 11:16:41 AM,201711,Other UK Airports,CARDIFF WALES,85387,77830,9.709624,85268,77830,9.556726,119,0,Null,2018-11-01
2/4/2019 11:16:41 AM,201711,Other UK Airports,CITY OF DERRY (EGLINTON),16914,16891,0.136167,16914,16891,0.136167,0,0,Null,2018-11-01
2/4/2019 11:16:41 AM,201711,Other UK Airports,DONCASTER SHEFFIELD,68862,67123,2.590766,68862,67123,2.590766,0,0,Null,2018-11-01
2/4/2019 11:16:41 AM,201711,Other UK Airports,DUNDEE,1692,1853,-8.688613,1692,1853,-8.688613,0,0,Null,2018-11-01
2/4/2019 11:16:41 AM,201711,Other UK Airports,DURHAM TEES VALLEY,11552,13140,-12.085236,11426,11841,-3.504772,126,1299,-90.300231,2018-11-01
2/4/2019 11:16:41 AM,201711,Other UK Airports,EAST MIDLANDS INTERNATIONAL,232645,221850,4.8659,232645,221850,4.8659,0,0,Null,2018-11-01
2/4/2019 11:16:41 AM,201711,Other UK Airports,EDINBURGH,1044553,934873,11.732075,1044150,934873,11.688967,403,0,Null,2018-11-01
2/4/2019 11:16:41 AM,201711,Other UK Airports,EXETER,64100,58905,8.819285,64100,58905,8.819285,0,0,Null,2018-11-01
2/4/2019 11:16:41 AM,201711,London Area Airports,GATWICK,3054829,2889031,5.738879,3054829,2889031,5.738879,0,0,Null,2018-11-01
2/4/2019 11:16:41 AM,201711,Other UK Airports,GLASGOW,617481,682707,-9.554025,616716,682707,-9.666079,765,0,Null,2018-11-01
2/4/2019 11:16:41 AM,201711,Non UK Reporting Airports,GUERNSEY,65692,64910,1.204745,62674,62132,0.872336,3018,2778,8.639309,2018-11-01
2/4/2019 11:16:41 AM,201711,London Area Airports,HEATHROW,6114526,5922486,3.242557,6113521,5920389,3.262151,1005,2097,-52.074392,2018-11-01
2/4/2019 11:16:41 AM,201711,Other UK Airports,HUMBERSIDE,15779,13982,12.852239,15771,13941,13.126748,8,41,-80.487805,2018-11-01
2/4/2019 11:16:41 AM,201711,Other UK Airports,INVERNESS,58526,57106,2.486604,58437,57106,2.330753,89,0,Null,2018-11-01
2/4/2019 11:16:41 AM,201711,Other UK Airports,ISLAY,2199,2436,-9.729064,2186,2416,-9.519868,13,20,-35.000000,2018-11-01
2/4/2019 11:16:41 AM,201711,Non UK Reporting Airports,ISLE OF MAN,68203,64844,5.180125,68203,64844,5.180125,0,0,Null,2018-11-01
2/4/2019 11:16:41 AM,201711,Other UK Airports,ISLES OF SCILLY (ST.MARYS),3278,3290,-0.364742,3278,3290,-0.364742,0,0,Null,2018-11-01
2/4/2019 11:16:41 AM,201711,Non UK Reporting Airports,JERSEY,114598,108137,5.974828,112593,106113,6.106698,2005,2024,-0.938735,2018-11-01
2/4/2019 11:16:41 AM,201711,Other UK Airports,KIRKWALL,13236,14256,-7.154882,12571,13329,-5.686848,665,927,-28.263215,2018-11-01
2/4/2019 11:16:41 AM,201711,Other UK Airports,LANDS END (ST JUST),2886,2808,2.777778,2880,2802,2.783726,6,6,(None),2018-11-01
2/4/2019 11:16:41 AM,201711,Other UK Airports,LEEDS BRADFORD,220366,212594,3.655795,220358,212228,3.830786,8,366,-97.814208,2018-11-01
2/4/2019 11:16:41 AM,201711,Other UK Airports,LERWICK (TINGWALL),204,187,9.090909,204,187,9.090909,0,0,Null,2018-11-01
2/4/2019 11:16:41 AM,201711,Other UK Airports,LIVERPOOL (JOHN LENNON),327732,325235,0.767753,327732,325076,0.81704,0,159,Null,2018-11-01
2/4/2019 11:16:41 AM,201711,London Area Airports,LONDON CITY,410925,397183,3.459866,410925,397183,3.459866,0,0,Null,2018-11-01
2/4/2019 11:16:41 AM,201711,London Area Airports,LUTON,1127219,1017815,10.748908,1127006,1017815,10.727981,213,0,Null,2018-11-01
2/4/2019 11:16:41 AM,201711,Other UK Airports,LYDD,3,14,-78.571429,3,14,-78.571429,0,0,Null,2018-11-01
2/4/2019 11:16:41 AM,201711,Other UK Airports,MANCHESTER,1855759,1733509,7.05217,1853163,1730238,7.104514,2596,3271,-20.635891,2018-11-01
2/4/2019 11:16:41 AM,201711,Other UK Airports,NEWCASTLE,302955,303594,-0.210478,302948,303430,-0.15885,7,164,-95.731707,2018-11-01
2/4/2019 11:16:41 AM,201711,Other UK Airports,NEWQUAY,25936,21583,20.168651,25936,21583,20.168651,0,0,Null,2018-11-01
2/4/2019 11:16:41 AM,201711,Other UK Airports,NORWICH,35191,35189,0.005684,35191,35189,0.005684,0,0,Null,2018-11-01
2/4/2019 11:16:41 AM,201711,Other UK Airports,PRESTWICK,23254,26401,-11.920003,23243,25921,-10.331392,11,480,-97.708333,2018-11-01
2/4/2019 11:16:41 AM,201711,Other UK Airports,SCATSTA,12594,15962,-21.100113,12594,15962,-21.100113,0,0,Null,2018-11-01
2/4/2019 11:16:41 AM,201711,Other UK Airports,SOUTHAMPTON,141028,143587,-1.782195,141028,143587,-1.782195,0,0,Null,2018-11-01
2/4/2019 11:16:41 AM,201711,London Area Airports,SOUTHEND,92439,70503,31.11357,92439,70503,31.11357,0,0,Null,2018-11-01
2/4/2019 11:16:41 AM,201711,London Area Airports,STANSTED,1981643,1822323,8.742687,1981643,1822323,8.742687,0,0,Null,2018-11-01
2/4/2019 11:16:41 AM,201711,Other UK Airports,STORNOWAY,11142,12502,-10.878259,10899,12297,-11.368626,243,205,18.536585,2018-11-01
2/4/2019 11:16:41 AM,201711,Other UK Airports,SUMBURGH,19368,20387,-4.998283,19349,20387,-5.09148,19,0,Null,2018-11-01
2/4/2019 11:16:41 AM,201711,Other UK Airports,TIREE,817,842,-2.969121,804,810,-0.740741,13,32,-59.375000,2018-11-01
2/4/2019 11:16:41 AM,201711,Other UK Airports,WICK JOHN O GROATS,1392,1452,-4.132231,1392,1452,-4.132231,0,0,Null,2018-11-01
2/5/2019 12:03:51 PM,201712,Other UK Airports,ABERDEEN,217342,235255,-7.614291,217342,235255,-7.614291,0,0,Null,2018-12-01
2/5/2019 12:03:51 PM,201712,Non UK Reporting Airports,ALDERNEY,3490,3361,3.838143,3490,3361,3.838143,0,0,Null,2018-12-01
2/5/2019 12:03:51 PM,201712,Other UK Airports,BARRA,844,779,8.344031,844,779,8.344031,0,0,Null,2018-12-01
2/5/2019 12:03:51 PM,201712,Other UK Airports,BELFAST CITY (GEORGE BEST),179396,182563,-1.734744,179396,182563,-1.734744,0,0,Null,2018-12-01
2/5/2019 12:03:51 PM,201712,Other UK Airports,BELFAST INTERNATIONAL,452463,392945,15.146649,452463,392945,15.146649,0,0,Null,2018-12-01
2/5/2019 12:03:51 PM,201712,Other UK Airports,BENBECULA,2571,2573,-0.07773,2571,2543,1.101062,0,30,Null,2018-12-01
2/5/2019 12:03:51 PM,201712,Other UK Airports,BIGGIN HILL,149,61,144.262295,149,61,144.262295,0,0,Null,2018-12-01
2/5/2019 12:03:51 PM,201712,Other UK Airports,BIRMINGHAM,825754,791152,4.373622,825534,790419,4.44258,220,733,-69.986357,2018-12-01
2/5/2019 12:03:51 PM,201712,Other UK Airports,BLACKPOOL,910,2143,-57.536164,910,2143,-57.536164,0,0,Null,2018-12-01
2/5/2019 12:03:51 PM,201712,Other UK Airports,BOURNEMOUTH,34770,31870,9.099467,34770,31657,9.833528,0,213,Null,2018-12-01
2/5/2019 12:03:51 PM,201712,Other UK Airports,BRISTOL,570790,517378,10.323593,570790,517164,10.369245,0,214,Null,2018-12-01
2/5/2019 12:03:51 PM,201712,Other UK Airports,CAMPBELTOWN,417,459,-9.150327,404,457,-11.597374,13,2,550.000000,2018-12-01
2/5/2019 12:03:51 PM,201712,Other UK Airports,CARDIFF WALES,85663,80045,7.018552,85663,80045,7.018552,0,0,Null,2018-12-01
2/5/2019 12:03:51 PM,201712,Other UK Airports,CITY OF DERRY (EGLINTON),16239,15387,5.537142,16239,15387,5.537142,0,0,Null,2018-12-01
2/5/2019 12:03:51 PM,201712,Other UK Airports,DONCASTER SHEFFIELD,74469,78581,-5.232817,74469,78581,-5.232817,0,0,Null,2018-12-01
2/5/2019 12:03:51 PM,201712,Other UK Airports,DUNDEE,1518,1572,-3.435115,1518,1572,-3.435115,0,0,Null,2018-12-01
2/5/2019 12:03:51 PM,201712,Other UK Airports,DURHAM TEES VALLEY,10765,12428,-13.381075,10629,11636,-8.654177,136,792,-82.828283,2018-12-01
2/5/2019 12:03:51 PM,201712,Other UK Airports,EAST MIDLANDS INTERNATIONAL,231420,225221,2.752408,231420,225221,2.752408,0,0,Null,2018-12-01
2/5/2019 12:03:51 PM,201712,Other UK Airports,EDINBURGH,1026318,923929,11.081912,1026129,923724,11.086104,189,205,-7.804878,2018-12-01
2/5/2019 12:03:51 PM,201712,Other UK Airports,EXETER,64455,62617,2.935305,64455,62617,2.935305,0,0,Null,2018-12-01
2/5/2019 12:03:51 PM,201712,London Area Airports,GATWICK,3158503,3171068,-0.396239,3157863,3170610,-0.402036,640,458,39.737991,2018-12-01
2/5/2019 12:03:51 PM,201712,Other UK Airports,GLASGOW,572738,617901,-7.3091,572056,617833,-7.409284,682,68,902.941176,2018-12-01
2/5/2019 12:03:51 PM,201712,Non UK Reporting Airports,GUERNSEY,62138,62155,-0.027351,59173,59320,-0.247808,2965,2835,4.585538,2018-12-01
2/5/2019 12:03:51 PM,201712,London Area Airports,HEATHROW,6496164,6338026,2.495067,6495125,6335582,2.518206,1039,2444,-57.487725,2018-12-01
2/5/2019 12:03:51 PM,201712,Other UK Airports,HUMBERSIDE,15367,12873,19.373883,15324,12844,19.308627,43,29,48.275862,2018-12-01
2/5/2019 12:03:51 PM,201712,Other UK Airports,INVERNESS,58658,57287,2.393213,58548,57287,2.201197,110,0,Null,2018-12-01
2/5/2019 12:03:51 PM,201712,Other UK Airports,ISLAY,1719,1556,10.475578,1686,1543,9.26766,33,13,153.846154,2018-12-01
2/5/2019 12:03:51 PM,201712,Non UK Reporting Airports,ISLE OF MAN,66953,63975,4.654943,66953,63975,4.654943,0,0,Null,2018-12-01
2/5/2019 12:03:51 PM,201712,Other UK Airports,ISLES OF SCILLY (ST.MARYS),3051,2815,8.383659,3051,2815,8.383659,0,0,Null,2018-12-01
2/5/2019 12:03:51 PM,201712,Non UK Reporting Airports,JERSEY,113733,111182,2.294436,111832,109321,2.296905,1901,1861,2.149382,2018-12-01
2/5/2019 12:03:51 PM,201712,Other UK Airports,KIRKWALL,11728,12682,-7.522473,11137,11977,-7.013442,591,705,-16.170213,2018-12-01
2/5/2019 12:03:51 PM,201712,Other UK Airports,LANDS END (ST JUST),2726,2515,8.389662,2697,2491,8.269771,29,24,20.833333,2018-12-01
2/5/2019 12:03:51 PM,201712,Other UK Airports,LEEDS BRADFORD,197721,200560,-1.415536,197721,200421,-1.347164,0,139,Null,2018-12-01
2/5/2019 12:03:51 PM,201712,Other UK Airports,LERWICK (TINGWALL),138,106,30.188679,138,106,30.188679,0,0,Null,2018-12-01
2/5/2019 12:03:51 PM,201712,Other UK Airports,LIVERPOOL (JOHN LENNON),346418,339327,2.089725,346418,339327,2.089725,0,0,Null,2018-12-01
2/5/2019 12:03:51 PM,201712,London Area Airports,LONDON CITY,348605,324968,7.273639,348605,324968,7.273639,0,0,Null,2018-12-01
2/5/2019 12:03:51 PM,201712,London Area Airports,LUTON,1274297,1072628,18.801392,1273934,1072628,18.76755,363,0,Null,2018-12-01
2/5/2019 12:03:51 PM,201712,Other UK Airports,LYDD,45,15,200.0,45,15,200.0,0,0,Null,2018-12-01
2/5/2019 12:03:51 PM,201712,Other UK Airports,MANCHESTER,1957789,1835595,6.656915,1954866,1832467,6.679465,2923,3128,-6.553708,2018-12-01
2/5/2019 12:03:51 PM,201712,Other UK Airports,NEWCASTLE,286823,300389,-4.516144,286699,300170,-4.48779,124,219,-43.378995,2018-12-01
2/5/2019 12:03:51 PM,201712,Other UK Airports,NEWQUAY,26141,24245,7.820169,26141,24245,7.820169,0,0,Null,2018-12-01
2/5/2019 12:03:51 PM,201712,Other UK Airports,NORWICH,32486,31666,2.589528,32486,31666,2.589528,0,0,Null,2018-12-01
2/5/2019 12:03:51 PM,201712,Other UK Airports,PRESTWICK,21700,25868,-16.112572,21696,25786,-15.86132,4,82,-95.121951,2018-12-01
2/5/2019 12:03:51 PM,201712,Other UK Airports,SCATSTA,8879,13734,-35.350226,8879,13734,-35.350226,0,0,Null,2018-12-01
2/5/2019 12:03:51 PM,201712,Other UK Airports,SOUTHAMPTON,143038,150691,-5.078605,143008,150691,-5.098513,30,0,Null,2018-12-01
2/5/2019 12:03:51 PM,201712,London Area Airports,SOUTHEND,108622,83558,29.995931,108622,83558,29.995931,0,0,Null,2018-12-01
2/5/2019 12:03:51 PM,201712,London Area Airports,STANSTED,2019822,1831754,10.267099,2019822,1831754,10.267099,0,0,Null,2018-12-01
2/5/2019 12:03:51 PM,201712,Other UK Airports,STORNOWAY,9646,10826,-10.899686,9511,10708,-11.178558,135,118,14.406780,2018-12-01
2/5/2019 12:03:51 PM,201712,Other UK Airports,SUMBURGH,19010,18911,0.523505,19001,18911,0.475913,9,0,Null,2018-12-01
2/5/2019 12:03:51 PM,201712,Other UK Airports,TIREE,620,747,-17.001339,611,732,-16.530055,9,15,-40.000000,2018-12-01
2/5/2019 12:03:51 PM,201712,Other UK Airports,WICK JOHN O GROATS,1144,1177,-2.803738,1144,1177,-2.803738,0,0,Null,2018-12-01
3/12/2019 2:42:31 PM,201801,Other UK Airports,ABERDEEN,204435,217889,-6.174704,204347,217889,-6.215091,88,0,Null,2019-01-01
3/12/2019 2:42:31 PM,201801,Non UK Reporting Airports,ALDERNEY,3239,2840,14.049296,3239,2840,14.049296,0,0,Null,2019-01-01
3/12/2019 2:42:31 PM,201801,Other UK Airports,BARRA,765,854,-10.421546,765,854,-10.421546,0,0,Null,2019-01-01
3/12/2019 2:42:31 PM,201801,Other UK Airports,BELFAST CITY (GEORGE BEST),162013,163123,-0.680468,162013,163106,-0.670116,0,17,Null,2019-01-01
3/12/2019 2:42:31 PM,201801,Other UK Airports,BELFAST INTERNATIONAL,405935,364465,11.378322,405935,364465,11.378322,0,0,Null,2019-01-01
3/12/2019 2:42:31 PM,201801,Other UK Airports,BENBECULA,2393,2301,3.998262,2393,2301,3.998262,0,0,Null,2019-01-01
3/12/2019 2:42:31 PM,201801,Other UK Airports,BIGGIN HILL,291,48,506.250000,291,48,506.250000,0,0,Null,2019-01-01
3/12/2019 2:42:31 PM,201801,Other UK Airports,BIRMINGHAM,781258,746609,4.640849,781207,746382,4.665841,51,227,-77.533040,2019-01-01
3/12/2019 2:42:31 PM,201801,Other UK Airports,BLACKPOOL,1297,1781,-27.175744,1297,1781,-27.175744,0,0,Null,2019-01-01
3/12/2019 2:42:31 PM,201801,Other UK Airports,BOURNEMOUTH,35869,31379,14.308933,35869,31379,14.308933,0,0,Null,2019-01-01
3/12/2019 2:42:31 PM,201801,Other UK Airports,BRISTOL,520854,486483,7.065201,520427,486205,7.038595,427,278,53.597122,2019-01-01
3/12/2019 2:42:31 PM,201801,Other UK Airports,CAMPBELTOWN,523,540,-3.148148,505,538,-6.133829,18,2,800.000000,2019-01-01
3/12/2019 2:42:31 PM,201801,Other UK Airports,CARDIFF WALES,73100,70749,3.323015,73100,70297,3.987368,0,452,Null,2019-01-01
3/12/2019 2:42:31 PM,201801,Other UK Airports,CITY OF DERRY (EGLINTON),14536,14595,-0.404248,14536,14595,-0.404248,0,0,Null,2019-01-01
3/12/2019 2:42:31 PM,201801,Other UK Airports,DONCASTER SHEFFIELD,69812,71492,-2.349913,69812,71492,-2.349913,0,0,Null,2019-01-01
3/12/2019 2:42:31 PM,201801,Other UK Airports,DUNDEE,1438,1436,0.139276,1438,1436,0.139276,0,0,Null,2019-01-01
3/12/2019 2:42:31 PM,201801,Other UK Airports,DURHAM TEES VALLEY,10124,11843,-14.514903,9803,10501,-6.646986,321,1342,-76.080477,2019-01-01
3/12/2019 2:42:31 PM,201801,Other UK Airports,EAST MIDLANDS INTERNATIONAL,215025,212614,1.133980,215025,212614,1.133980,0,0,Null,2019-01-01
3/12/2019 2:42:31 PM,201801,Other UK Airports,EDINBURGH,920098,836943,9.935563,919481,836943,9.861842,617,0,Null,2019-01-01
3/12/2019 2:42:31 PM,201801,Other UK Airports,EXETER,54388,52007,4.578230,54388,52007,4.578230,0,0,Null,2019-01-01
3/12/2019 2:42:31 PM,201801,London Area Airports,GATWICK,2953515,2847495,3.723273,2953515,2847495,3.723273,0,0,Null,2019-01-01
3/12/2019 2:42:31 PM,201801,Other UK Airports,GLASGOW,526761,579990,-9.177572,526014,579888,-9.290415,747,102,632.352941,2019-01-01
3/12/2019 2:42:31 PM,201801,Non UK Reporting Airports,GUERNSEY,52763,51470,2.512143,49497,48688,1.661600,3266,2782,17.397556,2019-01-01
3/12/2019 2:42:31 PM,201801,London Area Airports,HEATHROW,5928655,5807771,2.081418,5927225,5804729,2.110279,1430,3042,-52.991453,2019-01-01
3/12/2019 2:42:31 PM,201801,Other UK Airports,HUMBERSIDE,13624,13028,4.574762,13411,13017,3.026811,213,11,1836.363636,2019-01-01
3/12/2019 2:42:31 PM,201801,Other UK Airports,INVERNESS,49018,47167,3.924354,48990,47167,3.864990,28,0,Null,2019-01-01
3/12/2019 2:42:31 PM,201801,Other UK Airports,ISLAY,1619,1811,-10.601877,1610,1799,-10.505837,9,12,-25.000000,2019-01-01
3/12/2019 2:42:31 PM,201801,Non UK Reporting Airports,ISLE OF MAN,56832,54582,4.122238,56832,54582,4.122238,0,0,Null,2019-01-01
3/12/2019 2:42:31 PM,201801,Other UK Airports,ISLES OF SCILLY (ST.MARYS),3169,2772,14.321789,3169,2772,14.321789,0,0,Null,2019-01-01
3/12/2019 2:42:31 PM,201801,Non UK Reporting Airports,JERSEY,94809,88601,7.006693,93072,86968,7.018674,1737,1633,6.368647,2019-01-01
3/12/2019 2:42:31 PM,201801,Other UK Airports,KIRKWALL,10659,11341,-6.013579,10026,10830,-7.423823,633,511,23.874755,2019-01-01
3/12/2019 2:42:31 PM,201801,Other UK Airports,LANDS END (ST JUST),2766,2505,10.419162,2766,2448,12.990196,0,57,Null,2019-01-01
3/12/2019 2:42:31 PM,201801,Other UK Airports,LEEDS BRADFORD,180511,177490,1.702068,180326,177291,1.711875,185,199,-7.035176,2019-01-01
3/12/2019 2:42:31 PM,201801,Other UK Airports,LERWICK (TINGWALL),133,113,17.699115,133,113,17.699115,0,0,Null,2019-01-01
3/12/2019 2:42:31 PM,201801,Other UK Airports,LIVERPOOL (JOHN LENNON),316432,323321,-2.130700,316432,322065,-1.749026,0,1256,Null,2019-01-01
3/12/2019 2:42:31 PM,201801,London Area Airports,LONDON CITY,341022,320258,6.483523,341022,320258,6.483523,0,0,Null,2019-01-01
3/12/2019 2:42:31 PM,201801,London Area Airports,LUTON,1156359,1034068,11.826205,1156359,1033841,11.850758,0,227,Null,2019-01-01
3/12/2019 2:42:31 PM,201801,Other UK Airports,LYDD,6,0,Null,6,0,Null,0,0,Null,2019-01-01
3/12/2019 2:42:31 PM,201801,Other UK Airports,MANCHESTER,1784815,1667010,7.066844,1782644,1664456,7.100698,2171,2554,-14.996085,2019-01-01
3/12/2019 2:42:31 PM,201801,Other UK Airports,NEWCASTLE,274384,282100,-2.735200,273316,281822,-3.018217,1068,278,284.172662,2019-01-01
3/12/2019 2:42:31 PM,201801,Other UK Airports,NEWQUAY,23416,20231,15.743166,23416,20231,15.743166,0,0,Null,2019-01-01
3/12/2019 2:42:31 PM,201801,Other UK Airports,NORWICH,28116,28422,-1.076631,28116,28422,-1.076631,0,0,Null,2019-01-01
3/12/2019 2:42:31 PM,201801,Other UK Airports,PRESTWICK,22353,24815,-9.921418,22060,24630,-10.434430,293,185,58.378378,2019-01-01
3/12/2019 2:42:31 PM,201801,Other UK Airports,SCATSTA,9780,14573,-32.889590,9780,14573,-32.889590,0,0,Null,2019-01-01
3/12/2019 2:42:31 PM,201801,Other UK Airports,SOUTHAMPTON,120202,129511,-7.187806,120202,129511,-7.187806,0,0,Null,2019-01-01
3/12/2019 2:42:31 PM,201801,London Area Airports,SOUTHEND,72837,65674,10.906904,72837,65674,10.906904,0,0,Null,2019-01-01
3/12/2019 2:42:31 PM,201801,London Area Airports,STANSTED,1930066,1801579,7.131910,1930066,1801579,7.131910,0,0,Null,2019-01-01
3/12/2019 2:42:31 PM,201801,Other UK Airports,STORNOWAY,8164,9558,-14.584641,8004,9391,-14.769460,160,167,-4.191617,2019-01-01
3/12/2019 2:42:31 PM,201801,Other UK Airports,SUMBURGH,17496,16368,6.891496,17496,16358,6.956841,0,10,Null,2019-01-01
3/12/2019 2:42:31 PM,201801,Other UK Airports,TIREE,637,675,-5.629630,619,632,-2.056962,18,43,-58.139535,2019-01-01
3/12/2019 2:42:31 PM,201801,Other UK Airports,WICK JOHN O GROATS,1136,1139,-0.263389,1064,1139,-6.584723,72,0,Null,2019-01-01
4/12/2019 2:39:12 PM,201802,Other UK Airports,ABERDEEN,196653,214025,-8.116809,196653,214025,-8.116809,0,0,Null,2019-02-01
4/12/2019 2:39:12 PM,201802,Non UK Reporting Airports,ALDERNEY,2923,2820,3.652482,2923,2820,3.652482,0,0,Null,2019-02-01
4/12/2019 2:39:12 PM,201802,Other UK Airports,BARRA,959,959,(None),959,959,(None),0,0,Null,2019-02-01
4/12/2019 2:39:12 PM,201802,Other UK Airports,BELFAST CITY (GEORGE BEST),173705,174220,-0.295603,173705,174092,-0.222296,0,128,Null,2019-02-01
4/12/2019 2:39:12 PM,201802,Other UK Airports,BELFAST INTERNATIONAL,446116,382676,16.577993,446116,382676,16.577993,0,0,Null,2019-02-01
4/12/2019 2:39:12 PM,201802,Other UK Airports,BENBECULA,2651,2279,16.322949,2651,2279,16.322949,0,0,Null,2019-02-01
4/12/2019 2:39:12 PM,201802,Other UK Airports,BIGGIN HILL,84,204,-58.823529,84,204,-58.823529,0,0,Null,2019-02-01
4/12/2019 2:39:12 PM,201802,Other UK Airports,BIRMINGHAM,792205,764901,3.569612,792142,764881,3.564084,63,20,215.000000,2019-02-01
4/12/2019 2:39:12 PM,201802,Other UK Airports,BLACKPOOL,1258,1809,-30.458817,1258,1809,-30.458817,0,0,Null,2019-02-01
4/12/2019 2:39:12 PM,201802,Other UK Airports,BOURNEMOUTH,34274,31771,7.878254,34274,31771,7.878254,0,0,Null,2019-02-01
4/12/2019 2:39:12 PM,201802,Other UK Airports,BRISTOL,523742,517633,1.180180,523394,517201,1.197407,348,432,-19.444444,2019-02-01
4/12/2019 2:39:12 PM,201802,Other UK Airports,CAMPBELTOWN,465,474,-1.898734,465,474,-1.898734,0,0,Null,2019-02-01
4/12/2019 2:39:12 PM,201802,Other UK Airports,CARDIFF WALES,78061,78020,0.052551,77910,78020,-0.140989,151,0,Null,2019-02-01
4/12/2019 2:39:12 PM,201802,Other UK Airports,CITY OF DERRY (EGLINTON),13865,14977,-7.424718,13865,14977,-7.424718,0,0,Null,2019-02-01
4/12/2019 2:39:12 PM,201802,Other UK Airports,DONCASTER SHEFFIELD,68048,61392,10.841803,68048,61392,10.841803,0,0,Null,2019-02-01
4/12/2019 2:39:12 PM,201802,Other UK Airports,DUNDEE,1543,1402,10.057061,1543,1402,10.057061,0,0,Null,2019-02-01
4/12/2019 2:39:12 PM,201802,Other UK Airports,DURHAM TEES VALLEY,11283,10596,6.483579,10966,10459,4.847500,317,137,131.386861,2019-02-01
4/12/2019 2:39:12 PM,201802,Other UK Airports,EAST MIDLANDS INTERNATIONAL,213338,216547,-1.481895,213338,216547,-1.481895,0,0,Null,2019-02-01
4/12/2019 2:39:12 PM,201802,Other UK Airports,EDINBURGH,938914,844685,11.155520,938703,844547,11.148699,211,138,52.898551,2019-02-01
4/12/2019 2:39:12 PM,201802,Other UK Airports,EXETER,61279,55385,10.641871,61279,55385,10.641871,0,0,Null,2019-02-01
4/12/2019 2:39:12 PM,201802,London Area Airports,GATWICK,3098831,2980212,3.980220,3098831,2979872,3.992084,0,340,Null,2019-02-01
4/12/2019 2:39:12 PM,201802,Other UK Airports,GLASGOW,533638,567221,-5.920620,533281,566863,-5.924183,357,358,-0.279330,2019-02-01
4/12/2019 2:39:12 PM,201802,Non UK Reporting Airports,GUERNSEY,53778,51628,4.164407,51156,49079,4.231953,2622,2549,2.863868,2019-02-01
4/12/2019 2:39:12 PM,201802,London Area Airports,HEATHROW,5482288,5393756,1.641379,5482288,5391529,1.683363,0,2227,Null,2019-02-01
4/12/2019 2:39:12 PM,201802,Other UK Airports,HUMBERSIDE,14648,12295,19.137861,14310,12214,17.160635,338,81,317.283951,2019-02-01
4/12/2019 2:39:12 PM,201802,Other UK Airports,INVERNESS,53606,51602,3.883570,53606,51602,3.883570,0,0,Null,2019-02-01
4/12/2019 2:39:12 PM,201802,Other UK Airports,ISLAY,1849,1820,1.593407,1821,1795,1.448468,28,25,12.000000,2019-02-01
4/12/2019 2:39:12 PM,201802,Non UK Reporting Airports,ISLE OF MAN,60851,58379,4.234399,60851,58379,4.234399,0,0,Null,2019-02-01
4/12/2019 2:39:12 PM,201802,Other UK Airports,ISLES OF SCILLY (ST.MARYS),3313,3291,0.668490,3313,3291,0.668490,0,0,Null,2019-02-01
4/12/2019 2:39:12 PM,201802,Non UK Reporting Airports,JERSEY,99271,97626,1.685002,97713,96668,1.081020,1558,958,62.630480,2019-02-01
4/12/2019 2:39:12 PM,201802,Other UK Airports,KIRKWALL,11864,11735,1.099276,11157,11012,1.316745,707,723,-2.213001,2019-02-01
4/12/2019 2:39:12 PM,201802,Other UK Airports,LANDS END (ST JUST),2931,2853,2.733964,2909,2797,4.004290,22,56,-60.714286,2019-02-01
4/12/2019 2:39:12 PM,201802,Other UK Airports,LEEDS BRADFORD,196953,198161,-0.609605,196953,197935,-0.496122,0,226,Null,2019-02-01
4/12/2019 2:39:12 PM,201802,Other UK Airports,LERWICK (TINGWALL),197,221,-10.859729,197,221,-10.859729,0,0,Null,2019-02-01
4/12/2019 2:39:12 PM,201802,Other UK Airports,LIVERPOOL (JOHN LENNON),339357,335362,1.191250,339357,335030,1.291526,0,332,Null,2019-02-01
4/12/2019 2:39:12 PM,201802,London Area Airports,LONDON CITY,365102,329634,10.759812,365102,329634,10.759812,0,0,Null,2019-02-01
4/12/2019 2:39:12 PM,201802,London Area Airports,LUTON,1191996,1053462,13.150356,1191683,1053101,13.159422,313,361,-13.296399,2019-02-01
4/12/2019 2:39:12 PM,201802,Other UK Airports,LYDD,0,11,Null,0,11,Null,0,0,Null,2019-02-01
4/12/2019 2:39:12 PM,201802,Other UK Airports,MANCHESTER,1801038,1680919,7.146031,1798919,1678336,7.184676,2119,2583,-17.963608,2019-02-01
4/12/2019 2:39:12 PM,201802,Other UK Airports,NEWCASTLE,283488,288274,-1.660226,282293,288129,-2.025482,1195,145,724.137931,2019-02-01
4/12/2019 2:39:12 PM,201802,Other UK Airports,NEWQUAY,24307,20549,18.287995,24307,20549,18.287995,0,0,Null,2019-02-01
4/12/2019 2:39:12 PM,201802,Other UK Airports,NORWICH,30971,28243,9.659031,30971,28243,9.659031,0,0,Null,2019-02-01
4/12/2019 2:39:12 PM,201802,Other UK Airports,PRESTWICK,21262,24868,-14.500563,21251,24864,-14.531049,11,4,175.000000,2019-02-01
4/12/2019 2:39:12 PM,201802,Other UK Airports,SCATSTA,8928,13497,-33.851967,8928,13497,-33.851967,0,0,Null,2019-02-01
4/12/2019 2:39:12 PM,201802,Other UK Airports,SOUTHAMPTON,123812,134506,-7.950575,123812,134452,-7.913605,0,54,Null,2019-02-01
4/12/2019 2:39:12 PM,201802,London Area Airports,SOUTHEND,81510,79015,3.157628,81510,79015,3.157628,0,0,Null,2019-02-01
4/12/2019 2:39:12 PM,201802,London Area Airports,STANSTED,1873730,1731648,8.205016,1873730,1731648,8.205016,0,0,Null,2019-02-01
4/12/2019 2:39:12 PM,201802,Other UK Airports,STORNOWAY,9298,9903,-6.109260,9077,9664,-6.074089,221,239,-7.531381,2019-02-01
4/12/2019 2:39:12 PM,201802,Other UK Airports,SUMBURGH,16591,16482,0.661328,16591,16482,0.661328,0,0,Null,2019-02-01
4/12/2019 2:39:12 PM,201802,Other UK Airports,TIREE,742,714,3.921569,717,674,6.379822,25,40,-37.500000,2019-02-01
4/12/2019 2:39:12 PM,201802,Other UK Airports,WICK JOHN O GROATS,1079,1226,-11.990212,1029,1226,-16.068515,50,0,Null,2019-02-01
5/24/2019 1:59:35 PM,201803,Other UK Airports,ABERDEEN,224705,242486,-7.332794,224705,242486,-7.332794,0,0,Null,2019-03-01
5/24/2019 1:59:35 PM,201803,Non UK Reporting Airports,ALDERNEY,3608,3687,-2.142663,3608,3687,-2.142663,0,0,Null,2019-03-01
5/24/2019 1:59:35 PM,201803,Other UK Airports,BARRA,1234,1160,6.379310,1234,1160,6.379310,0,0,Null,2019-03-01
5/24/2019 1:59:35 PM,201803,Other UK Airports,BELFAST CITY (GEORGE BEST),194572,194453,0.061197,194572,194238,0.171954,0,215,Null,2019-03-01
5/24/2019 1:59:35 PM,201803,Other UK Airports,BELFAST INTERNATIONAL,487888,450204,8.370428,487888,450197,8.372113,0,7,Null,2019-03-01
5/24/2019 1:59:35 PM,201803,Other UK Airports,BENBECULA,2844,2573,10.532452,2826,2573,9.832880,18,0,Null,2019-03-01
5/24/2019 1:59:35 PM,201803,Other UK Airports,BIGGIN HILL,105,65,61.538462,105,65,61.538462,0,0,Null,2019-03-01
5/24/2019 1:59:35 PM,201803,Other UK Airports,BIRMINGHAM,903425,879517,2.718310,902565,879381,2.636400,860,136,532.352941,2019-03-01
5/24/2019 1:59:35 PM,201803,Other UK Airports,BLACKPOOL,759,1666,-54.441777,759,1666,-54.441777,0,0,Null,2019-03-01
5/24/2019 1:59:35 PM,201803,Other UK Airports,BOURNEMOUTH,39419,40298,-2.181250,39419,40298,-2.181250,0,0,Null,2019-03-01
5/24/2019 1:59:35 PM,201803,Other UK Airports,BRISTOL,622358,555522,12.031207,622358,555041,12.128293,0,481,Null,2019-03-01
5/24/2019 1:59:35 PM,201803,Other UK Airports,CAMPBELTOWN,620,693,-10.533911,608,693,-12.265512,12,0,Null,2019-03-01
5/24/2019 1:59:35 PM,201803,Other UK Airports,CARDIFF WALES,99105,96153,3.070107,99055,95976,3.208094,50,177,-71.751412,2019-03-01
5/24/2019 1:59:35 PM,201803,Other UK Airports,CITY OF DERRY (EGLINTON),16719,15884,5.256862,16719,15884,5.256862,0,0,Null,2019-03-01
5/24/2019 1:59:35 PM,201803,Other UK Airports,DONCASTER SHEFFIELD,79454,81353,-2.334272,79454,81303,-2.274209,0,50,Null,2019-03-01
5/24/2019 1:59:35 PM,201803,Other UK Airports,DUNDEE,1773,1615,9.783282,1773,1615,9.783282,0,0,Null,2019-03-01
5/24/2019 1:59:35 PM,201803,Other UK Airports,DURHAM TEES VALLEY,11647,12076,-3.552501,11109,11987,-7.324602,538,89,504.494382,2019-03-01
5/24/2019 1:59:35 PM,201803,Other UK Airports,EAST MIDLANDS INTERNATIONAL,254169,274683,-7.468245,254169,274609,-7.443310,0,74,Null,2019-03-01
5/24/2019 1:59:35 PM,201803,Other UK Airports,EDINBURGH,1105751,963363,14.780306,1105642,963363,14.768992,109,0,Null,2019-03-01
5/24/2019 1:59:35 PM,201803,Other UK Airports,EXETER,68301,57790,18.188268,68301,57769,18.231231,0,21,Null,2019-03-01
5/24/2019 1:59:35 PM,201803,London Area Airports,GATWICK,3623861,3476905,4.226633,3623861,3476303,4.244682,0,602,Null,2019-03-01
5/24/2019 1:59:35 PM,201803,Other UK Airports,GLASGOW,646968,665079,-2.723135,646757,664586,-2.682723,211,493,-57.200811,2019-03-01
5/24/2019 1:59:35 PM,201803,Non UK Reporting Airports,GUERNSEY,64072,61709,3.829263,61100,59270,3.087565,2972,2439,21.853219,2019-03-01
5/24/2019 1:59:35 PM,201803,London Area Airports,HEATHROW,6527571,6494273,0.512729,6527270,6491981,0.543578,301,2292,-86.867365,2019-03-01
5/24/2019 1:59:35 PM,201803,Other UK Airports,HUMBERSIDE,15823,13961,13.337153,15474,13874,11.532363,349,87,301.149425,2019-03-01
5/24/2019 1:59:35 PM,201803,Other UK Airports,INVERNESS,64902,62564,3.736973,64902,62564,3.736973,0,0,Null,2019-03-01
5/24/2019 1:59:35 PM,201803,Other UK Airports,ISLAY,2363,2504,-5.630990,2344,2477,-5.369398,19,27,-29.629630,2019-03-01
5/24/2019 1:59:35 PM,201803,Non UK Reporting Airports,ISLE OF MAN,70672,64866,8.950760,70672,64866,8.950760,0,0,Null,2019-03-01
5/24/2019 1:59:35 PM,201803,Other UK Airports,ISLES OF SCILLY (ST.MARYS),4302,5386,-20.126253,4302,5386,-20.126253,0,0,Null,2019-03-01
5/24/2019 1:59:35 PM,201803,Non UK Reporting Airports,JERSEY,121731,100600,21.004970,119951,100600,19.235586,1780,0,Null,2019-03-01
5/24/2019 1:59:35 PM,201803,Other UK Airports,KIRKWALL,13165,13897,-5.267324,12490,12970,-3.700848,675,927,-27.184466,2019-03-01
5/24/2019 1:59:35 PM,201803,Other UK Airports,LANDS END (ST JUST),3376,4128,-18.217054,3372,4077,-17.292127,4,51,-92.156863,2019-03-01
5/24/2019 1:59:35 PM,201803,Other UK Airports,LEEDS BRADFORD,246550,225584,9.294099,246550,225381,9.392540,0,203,Null,2019-03-01
5/24/2019 1:59:35 PM,201803,Other UK Airports,LERWICK (TINGWALL),198,224,-11.607143,198,224,-11.607143,0,0,Null,2019-03-01
5/24/2019 1:59:35 PM,201803,Other UK Airports,LIVERPOOL (JOHN LENNON),382697,387006,-1.113419,382637,386582,-1.020482,60,424,-85.849057,2019-03-01
5/24/2019 1:59:35 PM,201803,London Area Airports,LONDON CITY,424776,383265,10.830887,424776,383265,10.830887,0,0,Null,2019-03-01
5/24/2019 1:59:35 PM,201803,London Area Airports,LUTON,1352217,1225318,10.356414,1352217,1225296,10.358395,0,22,Null,2019-03-01
5/24/2019 1:59:35 PM,201803,Other UK Airports,LYDD,0,10,Null,0,10,Null,0,0,Null,2019-03-01
5/24/2019 1:59:35 PM,201803,Other UK Airports,MANCHESTER,2064522,1994767,3.496900,2062055,1990357,3.602268,2467,4410,-44.058957,2019-03-01
5/24/2019 1:59:35 PM,201803,Other UK Airports,NEWCASTLE,338962,342391,-1.001487,337812,342113,-1.257187,1150,278,313.669065,2019-03-01
5/24/2019 1:59:35 PM,201803,Other UK Airports,NEWQUAY,28081,24217,15.955734,28081,24207,16.003635,0,10,Null,2019-03-01
5/24/2019 1:59:35 PM,201803,Other UK Airports,NORWICH,35158,34767,1.124630,35158,34767,1.124630,0,0,Null,2019-03-01
5/24/2019 1:59:35 PM,201803,Other UK Airports,PRESTWICK,25543,38361,-33.414145,25534,38356,-33.428929,9,5,80.000000,2019-03-01
5/24/2019 1:59:35 PM,201803,Other UK Airports,SCATSTA,9406,14139,-33.474786,9406,14139,-33.474786,0,0,Null,2019-03-01
5/24/2019 1:59:35 PM,201803,Other UK Airports,SOUTHAMPTON,143430,147156,-2.532007,143382,147156,-2.564625,48,0,Null,2019-03-01
5/24/2019 1:59:35 PM,201803,London Area Airports,SOUTHEND,99104,91723,8.047055,99104,91723,8.047055,0,0,Null,2019-03-01
5/24/2019 1:59:35 PM,201803,London Area Airports,STANSTED,2105942,1989109,5.873635,2105942,1988754,5.892534,0,355,Null,2019-03-01
5/24/2019 1:59:35 PM,201803,Other UK Airports,STORNOWAY,10325,10412,-0.835574,10134,10192,-0.569074,191,220,-13.181818,2019-03-01
5/24/2019 1:59:35 PM,201803,Other UK Airports,SUMBURGH,18464,19043,-3.040487,18464,19043,-3.040487,0,0,Null,2019-03-01
5/24/2019 1:59:35 PM,201803,Other UK Airports,TIREE,807,932,-13.412017,791,911,-13.172338,16,21,-23.809524,2019-03-01
5/24/2019 1:59:35 PM,201803,Other UK Airports,WICK JOHN O GROATS,1339,1394,-3.945481,1204,1375,-12.436364,135,19,610.526316,2019-03-01
6/27/2019 10:30:21 AM,201804,Other UK Airports,ABERDEEN,239815,254237,-5.672660,239815,254237,-5.672660,0,0,Null,2019-04-01
6/27/2019 10:30:21 AM,201804,Non UK Reporting Airports,ALDERNEY,4578,4096,11.767578,4578,4096,11.767578,0,0,Null,2019-04-01
6/27/2019 10:30:21 AM,201804,Other UK Airports,BARRA,1412,1402,0.713267,1412,1402,0.713267,0,0,Null,2019-04-01
6/27/2019 10:30:21 AM,201804,Other UK Airports,BELFAST CITY (GEORGE BEST),211050,204267,3.320654,211050,203961,3.475664,0,306,Null,2019-04-01
6/27/2019 10:30:21 AM,201804,Other UK Airports,BELFAST INTERNATIONAL,542166,498574,8.743336,542166,498574,8.743336,0,0,Null,2019-04-01
6/27/2019 10:30:21 AM,201804,Other UK Airports,BENBECULA,3030,2721,11.356119,3030,2721,11.356119,0,0,Null,2019-04-01
6/27/2019 10:30:21 AM,201804,Other UK Airports,BIGGIN HILL,252,124,103.225806,252,124,103.225806,0,0,Null,2019-04-01
6/27/2019 10:30:21 AM,201804,Other UK Airports,BIRMINGHAM,1004085,962715,4.297222,1003699,962676,4.261351,386,39,889.743590,2019-04-01
6/27/2019 10:30:21 AM,201804,Other UK Airports,BLACKPOOL,1745,2297,-24.031345,1745,2297,-24.031345,0,0,Null,2019-04-01
6/27/2019 10:30:21 AM,201804,Other UK Airports,BOURNEMOUTH,69079,64431,7.213919,69079,64431,7.213919,0,0,Null,2019-04-01
6/27/2019 10:30:21 AM,201804,Other UK Airports,BRISTOL,714889,703428,1.629307,714889,702940,1.699861,0,488,Null,2019-04-01
6/27/2019 10:30:21 AM,201804,Other UK Airports,CAMPBELTOWN,646,651,-0.768049,646,645,0.155039,0,6,Null,2019-04-01
6/27/2019 10:30:21 AM,201804,Other UK Airports,CARDIFF WALES,126274,105117,20.127096,126274,104874,20.405439,0,243,Null,2019-04-01
6/27/2019 10:30:21 AM,201804,Other UK Airports,CITY OF DERRY (EGLINTON),15887,14988,5.998132,15887,14988,5.998132,0,0,Null,2019-04-01
6/27/2019 10:30:21 AM,201804,Other UK Airports,DONCASTER SHEFFIELD,101122,94263,7.276450,101122,94261,7.278726,0,2,Null,2019-04-01
6/27/2019 10:30:21 AM,201804,Other UK Airports,DUNDEE,1822,1562,16.645327,1822,1562,16.645327,0,0,Null,2019-04-01
6/27/2019 10:30:21 AM,201804,Other UK Airports,DURHAM TEES VALLEY,12989,11905,9.105418,12603,11811,6.705613,386,94,310.638298,2019-04-01
6/27/2019 10:30:21 AM,201804,Other UK Airports,EAST MIDLANDS INTERNATIONAL,393638,405286,-2.874020,393638,405286,-2.874020,0,0,Null,2019-04-01
6/27/2019 10:30:21 AM,201804,Other UK Airports,EDINBURGH,1257778,1205233,4.359738,1257408,1205233,4.329038,370,0,Null,2019-04-01
6/27/2019 10:30:21 AM,201804,Other UK Airports,EXETER,84990,74967,13.369883,84990,74967,13.369883,0,0,Null,2019-04-01
6/27/2019 10:30:21 AM,201804,London Area Airports,GATWICK,3854923,3742717,2.997982,3854923,3742456,3.005166,0,261,Null,2019-04-01
6/27/2019 10:30:21 AM,201804,Other UK Airports,GLASGOW,692185,798259,-13.288168,691804,798259,-13.335897,381,0,Null,2019-04-01
6/27/2019 10:30:21 AM,201804,Non UK Reporting Airports,GUERNSEY,69606,66049,5.385396,67361,63653,5.825334,2245,2396,-6.302170,2019-04-01
6/27/2019 10:30:21 AM,201804,London Area Airports,HEATHROW,6798206,6583739,3.257526,6798206,6582023,3.284446,0,1716,Null,2019-04-01
6/27/2019 10:30:21 AM,201804,Other UK Airports,HUMBERSIDE,16049,13992,14.701258,15851,13938,13.725068,198,54,266.666667,2019-04-01
6/27/2019 10:30:21 AM,201804,Other UK Airports,INVERNESS,83367,79455,4.923542,83367,79431,4.955244,0,24,Null,2019-04-01
6/27/2019 10:30:21 AM,201804,Other UK Airports,ISLAY,3243,3023,7.277539,3202,3000,6.733333,41,23,78.260870,2019-04-01
6/27/2019 10:30:21 AM,201804,Non UK Reporting Airports,ISLE OF MAN,70079,65462,7.052947,70079,65462,7.052947,0,0,Null,2019-04-01
6/27/2019 10:30:21 AM,201804,Other UK Airports,ISLES OF SCILLY (ST.MARYS),9455,9098,3.923939,9455,9098,3.923939,0,0,Null,2019-04-01
6/27/2019 10:30:21 AM,201804,Non UK Reporting Airports,JERSEY,154240,117734,31.007186,151324,117734,28.530416,2916,0,Null,2019-04-01
6/27/2019 10:30:21 AM,201804,Other UK Airports,KIRKWALL,14128,15096,-6.412295,13114,14039,-6.588788,1014,1057,-4.068117,2019-04-01
6/27/2019 10:30:21 AM,201804,Other UK Airports,LANDS END (ST JUST),6626,5958,11.211816,6626,5957,11.230485,0,1,Null,2019-04-01
6/27/2019 10:30:21 AM,201804,Other UK Airports,LEEDS BRADFORD,318006,300208,5.928556,318006,299961,6.015782,0,247,Null,2019-04-01
6/27/2019 10:30:21 AM,201804,Other UK Airports,LERWICK (TINGWALL),261,337,-22.551929,261,337,-22.551929,0,0,Null,2019-04-01
6/27/2019 10:30:21 AM,201804,Other UK Airports,LIVERPOOL (JOHN LENNON),443373,438296,1.158350,443373,438117,1.199680,0,179,Null,2019-04-01
6/27/2019 10:30:21 AM,201804,London Area Airports,LONDON CITY,420996,385190,9.295672,420996,385190,9.295672,0,0,Null,2019-04-01
6/27/2019 10:30:21 AM,201804,London Area Airports,LUTON,1554456,1404430,10.682341,1554456,1403688,10.740848,0,742,Null,2019-04-01
6/27/2019 10:30:21 AM,201804,Other UK Airports,LYDD,2,0,Null,2,0,Null,0,0,Null,2019-04-01
6/27/2019 10:30:21 AM,201804,Other UK Airports,MANCHESTER,2388591,2202186,8.464544,2387051,2198411,8.580743,1540,3775,-59.205298,2019-04-01
6/27/2019 10:30:21 AM,201804,Other UK Airports,NEWCASTLE,393076,402096,-2.243245,392913,401971,-2.253396,163,125,30.400000,2019-04-01
6/27/2019 10:30:21 AM,201804,Other UK Airports,NEWQUAY,39546,38445,2.863831,39541,38440,2.864204,5,5,(None),2019-04-01
6/27/2019 10:30:21 AM,201804,Other UK Airports,NORWICH,38154,35774,6.652876,38154,35774,6.652876,0,0,Null,2019-04-01
6/27/2019 10:30:21 AM,201804,Other UK Airports,PRESTWICK,67755,74901,-9.540594,67750,74896,-9.541231,5,5,(None),2019-04-01
6/27/2019 10:30:21 AM,201804,Other UK Airports,SCATSTA,9560,16213,-41.034972,9560,16213,-41.034972,0,0,Null,2019-04-01
6/27/2019 10:30:21 AM,201804,Other UK Airports,SOUTHAMPTON,147209,168899,-12.841994,147209,168899,-12.841994,0,0,Null,2019-04-01
6/27/2019 10:30:21 AM,201804,London Area Airports,SOUTHEND,187479,113203,65.613102,187479,113203,65.613102,0,0,Null,2019-04-01
6/27/2019 10:30:21 AM,201804,London Area Airports,STANSTED,2389377,2363926,1.076641,2389377,2363800,1.082029,0,126,Null,2019-04-01
6/27/2019 10:30:21 AM,201804,Other UK Airports,STORNOWAY,10367,10409,-0.403497,10166,10287,-1.176242,201,122,64.754098,2019-04-01
6/27/2019 10:30:21 AM,201804,Other UK Airports,SUMBURGH,18722,19154,-2.255404,18704,19148,-2.318780,18,6,200.000000,2019-04-01
6/27/2019 10:30:21 AM,201804,Other UK Airports,TIREE,1122,1031,8.826382,1071,995,7.638191,51,36,41.666667,2019-04-01
6/27/2019 10:30:21 AM,201804,Other UK Airports,WICK JOHN O GROATS,1205,1346,-10.475483,1205,1346,-10.475483,0,0,Null,2019-04-01
7/18/2019 12:57:36 PM,201805,Other UK Airports,ABERDEEN,270058,276578,-2.357382,270058,276578,-2.357382,0,0,Null,2019-05-01
7/18/2019 12:57:36 PM,201805,Non UK Reporting Airports,ALDERNEY,4838,4692,3.111679,4838,4692,3.111679,0,0,Null,2019-05-01
7/18/2019 12:57:36 PM,201805,Other UK Airports,BARRA,1483,1569,-5.481198,1483,1569,-5.481198,0,0,Null,2019-05-01
7/18/2019 12:57:36 PM,201805,Other UK Airports,BELFAST CITY (GEORGE BEST),221769,232133,-4.464682,221769,231916,-4.375291,0,217,Null,2019-05-01
7/18/2019 12:57:36 PM,201805,Other UK Airports,BELFAST INTERNATIONAL,607358,557484,8.946266,607358,557484,8.946266,0,0,Null,2019-05-01
7/18/2019 12:57:36 PM,201805,Other UK Airports,BENBECULA,3046,3219,-5.374340,3046,3219,-5.374340,0,0,Null,2019-05-01
7/18/2019 12:57:36 PM,201805,Other UK Airports,BIGGIN HILL,50,108,-53.703704,50,108,-53.703704,0,0,Null,2019-05-01
7/18/2019 12:57:36 PM,201805,Other UK Airports,BIRMINGHAM,1165846,1132818,2.915561,1165577,1132818,2.891815,269,0,Null,2019-05-01
7/18/2019 12:57:36 PM,201805,Other UK Airports,BLACKPOOL,1422,1818,-21.782178,1422,1818,-21.782178,0,0,Null,2019-05-01
7/18/2019 12:57:36 PM,201805,Other UK Airports,BOURNEMOUTH,85976,71567,20.133581,85976,71567,20.133581,0,0,Null,2019-05-01
7/18/2019 12:57:36 PM,201805,Other UK Airports,BRISTOL,850850,834439,1.966711,850481,834054,1.969537,369,385,-4.155844,2019-05-01
7/18/2019 12:57:36 PM,201805,Other UK Airports,CAMPBELTOWN,905,955,-5.235602,905,946,-4.334038,0,9,Null,2019-05-01
7/18/2019 12:57:36 PM,201805,Other UK Airports,CARDIFF WALES,176704,164966,7.115406,176704,164897,7.160227,0,69,Null,2019-05-01
7/18/2019 12:57:36 PM,201805,Other UK Airports,CITY OF DERRY (EGLINTON),15341,15541,-1.286918,15341,15541,-1.286918,0,0,Null,2019-05-01
7/18/2019 12:57:36 PM,201805,Other UK Airports,DONCASTER SHEFFIELD,144906,122235,18.547061,144906,122235,18.547061,0,0,Null,2019-05-01
7/18/2019 12:57:36 PM,201805,Other UK Airports,DUNDEE,1739,2023,-14.038557,1739,2023,-14.038557,0,0,Null,2019-05-01
7/18/2019 12:57:36 PM,201805,Other UK Airports,DURHAM TEES VALLEY,14126,12218,15.616304,13688,12121,12.927976,438,97,351.546392,2019-05-01
7/18/2019 12:57:36 PM,201805,Other UK Airports,EAST MIDLANDS INTERNATIONAL,501521,517080,-3.009012,501521,517080,-3.009012,0,0,Null,2019-05-01
7/18/2019 12:57:36 PM,201805,Other UK Airports,EDINBURGH,1380326,1324075,4.248324,1380021,1324005,4.230800,305,70,335.714286,2019-05-01
7/18/2019 12:57:36 PM,201805,Other UK Airports,EXETER,99060,87578,13.110599,99060,87530,13.172627,0,48,Null,2019-05-01
7/18/2019 12:57:36 PM,201805,London Area Airports,GATWICK,4177166,4103134,1.804279,4177166,4102697,1.815123,0,437,Null,2019-05-01
7/18/2019 12:57:36 PM,201805,Other UK Airports,GLASGOW,854948,928240,-7.895803,854948,928240,-7.895803,0,0,Null,2019-05-01
7/18/2019 12:57:36 PM,201805,Non UK Reporting Airports,GUERNSEY,79030,75785,4.281850,77007,72838,5.723661,2023,2947,-31.353919,2019-05-01
7/18/2019 12:57:36 PM,201805,London Area Airports,HEATHROW,6769369,6679718,1.342137,6768903,6676837,1.378886,466,2881,-83.825061,2019-05-01
7/18/2019 12:57:36 PM,201805,Other UK Airports,HUMBERSIDE,18909,16722,13.078579,18663,16684,11.861664,246,38,547.368421,2019-05-01
7/18/2019 12:57:36 PM,201805,Other UK Airports,INVERNESS,89405,86099,3.839766,89367,86025,3.884917,38,74,-48.648649,2019-05-01
7/18/2019 12:57:36 PM,201805,Other UK Airports,ISLAY,4076,3619,12.627798,4057,3587,13.102871,19,32,-40.625000,2019-05-01
7/18/2019 12:57:36 PM,201805,Non UK Reporting Airports,ISLE OF MAN,80509,74790,7.646744,80509,74790,7.646744,0,0,Null,2019-05-01
7/18/2019 12:57:36 PM,201805,Other UK Airports,ISLES OF SCILLY (ST.MARYS),11892,10868,9.422157,11892,10868,9.422157,0,0,Null,2019-05-01
7/18/2019 12:57:36 PM,201805,Non UK Reporting Airports,JERSEY,166537,159746,4.251124,163270,157810,3.459857,3267,1936,68.750000,2019-05-01
7/18/2019 12:57:36 PM,201805,Other UK Airports,KIRKWALL,16779,17916,-6.346283,15754,16713,-5.738048,1025,1203,-14.796342,2019-05-01
7/18/2019 12:57:36 PM,201805,Other UK Airports,LANDS END (ST JUST),7535,6641,13.461828,7529,6641,13.371480,6,0,Null,2019-05-01
7/18/2019 12:57:36 PM,201805,Other UK Airports,LEEDS BRADFORD,392657,389259,0.872941,392584,388966,0.930158,73,293,-75.085324,2019-05-01
7/18/2019 12:57:36 PM,201805,Other UK Airports,LERWICK (TINGWALL),350,543,-35.543278,350,543,-35.543278,0,0,Null,2019-05-01
7/18/2019 12:57:36 PM,201805,Other UK Airports,LIVERPOOL (JOHN LENNON),473772,464438,2.009741,473772,464104,2.083154,0,334,Null,2019-05-01
7/18/2019 12:57:36 PM,201805,London Area Airports,LONDON CITY,450969,424392,6.262371,450969,424392,6.262371,0,0,Null,2019-05-01
7/18/2019 12:57:36 PM,201805,London Area Airports,LUTON,1660158,1519110,9.284910,1658833,1519110,9.197688,1325,0,Null,2019-05-01
7/18/2019 12:57:36 PM,201805,Other UK Airports,LYDD,0,3,Null,0,3,Null,0,0,Null,2019-05-01
7/18/2019 12:57:36 PM,201805,Other UK Airports,MANCHESTER,2641605,2495356,5.860847,2637466,2490941,5.882315,4139,4415,-6.251416,2019-05-01
7/18/2019 12:57:36 PM,201805,Other UK Airports,NEWCASTLE,526601,519095,1.445978,526584,518890,1.482781,17,205,-91.707317,2019-05-01
7/18/2019 12:57:36 PM,201805,Other UK Airports,NEWQUAY,46040,46469,-0.923196,46040,46447,-0.876268,0,22,Null,2019-05-01
7/18/2019 12:57:36 PM,201805,Other UK Airports,NORWICH,55088,53568,2.837515,55088,53568,2.837515,0,0,Null,2019-05-01
7/18/2019 12:57:36 PM,201805,Other UK Airports,OXFORD (KIDLINGTON),0,100,Null,0,100,Null,0,0,Null,2019-05-01
7/18/2019 12:57:36 PM,201805,Other UK Airports,PRESTWICK,75378,79563,-5.259983,75362,79553,-5.268186,16,10,60.000000,2019-05-01
7/18/2019 12:57:36 PM,201805,Other UK Airports,SCATSTA,9291,17169,-45.885025,9291,17169,-45.885025,0,0,Null,2019-05-01
7/18/2019 12:57:36 PM,201805,Other UK Airports,SOUTHAMPTON,159249,182987,-12.972506,159249,182987,-12.972506,0,0,Null,2019-05-01
7/18/2019 12:57:36 PM,201805,London Area Airports,SOUTHEND,203284,128592,58.084484,203284,128592,58.084484,0,0,Null,2019-05-01
7/18/2019 12:57:36 PM,201805,London Area Airports,STANSTED,2568443,2516480,2.064908,2568443,2516480,2.064908,0,0,Null,2019-05-01
7/18/2019 12:57:36 PM,201805,Other UK Airports,STORNOWAY,11568,12615,-8.299643,11402,12421,-8.203848,166,194,-14.432990,2019-05-01
7/18/2019 12:57:36 PM,201805,Other UK Airports,SUMBURGH,24538,21966,11.709005,24538,21966,11.709005,0,0,Null,2019-05-01
7/18/2019 12:57:36 PM,201805,Other UK Airports,TIREE,1218,1304,-6.595092,1185,1268,-6.545741,33,36,-8.333333,2019-05-01
7/18/2019 12:57:36 PM,201805,Other UK Airports,WICK JOHN O GROATS,1312,1604,-18.204489,1312,1604,-18.204489,0,0,Null,2019-05-01
8/15/2019 2:29:43 PM,201806,Other UK Airports,ABERDEEN,268317,276391,-2.921224,268317,276391,-2.921224,0,0,Null,2019-06-01
8/15/2019 2:29:43 PM,201806,Non UK Reporting Airports,ALDERNEY,4771,5023,-5.016922,4771,5023,-5.016922,0,0,Null,2019-06-01
8/15/2019 2:29:43 PM,201806,Other UK Airports,BARRA,1487,1516,-1.912929,1487,1516,-1.912929,0,0,Null,2019-06-01
8/15/2019 2:29:43 PM,201806,Other UK Airports,BELFAST CITY (GEORGE BEST),230898,234347,-1.471749,230898,234263,-1.43642,0,84,Null,2019-06-01
8/15/2019 2:29:43 PM,201806,Other UK Airports,BELFAST INTERNATIONAL,612034,608884,0.51734,612034,608884,0.51734,0,0,Null,2019-06-01
8/15/2019 2:29:43 PM,201806,Other UK Airports,BENBECULA,3388,3312,2.294686,3388,3299,2.697787,0,13,Null,2019-06-01
8/15/2019 2:29:43 PM,201806,Other UK Airports,BIGGIN HILL,216,90,140.0,216,90,140.0,0,0,Null,2019-06-01
8/15/2019 2:29:43 PM,201806,Other UK Airports,BIRMINGHAM,1259647,1239181,1.651575,1259226,1239151,1.620061,421,30,1303.333333,2019-06-01
8/15/2019 2:29:43 PM,201806,Other UK Airports,BLACKPOOL,1454,1698,-14.369847,1454,1698,-14.369847,0,0,Null,2019-06-01
8/15/2019 2:29:43 PM,201806,Other UK Airports,BOURNEMOUTH,89200,74870,19.139842,89200,74870,19.139842,0,0,Null,2019-06-01
8/15/2019 2:29:43 PM,201806,Other UK Airports,BRISTOL,914437,907964,0.712914,913599,907578,0.663414,838,386,117.098446,2019-06-01
8/15/2019 2:29:43 PM,201806,Other UK Airports,CAMPBELTOWN,837,835,0.239521,837,835,0.239521,0,0,Null,2019-06-01
8/15/2019 2:29:43 PM,201806,Other UK Airports,CARDIFF WALES,193097,181531,6.371364,192988,181292,6.451471,109,239,-54.393305,2019-06-01
8/15/2019 2:29:43 PM,201806,Other UK Airports,CITY OF DERRY (EGLINTON),16886,15769,7.083518,16886,15769,7.083518,0,0,Null,2019-06-01
8/15/2019 2:29:43 PM,201806,Other UK Airports,DONCASTER SHEFFIELD,160482,135465,18.467501,160482,135465,18.467501,0,0,Null,2019-06-01
8/15/2019 2:29:43 PM,201806,Other UK Airports,DUNDEE,1826,1834,-0.436205,1826,1834,-0.436205,0,0,Null,2019-06-01
8/15/2019 2:29:43 PM,201806,Other UK Airports,DURHAM TEES VALLEY,15404,13035,18.174147,15027,12921,16.299048,377,114,230.701754,2019-06-01
8/15/2019 2:29:43 PM,201806,Other UK Airports,EAST MIDLANDS INTERNATIONAL,536198,560272,-4.296842,535880,560272,-4.3536,318,0,Null,2019-06-01
8/15/2019 2:29:43 PM,201806,Other UK Airports,EDINBURGH,1414633,1393083,1.546929,1414271,1392839,1.538728,362,244,48.360656,2019-06-01
8/15/2019 2:29:43 PM,201806,Other UK Airports,EXETER,106376,95651,11.212638,106376,95637,11.228918,0,14,Null,2019-06-01
8/15/2019 2:29:43 PM,201806,London Area Airports,GATWICK,4517617,4499857,0.394679,4517085,4499025,0.40142,532,832,-36.057692,2019-06-01
8/15/2019 2:29:43 PM,201806,Other UK Airports,GLASGOW,925343,1008111,-8.210207,924469,1007911,-8.278707,874,200,337.000000,2019-06-01
8/15/2019 2:29:43 PM,201806,Non UK Reporting Airports,GUERNSEY,82687,77887,6.162774,80976,75220,7.65222,1711,2667,-35.845519,2019-06-01
8/15/2019 2:29:43 PM,201806,London Area Airports,HEATHROW,7246532,7126752,1.68071,7246532,7124411,1.714121,0,2341,Null,2019-06-01
8/15/2019 2:29:43 PM,201806,Other UK Airports,HUMBERSIDE,20227,18372,10.096887,20100,18304,9.812063,127,68,86.764706,2019-06-01
8/15/2019 2:29:43 PM,201806,Other UK Airports,INVERNESS,91926,87270,5.335167,91774,87008,5.477657,152,262,-41.984733,2019-06-01
8/15/2019 2:29:43 PM,201806,Other UK Airports,ISLAY,3828,3358,13.996426,3818,3331,14.620234,10,27,-62.962963,2019-06-01
8/15/2019 2:29:43 PM,201806,Non UK Reporting Airports,ISLE OF MAN,84191,87506,-3.788312,84191,87506,-3.788312,0,0,Null,2019-06-01
8/15/2019 2:29:43 PM,201806,Other UK Airports,ISLES OF SCILLY (ST.MARYS),11671,11957,-2.391904,11671,11957,-2.391904,0,0,Null,2019-06-01
8/15/2019 2:29:43 PM,201806,Non UK Reporting Airports,JERSEY,172398,169794,1.533623,169008,168445,0.334234,3390,1349,151.297257,2019-06-01
8/15/2019 2:29:43 PM,201806,Other UK Airports,KIRKWALL,17271,17796,-2.950101,16170,16627,-2.748542,1101,1169,-5.816938,2019-06-01
8/15/2019 2:29:43 PM,201806,Other UK Airports,LANDS END (ST JUST),7011,7286,-3.774362,6953,7262,-4.255026,58,24,141.666667,2019-06-01
8/15/2019 2:29:43 PM,201806,Other UK Airports,LEEDS BRADFORD,449471,463420,-3.010013,449471,463393,-3.004361,0,27,Null,2019-06-01
8/15/2019 2:29:43 PM,201806,Other UK Airports,LERWICK (TINGWALL),388,470,-17.446809,388,470,-17.446809,0,0,Null,2019-06-01
8/15/2019 2:29:43 PM,201806,Other UK Airports,LIVERPOOL (JOHN LENNON),482570,462856,4.259208,482570,462606,4.315551,0,250,Null,2019-06-01
8/15/2019 2:29:43 PM,201806,London Area Airports,LONDON CITY,461798,443721,4.073956,461798,443721,4.073956,0,0,Null,2019-06-01
8/15/2019 2:29:43 PM,201806,London Area Airports,LUTON,1697198,1585660,7.034169,1697198,1585355,7.054761,0,305,Null,2019-06-01
8/15/2019 2:29:43 PM,201806,Other UK Airports,LYDD,14,47,-70.212766,14,47,-70.212766,0,0,Null,2019-06-01
8/15/2019 2:29:43 PM,201806,Other UK Airports,MANCHESTER,2960884,2853875,3.749604,2957190,2848855,3.802756,3694,5020,-26.414343,2019-06-01
8/15/2019 2:29:43 PM,201806,Other UK Airports,NEWCASTLE,562926,588374,-4.32514,562828,588064,-4.29137,98,310,-68.387097,2019-06-01
8/15/2019 2:29:43 PM,201806,Other UK Airports,NEWQUAY,52557,54652,-3.833346,52553,54417,-3.4254,4,235,-98.297872,2019-06-01
8/15/2019 2:29:43 PM,201806,Other UK Airports,NORWICH,57417,58572,-1.971932,57417,58572,-1.971932,0,0,Null,2019-06-01
8/15/2019 2:29:43 PM,201806,Other UK Airports,PRESTWICK,77804,80083,-2.845797,77798,79570,-2.22697,6,513,-98.830409,2019-06-01
8/15/2019 2:29:43 PM,201806,Other UK Airports,SCATSTA,8652,16887,-48.765322,8652,16887,-48.765322,0,0,Null,2019-06-01
8/15/2019 2:29:43 PM,201806,Other UK Airports,SOUTHAMPTON,167811,187633,-10.56424,167800,187633,-10.570102,11,0,Null,2019-06-01
8/15/2019 2:29:43 PM,201806,London Area Airports,SOUTHEND,215722,144069,49.735196,215722,144069,49.735196,0,0,Null,2019-06-01
8/15/2019 2:29:43 PM,201806,London Area Airports,STANSTED,2652580,2635451,0.649946,2652580,2635372,0.652963,0,79,Null,2019-06-01
8/15/2019 2:29:43 PM,201806,Other UK Airports,STORNOWAY,12167,12346,-1.449862,12006,12120,-0.940594,161,226,-28.761062,2019-06-01
8/15/2019 2:29:43 PM,201806,Other UK Airports,SUMBURGH,27934,22371,24.867015,27934,22355,24.956386,0,16,Null,2019-06-01
8/15/2019 2:29:43 PM,201806,Other UK Airports,TIREE,1226,1331,-7.888805,1204,1305,-7.739464,22,26,-15.384615,2019-06-01
8/15/2019 2:29:43 PM,201806,Other UK Airports,WICK JOHN O GROATS,1183,1606,-26.33873,1183,1606,-26.33873,0,0,Null,2019-06-01
9/20/2019 10:19:58 AM,201807,Other UK Airports,ABERDEEN,280120,291385,-3.866019,280120,291362,-3.85843,0,23,Null,2019-07-01
9/20/2019 10:19:58 AM,201807,Non UK Reporting Airports,ALDERNEY,5577,6012,-7.235529,5577,6012,-7.235529,0,0,Null,2019-07-01
9/20/2019 10:19:58 AM,201807,Other UK Airports,BARRA,1372,1570,-12.611465,1372,1570,-12.611465,0,0,Null,2019-07-01
9/20/2019 10:19:58 AM,201807,Other UK Airports,BELFAST CITY (GEORGE BEST),256565,250504,2.419522,256565,250504,2.419522,0,0,Null,2019-07-01
9/20/2019 10:19:58 AM,201807,Other UK Airports,BELFAST INTERNATIONAL,639412,676383,-5.465986,639412,676383,-5.465986,0,0,Null,2019-07-01
9/20/2019 10:19:58 AM,201807,Other UK Airports,BENBECULA,2968,3435,-13.595342,2951,3435,-14.090247,17,0,Null,2019-07-01
9/20/2019 10:19:58 AM,201807,Other UK Airports,BIGGIN HILL,236,230,2.608696,236,230,2.608696,0,0,Null,2019-07-01
9/20/2019 10:19:58 AM,201807,Other UK Airports,BIRMINGHAM,1354772,1313887,3.111759,1353695,1312986,3.10049,1077,901,19.533851,2019-07-01
9/20/2019 10:19:58 AM,201807,Other UK Airports,BLACKPOOL,1642,2469,-33.495342,1642,2469,-33.495342,0,0,Null,2019-07-01
9/20/2019 10:19:58 AM,201807,Other UK Airports,BOURNEMOUTH,95320,74453,28.027077,95320,74453,28.027077,0,0,Null,2019-07-01
9/20/2019 10:19:58 AM,201807,Other UK Airports,BRISTOL,972874,938776,3.632176,972419,938411,3.623998,455,365,24.657534,2019-07-01
9/20/2019 10:19:58 AM,201807,Other UK Airports,CAMPBELTOWN,798,932,-14.377682,753,916,-17.79476,45,16,181.250000,2019-07-01
9/20/2019 10:19:58 AM,201807,Other UK Airports,CARDIFF WALES,208399,192021,8.529275,208044,191944,8.387863,355,77,361.038961,2019-07-01
9/20/2019 10:19:58 AM,201807,Other UK Airports,CITY OF DERRY (EGLINTON),19281,18288,5.42979,19281,18288,5.42979,0,0,Null,2019-07-01
9/20/2019 10:19:58 AM,201807,Other UK Airports,DONCASTER SHEFFIELD,164078,139863,17.313371,164078,139863,17.313371,0,0,Null,2019-07-01
9/20/2019 10:19:58 AM,201807,Other UK Airports,DUNDEE,1795,2118,-15.250236,1795,2118,-15.250236,0,0,Null,2019-07-01
9/20/2019 10:19:58 AM,201807,Other UK Airports,DURHAM TEES VALLEY,12922,11701,10.435006,12922,11603,11.36775,0,98,Null,2019-07-01
9/20/2019 10:19:58 AM,201807,Other UK Airports,EAST MIDLANDS INTERNATIONAL,570294,576208,-1.026365,570294,576208,-1.026365,0,0,Null,2019-07-01
9/20/2019 10:19:58 AM,201807,Other UK Airports,EDINBURGH,1506580,1499476,0.473766,1506251,1499155,0.473333,329,321,2.492212,2019-07-01
9/20/2019 10:19:58 AM,201807,Other UK Airports,EXETER,113104,97945,15.477053,113032,97945,15.403543,72,0,Null,2019-07-01
9/20/2019 10:19:58 AM,201807,London Area Airports,GATWICK,4739916,4797036,-1.190735,4739251,4795868,-1.180537,665,1168,-43.065068,2019-07-01
9/20/2019 10:19:58 AM,201807,Other UK Airports,GLASGOW,966920,1066738,-9.357312,966615,1066159,-9.336694,305,579,-47.322971,2019-07-01
9/20/2019 10:19:58 AM,201807,Non UK Reporting Airports,GUERNSEY,89407,84416,5.912386,87359,81584,7.078594,2048,2832,-27.683616,2019-07-01
9/20/2019 10:19:58 AM,201807,London Area Airports,HEATHROW,7754564,7814816,-0.770997,7754564,7812295,-0.738976,0,2521,Null,2019-07-01
9/20/2019 10:19:58 AM,201807,Other UK Airports,HUMBERSIDE,20478,18078,13.275805,20195,18076,11.722726,283,2,14050.000000,2019-07-01
9/20/2019 10:19:58 AM,201807,Other UK Airports,INVERNESS,95844,98272,-2.470694,95769,98032,-2.30843,75,240,-68.750000,2019-07-01
9/20/2019 10:19:58 AM,201807,Other UK Airports,ISLAY,3669,3302,11.114476,3645,3277,11.229783,24,25,-4.000000,2019-07-01
9/20/2019 10:19:58 AM,201807,Non UK Reporting Airports,ISLE OF MAN,75949,73519,3.305268,75949,73519,3.305268,0,0,Null,2019-07-01
9/20/2019 10:19:58 AM,201807,Other UK Airports,ISLES OF SCILLY (ST.MARYS),13503,13412,0.678497,13503,13412,0.678497,0,0,Null,2019-07-01
9/20/2019 10:19:58 AM,201807,Non UK Reporting Airports,JERSEY,187903,185645,1.2163,184070,184205,-0.073288,3833,1440,166.180556,2019-07-01
9/20/2019 10:19:58 AM,201807,Other UK Airports,KIRKWALL,16405,17781,-7.738597,15253,16551,-7.842426,1152,1230,-6.341463,2019-07-01
9/20/2019 10:19:58 AM,201807,Other UK Airports,LANDS END (ST JUST),7852,8567,-8.345979,7852,8531,-7.959208,0,36,Null,2019-07-01
9/20/2019 10:19:58 AM,201807,Other UK Airports,LEEDS BRADFORD,481381,501352,-3.983429,481381,501352,-3.983429,0,0,Null,2019-07-01
9/20/2019 10:19:58 AM,201807,Other UK Airports,LERWICK (TINGWALL),272,492,-44.715447,272,492,-44.715447,0,0,Null,2019-07-01
9/20/2019 10:19:58 AM,201807,Other UK Airports,LIVERPOOL (JOHN LENNON),496026,490901,1.043999,495277,490347,1.00541,749,554,35.198556,2019-07-01
9/20/2019 10:19:58 AM,201807,London Area Airports,LONDON CITY,493486,473866,4.140411,493486,473866,4.140411,0,0,Null,2019-07-01
9/20/2019 10:19:58 AM,201807,London Area Airports,LUTON,1808237,1695575,6.644472,1807757,1694726,6.669574,480,849,-43.462898,2019-07-01
9/20/2019 10:19:58 AM,201807,Other UK Airports,LYDD,11,65,-83.076923,11,65,-83.076923,0,0,Null,2019-07-01
9/20/2019 10:19:58 AM,201807,Other UK Airports,MANCHESTER,3181836,3047987,4.39139,3178614,3044919,4.390757,3222,3068,5.019557,2019-07-01
9/20/2019 10:19:58 AM,201807,Other UK Airports,NEWCASTLE,600265,616656,-2.658046,599816,616523,-2.709875,449,133,237.593985,2019-07-01
9/20/2019 10:19:58 AM,201807,Other UK Airports,NEWQUAY,58940,59188,-0.419004,58940,59138,-0.33481,0,50,Null,2019-07-01
9/20/2019 10:19:58 AM,201807,Other UK Airports,NORWICH,58335,59009,-1.142199,58335,59009,-1.142199,0,0,Null,2019-07-01
9/20/2019 10:19:58 AM,201807,Other UK Airports,PRESTWICK,81130,82551,-1.72136,81127,82544,-1.71666,3,7,-57.142857,2019-07-01
9/20/2019 10:19:58 AM,201807,Other UK Airports,SCATSTA,9824,16065,-38.848428,9824,16065,-38.848428,0,0,Null,2019-07-01
9/20/2019 10:19:58 AM,201807,Other UK Airports,SOUTHAMPTON,182863,201243,-9.133237,182773,201243,-9.177959,90,0,Null,2019-07-01
9/20/2019 10:19:58 AM,201807,London Area Airports,SOUTHEND,234866,167047,40.598754,234866,167047,40.598754,0,0,Null,2019-07-01
9/20/2019 10:19:58 AM,201807,London Area Airports,STANSTED,2758338,2770804,-0.449906,2758338,2770369,-0.434274,0,435,Null,2019-07-01
9/20/2019 10:19:58 AM,201807,Other UK Airports,STORNOWAY,12237,12566,-2.618176,12114,12367,-2.045767,123,199,-38.190955,2019-07-01
9/20/2019 10:19:58 AM,201807,Other UK Airports,SUMBURGH,26565,20840,27.471209,26565,20821,27.587532,0,19,Null,2019-07-01
9/20/2019 10:19:58 AM,201807,Other UK Airports,TIREE,1548,1653,-6.352087,1543,1611,-4.220981,5,42,-88.095238,2019-07-01
9/20/2019 10:19:58 AM,201807,Other UK Airports,WICK JOHN O GROATS,1162,1475,-21.220339,1162,1475,-21.220339,0,0,Null,2019-07-01
10/22/2019 5:13:36 PM,201808,Other UK Airports,ABERDEEN,267638,283635,-5.639995,267638,283635,-5.639995,0,0,Null,2019-08-01
10/22/2019 5:13:36 PM,201808,Non UK Reporting Airports,ALDERNEY,7223,7314,-1.244189,7223,7314,-1.244189,0,0,Null,2019-08-01
10/22/2019 5:13:36 PM,201808,Other UK Airports,BARRA,1587,1504,5.518617,1587,1504,5.518617,0,0,Null,2019-08-01
10/22/2019 5:13:36 PM,201808,Other UK Airports,BELFAST CITY (GEORGE BEST),252324,255024,-1.058724,252324,255024,-1.058724,0,0,Null,2019-08-01
10/22/2019 5:13:36 PM,201808,Other UK Airports,BELFAST INTERNATIONAL,639333,672018,-4.863709,639333,672018,-4.863709,0,0,Null,2019-08-01
10/22/2019 5:13:36 PM,201808,Other UK Airports,BENBECULA,3295,3336,-1.229017,3295,3336,-1.229017,0,0,Null,2019-08-01
10/22/2019 5:13:36 PM,201808,Other UK Airports,BIGGIN HILL,319,312,2.24359,319,312,2.24359,0,0,Null,2019-08-01
10/22/2019 5:13:36 PM,201808,Other UK Airports,BIRMINGHAM,1407086,1368524,2.81778,1406717,1368293,2.80817,369,231,59.740260,2019-08-01
10/22/2019 5:13:36 PM,201808,Other UK Airports,BLACKPOOL,353,1209,-70.802316,353,1209,-70.802316,0,0,Null,2019-08-01
10/22/2019 5:13:36 PM,201808,Other UK Airports,BOURNEMOUTH,97311,80514,20.86221,97311,80514,20.86221,0,0,Null,2019-08-01
10/22/2019 5:13:36 PM,201808,Other UK Airports,BRISTOL,1009612,964610,4.665305,1009498,964549,4.660105,114,61,86.885246,2019-08-01
10/22/2019 5:13:36 PM,201808,Other UK Airports,CAMPBELTOWN,935,930,0.537634,910,916,-0.655022,25,14,78.571429,2019-08-01
10/22/2019 5:13:36 PM,201808,Other UK Airports,CARDIFF WALES,216530,202405,6.978583,216530,202405,6.978583,0,0,Null,2019-08-01
10/22/2019 5:13:36 PM,201808,Other UK Airports,CITY OF DERRY (EGLINTON),20556,17665,16.365695,20556,17665,16.365695,0,0,Null,2019-08-01
10/22/2019 5:13:36 PM,201808,Other UK Airports,DONCASTER SHEFFIELD,180062,147970,21.68818,180062,147970,21.68818,0,0,Null,2019-08-01
10/22/2019 5:13:36 PM,201808,Other UK Airports,DUNDEE,1799,1937,-7.124419,1799,1937,-7.124419,0,0,Null,2019-08-01
10/22/2019 5:13:36 PM,201808,Other UK Airports,DURHAM TEES VALLEY,12301,11157,10.253652,12284,11087,10.796428,17,70,-75.714286,2019-08-01
10/22/2019 5:13:36 PM,201808,Other UK Airports,EAST MIDLANDS INTERNATIONAL,603530,605226,-0.280226,603530,605226,-0.280226,0,0,Null,2019-08-01
10/22/2019 5:13:36 PM,201808,Other UK Airports,EDINBURGH,1479855,1471940,0.537726,1479262,1471647,0.517447,593,293,102.389078,2019-08-01
10/22/2019 5:13:36 PM,201808,Other UK Airports,EXETER,119990,104123,15.238708,119990,104123,15.238708,0,0,Null,2019-08-01
10/22/2019 5:13:36 PM,201808,London Area Airports,GATWICK,4943820,4927752,0.326072,4943820,4927598,0.329207,0,154,Null,2019-08-01
10/22/2019 5:13:36 PM,201808,Other UK Airports,GLASGOW,909766,1011785,-10.083071,909448,1011540,-10.09273,318,245,29.795918,2019-08-01
10/22/2019 5:13:36 PM,201808,Non UK Reporting Airports,GUERNSEY,93378,86765,7.621737,90892,83703,8.588701,2486,3062,-18.811234,2019-08-01
10/22/2019 5:13:36 PM,201808,London Area Airports,HEATHROW,7680708,7674028,0.087047,7680007,7671950,0.105019,701,2078,-66.265640,2019-08-01
10/22/2019 5:13:36 PM,201808,Other UK Airports,HUMBERSIDE,20655,18327,12.70257,20430,18256,11.908414,225,71,216.901408,2019-08-01
10/22/2019 5:13:36 PM,201808,Other UK Airports,INVERNESS,101970,96049,6.164562,101863,95758,6.375446,107,291,-63.230241,2019-08-01
10/22/2019 5:13:36 PM,201808,Other UK Airports,ISLAY,3858,3371,14.446752,3829,3353,14.196242,29,18,61.111111,2019-08-01
10/22/2019 5:13:36 PM,201808,Non UK Reporting Airports,ISLE OF MAN,80146,79154,1.253253,80146,79154,1.253253,0,0,Null,2019-08-01
10/22/2019 5:13:36 PM,201808,Other UK Airports,ISLES OF SCILLY (ST.MARYS),14002,12455,12.420715,14002,12455,12.420715,0,0,Null,2019-08-01
10/22/2019 5:13:36 PM,201808,Non UK Reporting Airports,JERSEY,201406,194124,3.751211,197552,191663,3.072581,3854,2461,56.603007,2019-08-01
10/22/2019 5:13:36 PM,201808,Other UK Airports,KIRKWALL,16938,18440,-8.145336,15698,17050,-7.929619,1240,1390,-10.791367,2019-08-01
10/22/2019 5:13:36 PM,201808,Other UK Airports,LANDS END (ST JUST),9422,8427,11.807286,9405,8412,11.804565,17,15,13.333333,2019-08-01
10/22/2019 5:13:36 PM,201808,Other UK Airports,LEEDS BRADFORD,503527,520169,-3.199345,503380,520169,-3.227605,147,0,Null,2019-08-01
10/22/2019 5:13:36 PM,201808,Other UK Airports,LERWICK (TINGWALL),390,586,-33.447099,390,586,-33.447099,0,0,Null,2019-08-01
10/22/2019 5:13:36 PM,201808,Other UK Airports,LIVERPOOL (JOHN LENNON),518343,529155,-2.043258,517807,528801,-2.079043,536,354,51.412429,2019-08-01
10/22/2019 5:13:36 PM,201808,London Area Airports,LONDON CITY,446828,440336,1.474329,446828,440336,1.474329,0,0,Null,2019-08-01
10/22/2019 5:13:36 PM,201808,London Area Airports,LUTON,1897129,1759198,7.840561,1897129,1759198,7.840561,0,0,Null,2019-08-01
10/22/2019 5:13:36 PM,201808,Other UK Airports,LYDD,3,60,-95.0,3,60,-95.0,0,0,Null,2019-08-01
10/22/2019 5:13:36 PM,201808,Other UK Airports,MANCHESTER,3334136,3149437,5.864508,3332243,3147004,5.886202,1893,2433,-22.194821,2019-08-01
10/22/2019 5:13:36 PM,201808,Other UK Airports,NEWCASTLE,602840,619283,-2.655167,602816,619215,-2.648353,24,68,-64.705882,2019-08-01
10/22/2019 5:13:36 PM,201808,Other UK Airports,NEWQUAY,59066,59083,-0.028773,59066,59042,0.040649,0,41,Null,2019-08-01
10/22/2019 5:13:36 PM,201808,Other UK Airports,NORWICH,60301,60936,-1.042077,60301,60936,-1.042077,0,0,Null,2019-08-01
10/22/2019 5:13:36 PM,201808,Other UK Airports,PRESTWICK,79283,80173,-1.110099,79283,80170,-1.106399,0,3,Null,2019-08-01
10/22/2019 5:13:36 PM,201808,Other UK Airports,SCATSTA,9233,16460,-43.90644,9233,16460,-43.90644,0,0,Null,2019-08-01
10/22/2019 5:13:36 PM,201808,Other UK Airports,SOUTHAMPTON,189732,203951,-6.971773,189732,203951,-6.971773,0,0,Null,2019-08-01
10/22/2019 5:13:36 PM,201808,London Area Airports,SOUTHEND,244582,189651,28.964255,244582,189651,28.964255,0,0,Null,2019-08-01
10/22/2019 5:13:36 PM,201808,London Area Airports,STANSTED,2865644,2973551,-3.628894,2865644,2973551,-3.628894,0,0,Null,2019-08-01
10/22/2019 5:13:36 PM,201808,Other UK Airports,STORNOWAY,12542,13190,-4.912813,12375,12990,-4.734411,167,200,-16.500000,2019-08-01
10/22/2019 5:13:36 PM,201808,Other UK Airports,SUMBURGH,29220,24748,18.070147,29220,24725,18.17998,0,23,Null,2019-08-01
10/22/2019 5:13:36 PM,201808,Other UK Airports,TIREE,1435,1405,2.135231,1428,1354,5.465288,7,51,-86.274510,2019-08-01
10/22/2019 5:13:36 PM,201808,Other UK Airports,WICK JOHN O GROATS,957,1470,-34.897959,957,1470,-34.897959,0,0,Null,2019-08-01
12/17/2019 2:57:33 PM,201809,Other UK Airports,ABERDEEN,261795,268107,-2.354284,261763,268107,-2.366219,32,0,Null,2019-09-01
12/17/2019 2:57:33 PM,201809,Non UK Reporting Airports,ALDERNEY,5028,5530,-9.077758,5028,5530,-9.077758,0,0,Null,2019-09-01
12/17/2019 2:57:33 PM,201809,Other UK Airports,BARRA,1175,1297,-9.406322,1175,1297,-9.406322,0,0,Null,2019-09-01
12/17/2019 2:57:33 PM,201809,Other UK Airports,BELFAST CITY (GEORGE BEST),207191,220240,-5.9249,207191,220240,-5.9249,0,0,Null,2019-09-01
12/17/2019 2:57:33 PM,201809,Other UK Airports,BELFAST INTERNATIONAL,577048,598628,-3.60491,576859,598628,-3.636482,189,0,Null,2019-09-01
12/17/2019 2:57:33 PM,201809,Other UK Airports,BENBECULA,2647,3263,-18.878333,2647,3263,-18.878333,0,0,Null,2019-09-01
12/17/2019 2:57:33 PM,201809,Other UK Airports,BIGGIN HILL,215,237,-9.2827,215,237,-9.2827,0,0,Null,2019-09-01
12/17/2019 2:57:33 PM,201809,Other UK Airports,BIRMINGHAM,1254144,1255406,-0.100525,1253986,1254986,-0.079682,158,420,-62.380952,2019-09-01
12/17/2019 2:57:33 PM,201809,Other UK Airports,BLACKPOOL,1497,640,133.90625,1497,640,133.90625,0,0,Null,2019-09-01
12/17/2019 2:57:33 PM,201809,Other UK Airports,BOURNEMOUTH,93391,76101,22.719807,93391,76101,22.719807,0,0,Null,2019-09-01
12/17/2019 2:57:33 PM,201809,Other UK Airports,BRISTOL,928557,889035,4.445494,927944,889035,4.376543,613,0,Null,2019-09-01
12/17/2019 2:57:33 PM,201809,Other UK Airports,CAMPBELTOWN,616,718,-14.206128,616,718,-14.206128,0,0,Null,2019-09-01
12/17/2019 2:57:33 PM,201809,Other UK Airports,CARDIFF WALES,188359,178584,5.473615,188359,178482,5.533891,0,102,Null,2019-09-01
12/17/2019 2:57:33 PM,201809,Other UK Airports,CITY OF DERRY (EGLINTON),16081,12136,32.506592,16081,12136,32.506592,0,0,Null,2019-09-01
12/17/2019 2:57:33 PM,201809,Other UK Airports,DONCASTER SHEFFIELD,159550,126673,25.954229,159550,126673,25.954229,0,0,Null,2019-09-01
12/17/2019 2:57:33 PM,201809,Other UK Airports,DUNDEE,1832,2079,-11.880712,1832,2079,-11.880712,0,0,Null,2019-09-01
12/17/2019 2:57:33 PM,201809,Other UK Airports,DURHAM TEES VALLEY,14566,12649,15.155348,14372,12536,14.64582,194,113,71.681416,2019-09-01
12/17/2019 2:57:33 PM,201809,Other UK Airports,EAST MIDLANDS INTERNATIONAL,549935,551719,-0.323353,549650,551719,-0.37501,285,0,Null,2019-09-01
12/17/2019 2:57:33 PM,201809,Other UK Airports,EDINBURGH,1377614,1364613,0.952724,1377283,1364391,0.94489,331,222,49.099099,2019-09-01
12/17/2019 2:57:33 PM,201809,Other UK Airports,EXETER,103189,92913,11.059809,103182,92913,11.052275,7,0,Null,2019-09-01
12/17/2019 2:57:33 PM,201809,London Area Airports,GATWICK,4370314,4479151,-2.429858,4370314,4479151,-2.429858,0,0,Null,2019-09-01
12/17/2019 2:57:33 PM,201809,Other UK Airports,GLASGOW,882434,955964,-7.691712,882161,955914,-7.715443,273,50,446.000000,2019-09-01
12/17/2019 2:57:33 PM,201809,Non UK Reporting Airports,GUERNSEY,85880,81059,5.94752,83773,78474,6.752555,2107,2585,-18.491296,2019-09-01
12/17/2019 2:57:33 PM,201809,London Area Airports,HEATHROW,6777720,6983206,-2.942574,6777720,6981891,-2.924294,0,1315,Null,2019-09-01
12/17/2019 2:57:33 PM,201809,Other UK Airports,HUMBERSIDE,19439,18700,3.951872,18874,18550,1.746631,565,150,276.666667,2019-09-01
12/17/2019 2:57:33 PM,201809,Other UK Airports,INVERNESS,91392,85678,6.669157,91321,85537,6.761986,71,141,-49.645390,2019-09-01
12/17/2019 2:57:33 PM,201809,Other UK Airports,ISLAY,3225,3072,4.980469,3215,3051,5.375287,10,21,-52.380952,2019-09-01
12/17/2019 2:57:33 PM,201809,Non UK Reporting Airports,ISLE OF MAN,71292,70669,0.881575,71292,70669,0.881575,0,0,Null,2019-09-01
12/17/2019 2:57:33 PM,201809,Other UK Airports,ISLES OF SCILLY (ST.MARYS),9695,9843,-1.503607,9695,9843,-1.503607,0,0,Null,2019-09-01
12/17/2019 2:57:33 PM,201809,Non UK Reporting Airports,JERSEY,171020,171252,-0.135473,167732,169171,-0.850619,3288,2081,58.000961,2019-09-01
12/17/2019 2:57:33 PM,201809,Other UK Airports,KIRKWALL,15938,16740,-4.79092,14813,15610,-5.105701,1125,1130,-0.442478,2019-09-01
12/17/2019 2:57:33 PM,201809,Other UK Airports,LANDS END (ST JUST),5951,6977,-14.705461,5925,6898,-14.105538,26,79,-67.088608,2019-09-01
12/17/2019 2:57:33 PM,201809,Other UK Airports,LEEDS BRADFORD,446809,464524,-3.813581,446561,464524,-3.866969,248,0,Null,2019-09-01
12/17/2019 2:57:33 PM,201809,Other UK Airports,LERWICK (TINGWALL),358,313,14.376997,358,313,14.376997,0,0,Null,2019-09-01
12/17/2019 2:57:33 PM,201809,Other UK Airports,LIVERPOOL (JOHN LENNON),444449,478443,-7.105131,444268,477443,-6.948473,181,1000,-81.900000,2019-09-01
12/17/2019 2:57:33 PM,201809,London Area Airports,LONDON CITY,471051,421131,11.853794,471051,421131,11.853794,0,0,Null,2019-09-01
12/17/2019 2:57:33 PM,201809,London Area Airports,LUTON,1733012,1565338,10.71168,1732824,1565338,10.69967,188,0,Null,2019-09-01
12/17/2019 2:57:33 PM,201809,Other UK Airports,LYDD,3,38,-92.105263,3,38,-92.105263,0,0,Null,2019-09-01
12/17/2019 2:57:33 PM,201809,Other UK Airports,MANCHESTER,2945698,2840678,3.697005,2944296,2838836,3.714903,1402,1842,-23.887079,2019-09-01
12/17/2019 2:57:33 PM,201809,Other UK Airports,NEWCASTLE,557739,579191,-3.703787,557409,579067,-3.740154,330,124,166.129032,2019-09-01
12/17/2019 2:57:33 PM,201809,Other UK Airports,NEWQUAY,43090,45922,-6.166979,43090,45908,-6.138364,0,14,Null,2019-09-01
12/17/2019 2:57:33 PM,201809,Other UK Airports,NORWICH,57507,57209,0.520897,57507,57209,0.520897,0,0,Null,2019-09-01
12/17/2019 2:57:33 PM,201809,Other UK Airports,PRESTWICK,77180,79926,-3.435678,76848,79920,-3.843844,332,6,5433.333333,2019-09-01
12/17/2019 2:57:33 PM,201809,Other UK Airports,SCATSTA,7906,13559,-41.691865,7906,13559,-41.691865,0,0,Null,2019-09-01
12/17/2019 2:57:33 PM,201809,Other UK Airports,SOUTHAMPTON,164279,180025,-8.746563,164279,180025,-8.746563,0,0,Null,2019-09-01
12/17/2019 2:57:33 PM,201809,London Area Airports,SOUTHEND,210465,154108,36.569808,210465,154108,36.569808,0,0,Null,2019-09-01
12/17/2019 2:57:33 PM,201809,London Area Airports,STANSTED,2611175,2682249,-2.649791,2611175,2682249,-2.649791,0,0,Null,2019-09-01
12/17/2019 2:57:33 PM,201809,Other UK Airports,STORNOWAY,11773,11404,3.235707,11648,11203,3.97215,125,201,-37.810945,2019-09-01
12/17/2019 2:57:33 PM,201809,Other UK Airports,SUMBURGH,26640,22848,16.596639,26640,22848,16.596639,0,0,Null,2019-09-01
12/17/2019 2:57:33 PM,201809,Other UK Airports,TIREE,1054,1092,-3.479853,1052,1081,-2.682701,2,11,-81.818182,2019-09-01
12/17/2019 2:57:33 PM,201809,Other UK Airports,WICK JOHN O GROATS,947,1537,-38.386467,947,1537,-38.386467,0,0,Null,2019-09-01
12/16/2019 12:08:28 PM,201810,Other UK Airports,ABERDEEN,269335,280241,-3.891650,269315,280241,-3.898787,20,0,Null,2019-10-01
12/16/2019 12:08:28 PM,201810,Non UK Reporting Airports,ALDERNEY,4424,4479,-1.227953,4424,4479,-1.227953,0,0,Null,2019-10-01
12/16/2019 12:08:28 PM,201810,Other UK Airports,BARRA,1349,1106,21.971067,1349,1106,21.971067,0,0,Null,2019-10-01
12/16/2019 12:08:28 PM,201810,Other UK Airports,BELFAST CITY (GEORGE BEST),206968,213972,-3.273325,206968,213972,-3.273325,0,0,Null,2019-10-01
12/16/2019 12:08:28 PM,201810,Other UK Airports,BELFAST INTERNATIONAL,518039,550868,-5.959504,518039,550868,-5.959504,0,0,Null,2019-10-01
12/16/2019 12:08:28 PM,201810,Other UK Airports,BENBECULA,3296,3417,-3.541118,3296,3417,-3.541118,0,0,Null,2019-10-01
12/16/2019 12:08:28 PM,201810,Other UK Airports,BIGGIN HILL,200,47,325.531915,200,47,325.531915,0,0,Null,2019-10-01
12/16/2019 12:08:28 PM,201810,Other UK Airports,BIRMINGHAM,1103138,1143208,-3.505049,1103138,1143145,-3.499731,0,63,Null,2019-10-01
12/16/2019 12:08:28 PM,201810,Other UK Airports,BLACKPOOL,1015,1549,-34.473854,1015,1549,-34.473854,0,0,Null,2019-10-01
12/16/2019 12:08:28 PM,201810,Other UK Airports,BOURNEMOUTH,80686,67637,19.292695,80506,67637,19.026568,180,0,Null,2019-10-01
12/16/2019 12:08:28 PM,201810,Other UK Airports,BRISTOL,783871,801881,-2.245969,783315,801881,-2.315306,556,0,Null,2019-10-01
12/16/2019 12:08:28 PM,201810,Other UK Airports,CAMPBELTOWN,669,774,-13.565891,665,774,-14.082687,4,0,Null,2019-10-01
12/16/2019 12:08:28 PM,201810,Other UK Airports,CARDIFF WALES,137390,140535,-2.237877,137203,140086,-2.058022,187,449,-58.351893,2019-10-01
12/16/2019 12:08:28 PM,201810,Other UK Airports,CITY OF DERRY (EGLINTON),18201,12847,41.675099,18201,12847,41.675099,0,0,Null,2019-10-01
12/16/2019 12:08:28 PM,201810,Other UK Airports,DONCASTER SHEFFIELD,134085,98310,36.389991,134085,98310,36.389991,0,0,Null,2019-10-01
12/16/2019 12:08:28 PM,201810,Other UK Airports,DUNDEE,1878,1969,-4.621635,1878,1969,-4.621635,0,0,Null,2019-10-01
12/16/2019 12:08:28 PM,201810,Other UK Airports,DURHAM TEES VALLEY,12967,12583,3.051736,12967,12468,4.002246,0,115,Null,2019-10-01
12/16/2019 12:08:28 PM,201810,Other UK Airports,EAST MIDLANDS INTERNATIONAL,422608,490131,-13.776521,422608,490131,-13.776521,0,0,Null,2019-10-01
12/16/2019 12:08:28 PM,201810,Other UK Airports,EDINBURGH,1307999,1320023,-0.910893,1307844,1319409,-0.876529,155,614,-74.755700,2019-10-01
12/16/2019 12:08:28 PM,201810,Other UK Airports,EXETER,91228,84351,8.152838,91228,84351,8.152838,0,0,Null,2019-10-01
12/16/2019 12:08:28 PM,201810,London Area Airports,GATWICK,3961699,4018498,-1.413439,3961697,4018170,-1.405441,2,328,-99.390244,2019-10-01
12/16/2019 12:08:28 PM,201810,Other UK Airports,GLASGOW,769900,884621,-12.968379,769900,884384,-12.945056,0,237,Null,2019-10-01
12/16/2019 12:08:28 PM,201810,Non UK Reporting Airports,GUERNSEY,77208,73017,5.739759,75224,70180,7.187233,1984,2837,-30.066972,2019-10-01
12/16/2019 12:08:28 PM,201810,London Area Airports,HEATHROW,6994478,6955788,0.556227,6994212,6954019,0.577982,266,1769,-84.963256,2019-10-01
12/16/2019 12:08:28 PM,201810,Other UK Airports,HUMBERSIDE,16905,17905,-5.585032,16819,17820,-5.617284,86,85,1.176471,2019-10-01
12/16/2019 12:08:28 PM,201810,Other UK Airports,INVERNESS,91393,83020,10.085522,91360,82862,10.255606,33,158,-79.113924,2019-10-01
12/16/2019 12:08:28 PM,201810,Other UK Airports,ISLAY,3320,2977,11.521666,3306,2966,11.463250,14,11,27.272727,2019-10-01
12/16/2019 12:08:28 PM,201810,Non UK Reporting Airports,ISLE OF MAN,70872,72573,-2.343847,70872,72573,-2.343847,0,0,Null,2019-10-01
12/16/2019 12:08:28 PM,201810,Other UK Airports,ISLES OF SCILLY (ST.MARYS),6701,6784,-1.223467,6701,6784,-1.223467,0,0,Null,2019-10-01
12/16/2019 12:08:28 PM,201810,Non UK Reporting Airports,JERSEY,155641,150722,3.263624,152463,148734,2.507160,3178,1988,59.859155,2019-10-01
12/16/2019 12:08:28 PM,201810,Other UK Airports,KIRKWALL,15180,15856,-4.263370,14025,14573,-3.760379,1155,1283,-9.976617,2019-10-01
12/16/2019 12:08:28 PM,201810,Other UK Airports,LANDS END (ST JUST),5035,5262,-4.313949,4983,5262,-5.302166,52,0,Null,2019-10-01
12/16/2019 12:08:28 PM,201810,Other UK Airports,LEEDS BRADFORD,374295,380635,-1.665638,374295,380635,-1.665638,0,0,Null,2019-10-01
12/16/2019 12:08:28 PM,201810,Other UK Airports,LERWICK (TINGWALL),426,240,77.500000,426,240,77.500000,0,0,Null,2019-10-01
12/16/2019 12:08:28 PM,201810,Other UK Airports,LIVERPOOL (JOHN LENNON),460606,463067,-0.531457,460490,463067,-0.556507,116,0,Null,2019-10-01
12/16/2019 12:08:28 PM,201810,London Area Airports,LONDON CITY,462534,438969,5.368261,462534,438969,5.368261,0,0,Null,2019-10-01
12/16/2019 12:08:28 PM,201810,London Area Airports,LUTON,1662937,1525959,8.976519,1662937,1525959,8.976519,0,0,Null,2019-10-01
12/16/2019 12:08:28 PM,201810,Other UK Airports,LYDD,0,2,Null,0,2,Null,0,0,Null,2019-10-01
12/16/2019 12:08:28 PM,201810,Other UK Airports,MANCHESTER,2499153,2547034,-1.879873,2497192,2544826,-1.871798,1961,2208,-11.186594,2019-10-01
12/16/2019 12:08:28 PM,201810,Other UK Airports,NEWCASTLE,469441,506857,-7.381964,469365,506797,-7.385995,76,60,26.666667,2019-10-01
12/16/2019 12:08:28 PM,201810,Other UK Airports,NEWQUAY,37340,36055,3.563999,37340,36055,3.563999,0,0,Null,2019-10-01
12/16/2019 12:08:28 PM,201810,Other UK Airports,NORWICH,52609,52401,0.396939,52609,52401,0.396939,0,0,Null,2019-10-01
12/16/2019 12:08:28 PM,201810,Other UK Airports,PRESTWICK,69348,71520,-3.036913,69347,71516,-3.032888,1,4,-75.000000,2019-10-01
12/16/2019 12:08:28 PM,201810,Other UK Airports,SCATSTA,9100,14899,-38.922075,9100,14899,-38.922075,0,0,Null,2019-10-01
12/16/2019 12:08:28 PM,201810,Other UK Airports,SOUTHAMPTON,142607,171037,-16.622134,142607,171037,-16.622134,0,0,Null,2019-10-01
12/16/2019 12:08:28 PM,201810,London Area Airports,SOUTHEND,204123,145996,39.814104,204123,145996,39.814104,0,0,Null,2019-10-01
12/16/2019 12:08:28 PM,201810,London Area Airports,STANSTED,2485794,2529854,-1.741602,2485794,2529854,-1.741602,0,0,Null,2019-10-01
12/16/2019 12:08:28 PM,201810,Other UK Airports,STORNOWAY,12355,12509,-1.231114,12189,12330,-1.143552,166,179,-7.262570,2019-10-01
12/16/2019 12:08:28 PM,201810,Other UK Airports,SUMBURGH,25641,23670,8.326996,25641,23670,8.326996,0,0,Null,2019-10-01
12/16/2019 12:08:28 PM,201810,Other UK Airports,TIREE,965,1051,-8.182683,933,1039,-10.202117,32,12,166.666667,2019-10-01
12/16/2019 12:08:28 PM,201810,Other UK Airports,WICK JOHN O GROATS,1119,1442,-22.399445,1119,1442,-22.399445,0,0,Null,2019-10-01
1/15/2020 2:17:11 PM,201811,Other UK Airports,ABERDEEN,217174,233702,-7.072254,217174,233702,-7.072254,0,0,Null,2019-11-01
1/15/2020 2:17:11 PM,201811,Non UK Reporting Airports,ALDERNEY,3459,3360,2.946429,3459,3360,2.946429,0,0,Null,2019-11-01
1/15/2020 2:17:11 PM,201811,Other UK Airports,BARRA,920,925,-0.540541,920,925,-0.540541,0,0,Null,2019-11-01
1/15/2020 2:17:11 PM,201811,Other UK Airports,BELFAST CITY (GEORGE BEST),176285,189582,-7.013852,176285,189582,-7.013852,0,0,Null,2019-11-01
1/15/2020 2:17:11 PM,201811,Other UK Airports,BELFAST INTERNATIONAL,396660,456313,-13.072825,396660,456313,-13.072825,0,0,Null,2019-11-01
1/15/2020 2:17:11 PM,201811,Other UK Airports,BENBECULA,2682,2990,-10.301003,2682,2990,-10.301003,0,0,Null,2019-11-01
1/15/2020 2:17:11 PM,201811,Other UK Airports,BIGGIN HILL,151,60,151.666667,151,60,151.666667,0,0,Null,2019-11-01
1/15/2020 2:17:11 PM,201811,Other UK Airports,BIRMINGHAM,810622,824531,-1.686898,810573,824409,-1.678293,49,122,-59.836066,2019-11-01
1/15/2020 2:17:11 PM,201811,Other UK Airports,BLACKPOOL,1286,1475,-12.813559,1286,1475,-12.813559,0,0,Null,2019-11-01
1/15/2020 2:17:11 PM,201811,Other UK Airports,BOURNEMOUTH,38489,27181,41.602590,38489,27181,41.602590,0,0,Null,2019-11-01
1/15/2020 2:17:11 PM,201811,Other UK Airports,BRISTOL,530960,528968,0.376582,530511,528968,0.291700,449,0,Null,2019-11-01
1/15/2020 2:17:11 PM,201811,Other UK Airports,CAMPBELTOWN,616,613,0.489396,613,613,(None),3,0,Null,2019-11-01
1/15/2020 2:17:11 PM,201811,Other UK Airports,CARDIFF WALES,81380,85387,-4.692752,81371,85268,-4.570296,9,119,-92.436975,2019-11-01
1/15/2020 2:17:11 PM,201811,Other UK Airports,CITY OF DERRY (EGLINTON),18005,16914,6.450278,18005,16914,6.450278,0,0,Null,2019-11-01
1/15/2020 2:17:11 PM,201811,Other UK Airports,DONCASTER SHEFFIELD,69562,68862,1.016526,69562,68862,1.016526,0,0,Null,2019-11-01
1/15/2020 2:17:11 PM,201811,Other UK Airports,DUNDEE,1839,1692,8.687943,1839,1692,8.687943,0,0,Null,2019-11-01
1/15/2020 2:17:11 PM,201811,Other UK Airports,DURHAM TEES VALLEY,11467,11552,-0.735803,11273,11426,-1.339051,194,126,53.968254,2019-11-01
1/15/2020 2:17:11 PM,201811,Other UK Airports,EAST MIDLANDS INTERNATIONAL,208175,232645,-10.518171,207894,232645,-10.638956,281,0,Null,2019-11-01
1/15/2020 2:17:11 PM,201811,Other UK Airports,EDINBURGH,999652,1044553,-4.298585,999503,1044150,-4.275918,149,403,-63.027295,2019-11-01
1/15/2020 2:17:11 PM,201811,Other UK Airports,EXETER,59215,64100,-7.620905,59215,64100,-7.620905,0,0,Null,2019-11-01
1/15/2020 2:17:11 PM,201811,London Area Airports,GATWICK,2965844,3054829,-2.912929,2965723,3054829,-2.916890,121,0,Null,2019-11-01
1/15/2020 2:17:11 PM,201811,Other UK Airports,GLASGOW,580092,617481,-6.055085,579919,616716,-5.966604,173,765,-77.385621,2019-11-01
1/15/2020 2:17:11 PM,201811,Non UK Reporting Airports,GUERNSEY,68516,65692,4.298849,66761,62674,6.521045,1755,3018,-41.848907,2019-11-01
1/15/2020 2:17:11 PM,201811,London Area Airports,HEATHROW,6233861,6114526,1.951664,6233583,6113521,1.963876,278,1005,-72.338308,2019-11-01
1/15/2020 2:17:11 PM,201811,Other UK Airports,HUMBERSIDE,14009,15779,-11.217441,13994,15771,-11.267516,15,8,87.500000,2019-11-01
1/15/2020 2:17:11 PM,201811,Other UK Airports,INVERNESS,61791,58526,5.578717,61791,58437,5.739514,0,89,Null,2019-11-01
1/15/2020 2:17:11 PM,201811,Other UK Airports,ISLAY,2217,2199,0.818554,2202,2186,0.731930,15,13,15.384615,2019-11-01
1/15/2020 2:17:11 PM,201811,Non UK Reporting Airports,ISLE OF MAN,65817,68203,-3.498380,65817,68203,-3.498380,0,0,Null,2019-11-01
1/15/2020 2:17:11 PM,201811,Other UK Airports,ISLES OF SCILLY (ST.MARYS),2907,3278,-11.317877,2907,3278,-11.317877,0,0,Null,2019-11-01
1/15/2020 2:17:11 PM,201811,Non UK Reporting Airports,JERSEY,117553,114598,2.578579,114961,112593,2.103150,2592,2005,29.276808,2019-11-01
1/15/2020 2:17:11 PM,201811,Other UK Airports,KIRKWALL,12500,13236,-5.560592,11822,12571,-5.958158,678,665,1.954887,2019-11-01
1/15/2020 2:17:11 PM,201811,Other UK Airports,LANDS END (ST JUST),2695,2886,-6.618157,2672,2880,-7.222222,23,6,283.333333,2019-11-01
1/15/2020 2:17:11 PM,201811,Other UK Airports,LEEDS BRADFORD,213095,220366,-3.299511,213095,220358,-3.296000,0,8,Null,2019-11-01
1/15/2020 2:17:11 PM,201811,Other UK Airports,LERWICK (TINGWALL),211,204,3.431373,211,204,3.431373,0,0,Null,2019-11-01
1/15/2020 2:17:11 PM,201811,Other UK Airports,LIVERPOOL (JOHN LENNON),309734,327732,-5.491682,309360,327732,-5.605800,374,0,Null,2019-11-01
1/15/2020 2:17:11 PM,201811,London Area Airports,LONDON CITY,414868,410925,0.959542,414868,410925,0.959542,0,0,Null,2019-11-01
1/15/2020 2:17:11 PM,201811,London Area Airports,LUTON,1142045,1127219,1.315272,1142045,1127006,1.334421,0,213,Null,2019-11-01
1/15/2020 2:17:11 PM,201811,Other UK Airports,LYDD,0,3,Null,0,3,Null,0,0,Null,2019-11-01
1/15/2020 2:17:11 PM,201811,Other UK Airports,MANCHESTER,1827028,1855759,-1.548207,1824478,1853163,-1.547894,2550,2596,-1.771957,2019-11-01
1/15/2020 2:17:11 PM,201811,Other UK Airports,NEWCASTLE,302153,302955,-0.264726,302088,302948,-0.283877,65,7,828.571429,2019-11-01
1/15/2020 2:17:11 PM,201811,Other UK Airports,NEWQUAY,24625,25936,-5.054750,24625,25936,-5.054750,0,0,Null,2019-11-01
1/15/2020 2:17:11 PM,201811,Other UK Airports,NORWICH,28704,35191,-18.433690,28704,35191,-18.433690,0,0,Null,2019-11-01
1/15/2020 2:17:11 PM,201811,Other UK Airports,PRESTWICK,22037,23254,-5.233508,21639,23243,-6.901002,398,11,3518.181818,2019-11-01
1/15/2020 2:17:11 PM,201811,Other UK Airports,SCATSTA,9633,12594,-23.511196,9633,12594,-23.511196,0,0,Null,2019-11-01
1/15/2020 2:17:11 PM,201811,Other UK Airports,SOUTHAMPTON,121436,141028,-13.892277,121436,141028,-13.892277,0,0,Null,2019-11-01
1/15/2020 2:17:11 PM,201811,London Area Airports,SOUTHEND,132744,92439,43.601727,132744,92439,43.601727,0,0,Null,2019-11-01
1/15/2020 2:17:11 PM,201811,London Area Airports,STANSTED,1887916,1981643,-4.729762,1887916,1981643,-4.729762,0,0,Null,2019-11-01
1/15/2020 2:17:11 PM,201811,Other UK Airports,STORNOWAY,10902,11142,-2.154012,10733,10899,-1.523076,169,243,-30.452675,2019-11-01
1/15/2020 2:17:11 PM,201811,Other UK Airports,SUMBURGH,18347,19368,-5.271582,18347,19349,-5.178562,0,19,Null,2019-11-01
1/15/2020 2:17:11 PM,201811,Other UK Airports,TIREE,773,817,-5.385557,763,804,-5.099502,10,13,-23.076923,2019-11-01
1/15/2020 2:17:11 PM,201811,Other UK Airports,WICK JOHN O GROATS,868,1392,-37.643678,868,1392,-37.643678,0,0,Null,2019-11-01
2/10/2020 9:44:20 AM,201812,Other UK Airports,ABERDEEN,212838,217342,-2.072310,212838,217342,-2.072310,0,0,Null,2019-12-01
2/10/2020 9:44:20 AM,201812,Non UK Reporting Airports,ALDERNEY,3487,3490,-0.085960,3487,3490,-0.085960,0,0,Null,2019-12-01
2/10/2020 9:44:20 AM,201812,Other UK Airports,BARRA,856,844,1.421801,856,844,1.421801,0,0,Null,2019-12-01
2/10/2020 9:44:20 AM,201812,Other UK Airports,BELFAST CITY (GEORGE BEST),161919,179396,-9.742135,161919,179396,-9.742135,0,0,Null,2019-12-01
2/10/2020 9:44:20 AM,201812,Other UK Airports,BELFAST INTERNATIONAL,406574,452463,-10.142045,406574,452463,-10.142045,0,0,Null,2019-12-01
2/10/2020 9:44:20 AM,201812,Other UK Airports,BENBECULA,2451,2571,-4.667445,2451,2571,-4.667445,0,0,Null,2019-12-01
2/10/2020 9:44:20 AM,201812,Other UK Airports,BIGGIN HILL,143,149,-4.026846,143,149,-4.026846,0,0,Null,2019-12-01
2/10/2020 9:44:20 AM,201812,Other UK Airports,BIRMINGHAM,814379,825754,-1.377529,813931,825534,-1.405514,448,220,103.636364,2019-12-01
2/10/2020 9:44:20 AM,201812,Other UK Airports,BLACKPOOL,1485,910,63.186813,1485,910,63.186813,0,0,Null,2019-12-01
2/10/2020 9:44:20 AM,201812,Other UK Airports,BOURNEMOUTH,44293,34770,27.388553,44293,34770,27.388553,0,0,Null,2019-12-01
2/10/2020 9:44:20 AM,201812,Other UK Airports,BRISTOL,591238,570790,3.582403,590844,570790,3.513376,394,0,Null,2019-12-01
2/10/2020 9:44:20 AM,201812,Other UK Airports,CAMPBELTOWN,456,417,9.352518,452,404,11.881188,4,13,-69.230769,2019-12-01
2/10/2020 9:44:20 AM,201812,Other UK Airports,CARDIFF WALES,77686,85663,-9.312072,77382,85663,-9.666951,304,0,Null,2019-12-01
2/10/2020 9:44:20 AM,201812,Other UK Airports,CITY OF DERRY (EGLINTON),18419,16239,13.424472,18419,16239,13.424472,0,0,Null,2019-12-01
2/10/2020 9:44:20 AM,201812,Other UK Airports,DONCASTER SHEFFIELD,76701,74469,2.997220,76701,74469,2.997220,0,0,Null,2019-12-01
2/10/2020 9:44:20 AM,201812,Other UK Airports,DUNDEE,1633,1518,7.575758,1633,1518,7.575758,0,0,Null,2019-12-01
2/10/2020 9:44:20 AM,201812,Other UK Airports,EAST MIDLANDS INTERNATIONAL,206980,231420,-10.560885,206791,231420,-10.642555,189,0,Null,2019-12-01
2/10/2020 9:44:20 AM,201812,Other UK Airports,EDINBURGH,1048297,1026318,2.141539,1048297,1026129,2.160352,0,189,Null,2019-12-01
2/10/2020 9:44:20 AM,201812,Other UK Airports,EXETER,60664,64455,-5.881623,60664,64455,-5.881623,0,0,Null,2019-12-01
2/10/2020 9:44:20 AM,201812,London Area Airports,GATWICK,3368967,3158503,6.663410,3368600,3157863,6.673405,367,640,-42.656250,2019-12-01
2/10/2020 9:44:20 AM,201812,Other UK Airports,GLASGOW,558145,572738,-2.547936,557898,572056,-2.474933,247,682,-63.782991,2019-12-01
2/10/2020 9:44:20 AM,201812,Non UK Reporting Airports,GUERNSEY,66049,62138,6.294055,64290,59173,8.647525,1759,2965,-40.674536,2019-12-01
2/10/2020 9:44:20 AM,201812,London Area Airports,HEATHROW,6696079,6496164,3.077432,6696079,6495125,3.093920,0,1039,Null,2019-12-01
2/10/2020 9:44:20 AM,201812,Other UK Airports,HUMBERSIDE,13697,15367,-10.867443,13697,15324,-10.617332,0,43,Null,2019-12-01
2/10/2020 9:44:20 AM,201812,Other UK Airports,INVERNESS,63618,58658,8.455795,63618,58548,8.659561,0,110,Null,2019-12-01
2/10/2020 9:44:20 AM,201812,Other UK Airports,ISLAY,1725,1719,0.349040,1722,1686,2.135231,3,33,-90.909091,2019-12-01
2/10/2020 9:44:20 AM,201812,Non UK Reporting Airports,ISLE OF MAN,67466,66953,0.766209,67466,66953,0.766209,0,0,Null,2019-12-01
2/10/2020 9:44:20 AM,201812,Other UK Airports,ISLES OF SCILLY (ST.MARYS),3317,3051,8.718453,3317,3051,8.718453,0,0,Null,2019-12-01
2/10/2020 9:44:20 AM,201812,Non UK Reporting Airports,JERSEY,120440,113733,5.897145,117857,111832,5.387546,2583,1901,35.875855,2019-12-01
2/10/2020 9:44:20 AM,201812,Other UK Airports,KIRKWALL,11798,11728,0.596862,11194,11137,0.511807,604,591,2.199662,2019-12-01
2/10/2020 9:44:20 AM,201812,Other UK Airports,LANDS END (ST JUST),2856,2726,4.768892,2855,2697,5.858361,1,29,-96.551724,2019-12-01
2/10/2020 9:44:20 AM,201812,Other UK Airports,LEEDS BRADFORD,189607,197721,-4.103762,189607,197721,-4.103762,0,0,Null,2019-12-01
2/10/2020 9:44:20 AM,201812,Other UK Airports,LERWICK (TINGWALL),125,138,-9.420290,125,138,-9.420290,0,0,Null,2019-12-01
2/10/2020 9:44:20 AM,201812,Other UK Airports,LIVERPOOL (JOHN LENNON),334833,346418,-3.344226,334833,346418,-3.344226,0,0,Null,2019-12-01
2/10/2020 9:44:20 AM,201812,London Area Airports,LONDON CITY,368609,348605,5.738300,368609,348605,5.738300,0,0,Null,2019-12-01
2/10/2020 9:44:20 AM,201812,London Area Airports,LUTON,1360463,1274297,6.761846,1360463,1273934,6.792267,0,363,Null,2019-12-01
2/10/2020 9:44:20 AM,201812,Other UK Airports,LYDD,0,45,Null,0,45,Null,0,0,Null,2019-12-01
2/10/2020 9:44:20 AM,201812,Other UK Airports,MANCHESTER,1968052,1957789,0.524214,1965330,1954866,0.535280,2722,2923,-6.876497,2019-12-01
2/10/2020 9:44:20 AM,201812,Other UK Airports,NEWCASTLE,291749,286823,1.717435,291712,286699,1.748524,37,124,-70.161290,2019-12-01
2/10/2020 9:44:20 AM,201812,Other UK Airports,NEWQUAY,24470,26141,-6.392257,24470,26141,-6.392257,0,0,Null,2019-12-01
2/10/2020 9:44:20 AM,201812,Other UK Airports,NORWICH,27968,32486,-13.907529,27968,32486,-13.907529,0,0,Null,2019-12-01
2/10/2020 9:44:20 AM,201812,Other UK Airports,PRESTWICK,20982,21700,-3.308756,20976,21696,-3.318584,6,4,50.000000,2019-12-01
2/10/2020 9:44:20 AM,201812,Other UK Airports,SCATSTA,8167,8879,-8.018921,8167,8879,-8.018921,0,0,Null,2019-12-01
2/10/2020 9:44:20 AM,201812,Other UK Airports,SOUTHAMPTON,118827,143038,-16.926271,118827,143008,-16.908844,0,30,Null,2019-12-01
2/10/2020 9:44:20 AM,201812,London Area Airports,SOUTHEND,148819,108622,37.006315,148819,108622,37.006315,0,0,Null,2019-12-01
2/10/2020 9:44:20 AM,201812,London Area Airports,STANSTED,1995287,2019822,-1.214711,1995287,2019822,-1.214711,0,0,Null,2019-12-01
2/10/2020 9:44:20 AM,201812,Other UK Airports,STORNOWAY,9743,9646,1.005598,9652,9511,1.482494,91,135,-32.592593,2019-12-01
2/10/2020 9:44:20 AM,201812,Other UK Airports,SUMBURGH,17298,19010,-9.005786,17280,19001,-9.057418,18,9,100.000000,2019-12-01
2/10/2020 9:44:20 AM,201812,Other UK Airports,TEESSIDE INTERNATIONAL AIRPORT,10939,10765,1.616349,10810,10629,1.702888,129,136,-5.147059,2019-12-01
2/10/2020 9:44:20 AM,201812,Other UK Airports,TIREE,651,620,5.000000,638,611,4.418985,13,9,44.444444,2019-12-01
2/10/2020 9:44:20 AM,201812,Other UK Airports,WICK JOHN O GROATS,842,1144,-26.398601,842,1144,-26.398601,0,0,Null,2019-12-01
3/11/2020 10:25:09 AM,201901,Other UK Airports,ABERDEEN,198248,204435,-3.026390,198248,204347,-2.984629,0,88,Null,2020-01-01
3/11/2020 10:25:09 AM,201901,Non UK Reporting Airports,ALDERNEY,2860,3239,-11.701142,2860,3239,-11.701142,0,0,Null,2020-01-01
3/11/2020 10:25:09 AM,201901,Other UK Airports,BARRA,741,765,-3.137255,741,765,-3.137255,0,0,Null,2020-01-01
3/11/2020 10:25:09 AM,201901,Other UK Airports,BELFAST CITY (GEORGE BEST),141536,162013,-12.639109,141536,162013,-12.639109,0,0,Null,2020-01-01
3/11/2020 10:25:09 AM,201901,Other UK Airports,BELFAST INTERNATIONAL,380056,405935,-6.375159,380056,405935,-6.375159,0,0,Null,2020-01-01
3/11/2020 10:25:09 AM,201901,Other UK Airports,BENBECULA,2322,2393,-2.966987,2322,2393,-2.966987,0,0,Null,2020-01-01
3/11/2020 10:25:09 AM,201901,Other UK Airports,BIGGIN HILL,114,291,-60.824742,114,291,-60.824742,0,0,Null,2020-01-01
3/11/2020 10:25:09 AM,201901,Other UK Airports,BIRMINGHAM,776704,781258,-0.582906,775830,781207,-0.688294,874,51,1613.725490,2020-01-01
3/11/2020 10:25:09 AM,201901,Other UK Airports,BLACKPOOL,1546,1297,19.198150,1546,1297,19.198150,0,0,Null,2020-01-01
3/11/2020 10:25:09 AM,201901,Other UK Airports,BOURNEMOUTH,43582,35869,21.503248,43582,35869,21.503248,0,0,Null,2020-01-01
3/11/2020 10:25:09 AM,201901,Other UK Airports,BRISTOL,535312,520854,2.775826,534796,520427,2.761002,516,427,20.843091,2020-01-01
3/11/2020 10:25:09 AM,201901,Other UK Airports,CAMPBELTOWN,345,523,-34.034417,345,505,-31.683168,0,18,Null,2020-01-01
3/11/2020 10:25:09 AM,201901,Other UK Airports,CARDIFF WALES,68227,73100,-6.666211,68137,73100,-6.789330,90,0,Null,2020-01-01
3/11/2020 10:25:09 AM,201901,Other UK Airports,CITY OF DERRY (EGLINTON),15199,14536,4.561090,15199,14536,4.561090,0,0,Null,2020-01-01
3/11/2020 10:25:09 AM,201901,Other UK Airports,DONCASTER SHEFFIELD,67400,69812,-3.454993,67400,69812,-3.454993,0,0,Null,2020-01-01
3/11/2020 10:25:09 AM,201901,Other UK Airports,DUNDEE,1661,1438,15.507650,1661,1438,15.507650,0,0,Null,2020-01-01
3/11/2020 10:25:09 AM,201901,Other UK Airports,EAST MIDLANDS INTERNATIONAL,190585,215025,-11.366120,190585,215025,-11.366120,0,0,Null,2020-01-01
3/11/2020 10:25:09 AM,201901,Other UK Airports,EDINBURGH,934654,920098,1.582005,934321,919481,1.613954,333,617,-46.029173,2020-01-01
3/11/2020 10:25:09 AM,201901,Other UK Airports,EXETER,51091,54388,-6.061999,51091,54388,-6.061999,0,0,Null,2020-01-01
3/11/2020 10:25:09 AM,201901,London Area Airports,GATWICK,2892920,2953515,-2.051623,2892466,2953515,-2.066995,454,0,Null,2020-01-01
3/11/2020 10:25:09 AM,201901,Other UK Airports,GLASGOW,511436,526761,-2.909289,511436,526014,-2.771409,0,747,Null,2020-01-01
3/11/2020 10:25:09 AM,201901,Non UK Reporting Airports,GUERNSEY,52888,52763,0.236908,50978,49497,2.992101,1910,3266,-41.518677,2020-01-01
3/11/2020 10:25:09 AM,201901,London Area Airports,HEATHROW,6099240,5928655,2.877297,6099084,5927225,2.899485,156,1430,-89.090909,2020-01-01
3/11/2020 10:25:09 AM,201901,Other UK Airports,HUMBERSIDE,12736,13624,-6.517910,12712,13411,-5.212139,24,213,-88.732394,2020-01-01
3/11/2020 10:25:09 AM,201901,Other UK Airports,INVERNESS,50437,49018,2.894855,50437,48990,2.953664,0,28,Null,2020-01-01
3/11/2020 10:25:09 AM,201901,Other UK Airports,ISLAY,1488,1619,-8.091414,1481,1610,-8.012422,7,9,-22.222222,2020-01-01
3/11/2020 10:25:09 AM,201901,Non UK Reporting Airports,ISLE OF MAN,54597,56832,-3.932644,54597,56832,-3.932644,0,0,Null,2020-01-01
3/11/2020 10:25:09 AM,201901,Other UK Airports,ISLES OF SCILLY (ST.MARYS),2588,3169,-18.333859,2588,3169,-18.333859,0,0,Null,2020-01-01
3/11/2020 10:25:09 AM,201901,Non UK Reporting Airports,JERSEY,96872,94809,2.175954,94772,93072,1.826543,2100,1737,20.898100,2020-01-01
3/11/2020 10:25:09 AM,201901,Other UK Airports,KIRKWALL,10902,10659,2.279764,10398,10026,3.710353,504,633,-20.379147,2020-01-01
3/11/2020 10:25:09 AM,201901,Other UK Airports,LANDS END (ST JUST),2360,2766,-14.678236,2333,2766,-15.654375,27,0,Null,2020-01-01
3/11/2020 10:25:09 AM,201901,Other UK Airports,LEEDS BRADFORD,174305,180511,-3.438018,174305,180326,-3.338953,0,185,Null,2020-01-01
3/11/2020 10:25:09 AM,201901,Other UK Airports,LERWICK (TINGWALL),114,133,-14.285714,114,133,-14.285714,0,0,Null,2020-01-01
3/11/2020 10:25:09 AM,201901,Other UK Airports,LIVERPOOL (JOHN LENNON),299912,316432,-5.220711,299655,316432,-5.301929,257,0,Null,2020-01-01
3/11/2020 10:25:09 AM,201901,London Area Airports,LONDON CITY,334571,341022,-1.891667,334571,341022,-1.891667,0,0,Null,2020-01-01
3/11/2020 10:25:09 AM,201901,London Area Airports,LUTON,1210489,1156359,4.681072,1210489,1156359,4.681072,0,0,Null,2020-01-01
3/11/2020 10:25:09 AM,201901,Other UK Airports,LYDD,0,6,Null,0,6,Null,0,0,Null,2020-01-01
3/11/2020 10:25:09 AM,201901,Other UK Airports,MANCHESTER,1776827,1784815,-0.447553,1775043,1782644,-0.426389,1784,2171,-17.825887,2020-01-01
3/11/2020 10:25:09 AM,201901,Other UK Airports,NEWCASTLE,266438,274384,-2.895941,266008,273316,-2.673828,430,1068,-59.737828,2020-01-01
3/11/2020 10:25:09 AM,201901,Other UK Airports,NEWQUAY,19773,23416,-15.557738,19773,23416,-15.557738,0,0,Null,2020-01-01
3/11/2020 10:25:09 AM,201901,Other UK Airports,NORWICH,25235,28116,-10.246835,25235,28116,-10.246835,0,0,Null,2020-01-01
3/11/2020 10:25:09 AM,201901,Other UK Airports,PRESTWICK,17851,22353,-20.140473,17849,22060,-19.088849,2,293,-99.317406,2020-01-01
3/11/2020 10:25:09 AM,201901,Other UK Airports,SCATSTA,8718,9780,-10.858896,8718,9780,-10.858896,0,0,Null,2020-01-01
3/11/2020 10:25:09 AM,201901,Other UK Airports,SOUTHAMPTON,100912,120202,-16.047986,100912,120202,-16.047986,0,0,Null,2020-01-01
3/11/2020 10:25:09 AM,201901,London Area Airports,SOUTHEND,124462,72837,70.877439,124462,72837,70.877439,0,0,Null,2020-01-01
3/11/2020 10:25:09 AM,201901,London Area Airports,STANSTED,1903595,1930066,-1.371508,1903595,1930066,-1.371508,0,0,Null,2020-01-01
3/11/2020 10:25:09 AM,201901,Other UK Airports,STORNOWAY,8834,8164,8.206761,8712,8004,8.845577,122,160,-23.750000,2020-01-01
3/11/2020 10:25:09 AM,201901,Other UK Airports,SUMBURGH,15517,17496,-11.311157,15517,17496,-11.311157,0,0,Null,2020-01-01
3/11/2020 10:25:09 AM,201901,Other UK Airports,TEESSIDE INTERNATIONAL AIRPORT,10402,10124,2.745950,10190,9803,3.947771,212,321,-33.956386,2020-01-01
3/11/2020 10:25:09 AM,201901,Other UK Airports,TIREE,583,637,-8.477237,553,619,-10.662359,30,18,66.666667,2020-01-01
3/11/2020 10:25:09 AM,201901,Other UK Airports,WICK JOHN O GROATS,697,1136,-38.644366,697,1064,-34.492481,0,72,Null,2020-01-01
4/7/2020 2:14:19 PM,201902,Other UK Airports,ABERDEEN,193002,196653,-1.85657,193002,196653,-1.85657,0,0,Null,2020-02-01
4/7/2020 2:14:19 PM,201902,Non UK Reporting Airports,ALDERNEY,2821,2923,-3.489566,2821,2923,-3.489566,0,0,Null,2020-02-01
4/7/2020 2:14:19 PM,201902,Other UK Airports,BARRA,829,959,-13.555787,829,959,-13.555787,0,0,Null,2020-02-01
4/7/2020 2:14:19 PM,201902,Other UK Airports,BELFAST CITY (GEORGE BEST),148662,173705,-14.416971,148662,173705,-14.416971,0,0,Null,2020-02-01
4/7/2020 2:14:19 PM,201902,Other UK Airports,BELFAST INTERNATIONAL,394255,446116,-11.625003,394255,446116,-11.625003,0,0,Null,2020-02-01
4/7/2020 2:14:19 PM,201902,Other UK Airports,BENBECULA,2728,2651,2.904564,2728,2651,2.904564,0,0,Null,2020-02-01
4/7/2020 2:14:19 PM,201902,Other UK Airports,BIGGIN HILL,220,84,161.904762,220,84,161.904762,0,0,Null,2020-02-01
4/7/2020 2:14:19 PM,201902,Other UK Airports,BIRMINGHAM,788402,792205,-0.480053,787782,792142,-0.550406,620,63,884.126984,2020-02-01
4/7/2020 2:14:19 PM,201902,Other UK Airports,BLACKPOOL,1480,1258,17.647059,1480,1258,17.647059,0,0,Null,2020-02-01
4/7/2020 2:14:19 PM,201902,Other UK Airports,BOURNEMOUTH,42354,34274,23.574721,42354,34274,23.574721,0,0,Null,2020-02-01
4/7/2020 2:14:19 PM,201902,Other UK Airports,BRISTOL,560768,523742,7.069511,560250,523394,7.041731,518,348,48.850575,2020-02-01
4/7/2020 2:14:19 PM,201902,Other UK Airports,CAMPBELTOWN,372,465,-20.0,356,465,-23.44086,16,0,Null,2020-02-01
4/7/2020 2:14:19 PM,201902,Other UK Airports,CARDIFF WALES,77681,78061,-0.486799,77028,77910,-1.132075,653,151,332.450331,2020-02-01
4/7/2020 2:14:19 PM,201902,Other UK Airports,CITY OF DERRY (EGLINTON),16296,13865,17.533357,16296,13865,17.533357,0,0,Null,2020-02-01
4/7/2020 2:14:19 PM,201902,Other UK Airports,DONCASTER SHEFFIELD,63474,68048,-6.721726,63347,68048,-6.908359,127,0,Null,2020-02-01
4/7/2020 2:14:19 PM,201902,Other UK Airports,DUNDEE,1592,1543,3.175632,1592,1543,3.175632,0,0,Null,2020-02-01
4/7/2020 2:14:19 PM,201902,Other UK Airports,EAST MIDLANDS INTERNATIONAL,196356,213338,-7.960138,196356,213338,-7.960138,0,0,Null,2020-02-01
4/7/2020 2:14:19 PM,201902,Other UK Airports,EDINBURGH,934960,938914,-0.421125,934798,938703,-0.416,162,211,-23.222749,2020-02-01
4/7/2020 2:14:19 PM,201902,Other UK Airports,EXETER,54319,61279,-11.357888,54206,61279,-11.54229,113,0,Null,2020-02-01
4/7/2020 2:14:19 PM,201902,London Area Airports,GATWICK,2959577,3098831,-4.493759,2959388,3098831,-4.499858,189,0,Null,2020-02-01
4/7/2020 2:14:19 PM,201902,Other UK Airports,GLASGOW,528433,533638,-0.97538,528433,533281,-0.909089,0,357,Null,2020-02-01
4/7/2020 2:14:19 PM,201902,Non UK Reporting Airports,GUERNSEY,57863,53778,7.596043,55909,51156,9.291188,1954,2622,-25.476735,2020-02-01
4/7/2020 2:14:19 PM,201902,London Area Airports,HEATHROW,5441756,5482288,-0.739326,5441556,5482288,-0.742974,200,0,Null,2020-02-01
4/7/2020 2:14:19 PM,201902,Other UK Airports,HUMBERSIDE,12425,14648,-15.176133,12425,14310,-13.172607,0,338,Null,2020-02-01
4/7/2020 2:14:19 PM,201902,Other UK Airports,INVERNESS,54094,53606,0.910346,54094,53606,0.910346,0,0,Null,2020-02-01
4/7/2020 2:14:19 PM,201902,Other UK Airports,ISLAY,1933,1849,4.542996,1899,1821,4.283361,34,28,21.428571,2020-02-01
4/7/2020 2:14:19 PM,201902,Non UK Reporting Airports,ISLE OF MAN,57519,60851,-5.47567,57519,60851,-5.47567,0,0,Null,2020-02-01
4/7/2020 2:14:19 PM,201902,Other UK Airports,ISLES OF SCILLY (ST.MARYS),2990,3313,-9.749472,2990,3313,-9.749472,0,0,Null,2020-02-01
4/7/2020 2:14:19 PM,201902,Non UK Reporting Airports,JERSEY,105857,99271,6.634365,103563,97713,5.986921,2294,1558,47.240051,2020-02-01
4/7/2020 2:14:19 PM,201902,Other UK Airports,KIRKWALL,11249,11864,-5.183749,10673,11157,-4.338084,576,707,-18.528996,2020-02-01
4/7/2020 2:14:19 PM,201902,Other UK Airports,LANDS END (ST JUST),2713,2931,-7.437735,2647,2909,-9.006531,66,22,200.000000,2020-02-01
4/7/2020 2:14:19 PM,201902,Other UK Airports,LEEDS BRADFORD,183068,196953,-7.049905,183068,196953,-7.049905,0,0,Null,2020-02-01
4/7/2020 2:14:19 PM,201902,Other UK Airports,LERWICK (TINGWALL),141,197,-28.426396,141,197,-28.426396,0,0,Null,2020-02-01
4/7/2020 2:14:19 PM,201902,Other UK Airports,LIVERPOOL (JOHN LENNON),337319,339357,-0.600548,336920,339357,-0.718123,399,0,Null,2020-02-01
4/7/2020 2:14:19 PM,201902,London Area Airports,LONDON CITY,352594,365245,-3.463702,352594,365245,-3.463702,0,0,Null,2020-02-01
4/7/2020 2:14:19 PM,201902,London Area Airports,LUTON,1146483,1191996,-3.818218,1146483,1191683,-3.792955,0,313,Null,2020-02-01
4/7/2020 2:14:19 PM,201902,Other UK Airports,MANCHESTER,1780682,1801038,-1.130237,1779116,1798919,-1.100828,1566,2119,-26.097216,2020-02-01
4/7/2020 2:14:19 PM,201902,Other UK Airports,NEWCASTLE,275057,283488,-2.974024,274815,282293,-2.649021,242,1195,-79.748954,2020-02-01
4/7/2020 2:14:19 PM,201902,Other UK Airports,NEWQUAY,18829,24307,-22.536718,18829,24307,-22.536718,0,0,Null,2020-02-01
4/7/2020 2:14:19 PM,201902,Other UK Airports,NORWICH,24367,30971,-21.323173,24367,30971,-21.323173,0,0,Null,2020-02-01
4/7/2020 2:14:19 PM,201902,Other UK Airports,PRESTWICK,17158,21262,-19.302041,16982,21251,-20.088466,176,11,1500.000000,2020-02-01
4/7/2020 2:14:19 PM,201902,Other UK Airports,SCATSTA,8090,8928,-9.386201,8090,8928,-9.386201,0,0,Null,2020-02-01
4/7/2020 2:14:19 PM,201902,Other UK Airports,SOUTHAMPTON,107169,123812,-13.442154,107102,123812,-13.496269,67,0,Null,2020-02-01
4/7/2020 2:14:19 PM,201902,London Area Airports,SOUTHEND,130246,81510,59.791437,130246,81510,59.791437,0,0,Null,2020-02-01
4/7/2020 2:14:19 PM,201902,London Area Airports,STANSTED,1872261,1873730,-0.0784,1872261,1873730,-0.0784,0,0,Null,2020-02-01
4/7/2020 2:14:19 PM,201902,Other UK Airports,STORNOWAY,9746,9298,4.81824,9591,9077,5.662664,155,221,-29.864253,2020-02-01
4/7/2020 2:14:19 PM,201902,Other UK Airports,SUMBURGH,15456,16591,-6.841058,15456,16591,-6.841058,0,0,Null,2020-02-01
4/7/2020 2:14:19 PM,201902,Other UK Airports,TEESSIDE INTERNATIONAL AIRPORT,10609,11283,-5.973589,10450,10966,-4.705453,159,317,-49.842271,2020-02-01
4/7/2020 2:14:19 PM,201902,Other UK Airports,TIREE,610,742,-17.789757,604,717,-15.760112,6,25,-76.000000,2020-02-01
4/7/2020 2:14:19 PM,201902,Other UK Airports,WICK JOHN O GROATS,794,1079,-26.413346,794,1029,-22.837707,0,50,Null,2020-02-01
7/24/2020 10:30:59 AM,201903,Other UK Airports,ABERDEEN,114926,224705,-48.854721,114926,224705,-48.854721,0,0,Null,2020-03-01
7/24/2020 10:30:59 AM,201903,Non UK Reporting Airports,ALDERNEY,1996,3608,-44.678492,1996,3608,-44.678492,0,0,Null,2020-03-01
7/24/2020 10:30:59 AM,201903,Other UK Airports,BARRA,695,1234,-43.679092,695,1234,-43.679092,0,0,Null,2020-03-01
7/24/2020 10:30:59 AM,201903,Other UK Airports,BELFAST CITY (GEORGE BEST),45212,194572,-76.763358,45212,194572,-76.763358,0,0,Null,2020-03-01
7/24/2020 10:30:59 AM,201903,Other UK Airports,BELFAST INTERNATIONAL,241743,487888,-50.451128,241743,487888,-50.451128,0,0,Null,2020-03-01
7/24/2020 10:30:59 AM,201903,Other UK Airports,BENBECULA,1796,2844,-36.849508,1753,2826,-37.968861,43,18,138.888889,2020-03-01
7/24/2020 10:30:59 AM,201903,Other UK Airports,BIGGIN HILL,55,105,-47.619048,55,105,-47.619048,0,0,Null,2020-03-01
7/24/2020 10:30:59 AM,201903,Other UK Airports,BIRMINGHAM,388491,903425,-56.997980,388300,902565,-56.978168,191,860,-77.790698,2020-03-01
7/24/2020 10:30:59 AM,201903,Other UK Airports,BLACKPOOL,1000,759,31.752306,1000,759,31.752306,0,0,Null,2020-03-01
7/24/2020 10:30:59 AM,201903,Other UK Airports,BOURNEMOUTH,22876,39419,-41.967072,22876,39419,-41.967072,0,0,Null,2020-03-01
7/24/2020 10:30:59 AM,201903,Other UK Airports,BRISTOL,297168,622358,-52.251277,296999,622358,-52.278431,169,0,Null,2020-03-01
7/24/2020 10:30:59 AM,201903,Other UK Airports,CAMPBELTOWN,342,620,-44.838710,321,608,-47.203947,21,12,75.000000,2020-03-01
7/24/2020 10:30:59 AM,201903,Other UK Airports,CARDIFF WALES,29346,99105,-70.388981,29346,99055,-70.374035,0,50,Null,2020-03-01
7/24/2020 10:30:59 AM,201903,Other UK Airports,CITY OF DERRY (EGLINTON),9905,16719,-40.756026,9905,16719,-40.756026,0,0,Null,2020-03-01
7/24/2020 10:30:59 AM,201903,Other UK Airports,DONCASTER SHEFFIELD,36441,79454,-54.135726,36441,79454,-54.135726,0,0,Null,2020-03-01
7/24/2020 10:30:59 AM,201903,Other UK Airports,DUNDEE,815,1773,-54.032713,815,1773,-54.032713,0,0,Null,2020-03-01
7/24/2020 10:30:59 AM,201903,Other UK Airports,EAST MIDLANDS INTERNATIONAL,106493,254169,-58.101499,106430,254169,-58.126286,63,0,Null,2020-03-01
7/24/2020 10:30:59 AM,201903,Other UK Airports,EDINBURGH,498300,1105751,-54.935605,498300,1105642,-54.931162,0,109,Null,2020-03-01
7/24/2020 10:30:59 AM,201903,Other UK Airports,EXETER,15390,68301,-77.467387,15383,68301,-77.477636,7,0,Null,2020-03-01
7/24/2020 10:30:59 AM,201903,London Area Airports,GATWICK,1650987,3623861,-54.441216,1650987,3623861,-54.441216,0,0,Null,2020-03-01
7/24/2020 10:30:59 AM,201903,Other UK Airports,GLASGOW,293928,646968,-54.568387,293928,646757,-54.553565,0,211,Null,2020-03-01
7/24/2020 10:30:59 AM,201903,Non UK Reporting Airports,GUERNSEY,28619,64072,-55.333063,28379,61100,-53.553191,240,2972,-91.924630,2020-03-01
7/24/2020 10:30:59 AM,201903,London Area Airports,HEATHROW,3107151,6527571,-52.399583,3107013,6527270,-52.399502,138,301,-54.152824,2020-03-01
7/24/2020 10:30:59 AM,201903,Other UK Airports,HUMBERSIDE,6437,15823,-59.318713,6312,15474,-59.208996,125,349,-64.183381,2020-03-01
7/24/2020 10:30:59 AM,201903,Other UK Airports,INVERNESS,33384,64902,-48.562448,33384,64902,-48.562448,0,0,Null,2020-03-01
7/24/2020 10:30:59 AM,201903,Other UK Airports,ISLAY,1296,2363,-45.154465,1284,2344,-45.221843,12,19,-36.842105,2020-03-01
7/24/2020 10:30:59 AM,201903,Non UK Reporting Airports,ISLE OF MAN,27652,70672,-60.872764,27652,70672,-60.872764,0,0,Null,2020-03-01
7/24/2020 10:30:59 AM,201903,Other UK Airports,ISLES OF SCILLY (ST.MARYS),2872,4302,-33.240353,2872,4302,-33.240353,0,0,Null,2020-03-01
7/24/2020 10:30:59 AM,201903,Non UK Reporting Airports,JERSEY,55083,121731,-54.750228,54750,119951,-54.356362,333,1780,-81.292135,2020-03-01
7/24/2020 10:30:59 AM,201903,Other UK Airports,KIRKWALL,7863,13165,-40.273452,7460,12490,-40.272218,403,675,-40.296296,2020-03-01
7/24/2020 10:30:59 AM,201903,Other UK Airports,LANDS END (ST JUST),3376,3376,(None),3372,3372,(None),4,4,(None),2020-03-01
7/24/2020 10:30:59 AM,201903,Other UK Airports,LEEDS BRADFORD,104403,246550,-57.654431,104403,246550,-57.654431,0,0,Null,2020-03-01
7/24/2020 10:30:59 AM,201903,Other UK Airports,LERWICK (TINGWALL),163,198,-17.676768,163,198,-17.676768,0,0,Null,2020-03-01
7/24/2020 10:30:59 AM,201903,Other UK Airports,LIVERPOOL (JOHN LENNON),187670,382697,-50.961204,187670,382637,-50.953515,0,60,Null,2020-03-01
7/24/2020 10:30:59 AM,201903,London Area Airports,LONDON CITY,120595,424776,-71.609743,120595,424776,-71.609743,0,0,Null,2020-03-01
7/24/2020 10:30:59 AM,201903,London Area Airports,LUTON,591360,1352217,-56.267374,591360,1352217,-56.267374,0,0,Null,2020-03-01
7/24/2020 10:30:59 AM,201903,Other UK Airports,MANCHESTER,943219,2064522,-54.312960,942255,2062055,-54.305050,964,2467,-60.924199,2020-03-01
7/24/2020 10:30:59 AM,201903,Other UK Airports,NEWCASTLE,160185,338962,-52.742490,160033,337812,-52.626609,152,1150,-86.782609,2020-03-01
7/24/2020 10:30:59 AM,201903,Other UK Airports,NEWQUAY,5169,28081,-81.592536,5169,28081,-81.592536,0,0,Null,2020-03-01
7/24/2020 10:30:59 AM,201903,Other UK Airports,NORWICH,14860,35158,-57.733659,14860,35158,-57.733659,0,0,Null,2020-03-01
7/24/2020 10:30:59 AM,201903,Other UK Airports,PRESTWICK,10262,25543,-59.824609,10262,25534,-59.810449,0,9,Null,2020-03-01
7/24/2020 10:30:59 AM,201903,Other UK Airports,SCATSTA,6795,9406,-27.758877,6795,9406,-27.758877,0,0,Null,2020-03-01
7/24/2020 10:30:59 AM,201903,Other UK Airports,SOUTHAMPTON,24186,143430,-83.137419,24186,143382,-83.131774,0,48,Null,2020-03-01
7/24/2020 10:30:59 AM,201903,London Area Airports,SOUTHEND,68607,99104,-30.772724,68607,99104,-30.772724,0,0,Null,2020-03-01
7/24/2020 10:30:59 AM,201903,London Area Airports,STANSTED,877410,2105942,-58.336459,877316,2105942,-58.340923,94,0,Null,2020-03-01
7/24/2020 10:30:59 AM,201903,Other UK Airports,STORNOWAY,6525,10325,-36.803874,6428,10134,-36.569963,97,191,-49.214660,2020-03-01
7/24/2020 10:30:59 AM,201903,Other UK Airports,SUMBURGH,10168,18464,-44.930676,10124,18464,-45.168977,44,0,Null,2020-03-01
7/24/2020 10:30:59 AM,201903,Other UK Airports,TEESSIDE INTERNATIONAL AIRPORT,5304,11647,-54.460376,5215,11109,-53.056081,89,538,-83.457249,2020-03-01
7/24/2020 10:30:59 AM,201903,Other UK Airports,TIREE,674,807,-16.480793,657,791,-16.940582,17,16,6.250000,2020-03-01
7/24/2020 10:30:59 AM,201903,Other UK Airports,WICK JOHN O GROATS,414,1339,-69.081404,414,1204,-65.614618,0,135,Null,2020-03-01
7/24/2020 11:08:59 AM,201904,Other UK Airports,ABERDEEN,32964,239815,-86.254404,32964,239815,-86.254404,0,0,Null,2020-04-01
7/24/2020 11:08:59 AM,201904,Non UK Reporting Airports,ALDERNEY,120,4578,-97.378768,120,4578,-97.378768,0,0,Null,2020-04-01
7/24/2020 11:08:59 AM,201904,Other UK Airports,BARRA,69,1412,-95.113314,69,1412,-95.113314,0,0,Null,2020-04-01
7/24/2020 11:08:59 AM,201904,Other UK Airports,BELFAST CITY (GEORGE BEST),2503,211050,-98.814025,2503,211050,-98.814025,0,0,Null,2020-04-01
7/24/2020 11:08:59 AM,201904,Other UK Airports,BELFAST INTERNATIONAL,0,542166,Null,0,542166,Null,0,0,Null,2020-04-01
7/24/2020 11:08:59 AM,201904,Other UK Airports,BENBECULA,152,3030,-94.983498,42,3030,-98.613861,110,0,Null,2020-04-01
7/24/2020 11:08:59 AM,201904,Other UK Airports,BIGGIN HILL,30,252,-88.095238,30,252,-88.095238,0,0,Null,2020-04-01
7/24/2020 11:08:59 AM,201904,Other UK Airports,BIRMINGHAM,4768,1004085,-99.525140,4768,1003699,-99.524957,0,386,Null,2020-04-01
7/24/2020 11:08:59 AM,201904,Other UK Airports,BLACKPOOL,650,1745,-62.750716,650,1745,-62.750716,0,0,Null,2020-04-01
7/24/2020 11:08:59 AM,201904,Other UK Airports,BOURNEMOUTH,0,69079,Null,0,69079,Null,0,0,Null,2020-04-01
7/24/2020 11:08:59 AM,201904,Other UK Airports,BRISTOL,357,714889,-99.950062,357,714889,-99.950062,0,0,Null,2020-04-01
7/24/2020 11:08:59 AM,201904,Other UK Airports,CAMPBELTOWN,8,646,-98.761610,7,646,-98.916409,1,0,Null,2020-04-01
7/24/2020 11:08:59 AM,201904,Other UK Airports,CARDIFF WALES,0,126274,Null,0,126274,Null,0,0,Null,2020-04-01
7/24/2020 11:08:59 AM,201904,Other UK Airports,CITY OF DERRY (EGLINTON),166,15887,-98.955121,166,15887,-98.955121,0,0,Null,2020-04-01
7/24/2020 11:08:59 AM,201904,Other UK Airports,DONCASTER SHEFFIELD,643,101122,-99.364134,643,101122,-99.364134,0,0,Null,2020-04-01
7/24/2020 11:08:59 AM,201904,Other UK Airports,DUNDEE,0,1822,Null,0,1822,Null,0,0,Null,2020-04-01
7/24/2020 11:08:59 AM,201904,Other UK Airports,EAST MIDLANDS INTERNATIONAL,59,393638,-99.985012,59,393638,-99.985012,0,0,Null,2020-04-01
7/24/2020 11:08:59 AM,201904,Other UK Airports,EDINBURGH,5381,1257778,-99.572182,5381,1257408,-99.572056,0,370,Null,2020-04-01
7/24/2020 11:08:59 AM,201904,Other UK Airports,EXETER,0,84990,Null,0,84990,Null,0,0,Null,2020-04-01
7/24/2020 11:08:59 AM,201904,London Area Airports,GATWICK,9435,3854923,-99.755248,9435,3854923,-99.755248,0,0,Null,2020-04-01
7/24/2020 11:08:59 AM,201904,Other UK Airports,GLASGOW,4059,692185,-99.413596,4059,691804,-99.413273,0,381,Null,2020-04-01
7/24/2020 11:08:59 AM,201904,Non UK Reporting Airports,GUERNSEY,613,69606,-99.119329,613,67361,-99.089978,0,2245,Null,2020-04-01
7/24/2020 11:08:59 AM,201904,London Area Airports,HEATHROW,206600,6798206,-96.960963,206600,6798206,-96.960963,0,0,Null,2020-04-01
7/24/2020 11:08:59 AM,201904,Other UK Airports,HUMBERSIDE,639,16049,-96.018444,639,15851,-95.968709,0,198,Null,2020-04-01
7/24/2020 11:08:59 AM,201904,Other UK Airports,INVERNESS,0,83367,Null,0,83367,Null,0,0,Null,2020-04-01
7/24/2020 11:08:59 AM,201904,Other UK Airports,ISLAY,57,3243,-98.242368,57,3202,-98.219863,0,41,Null,2020-04-01
7/24/2020 11:08:59 AM,201904,Non UK Reporting Airports,ISLE OF MAN,241,70079,-99.656102,241,70079,-99.656102,0,0,Null,2020-04-01
7/24/2020 11:08:59 AM,201904,Other UK Airports,ISLES OF SCILLY (ST.MARYS),135,9455,-98.572184,135,9455,-98.572184,0,0,Null,2020-04-01
7/24/2020 11:08:59 AM,201904,Non UK Reporting Airports,JERSEY,802,154240,-99.480031,802,151324,-99.470011,0,2916,Null,2020-04-01
7/24/2020 11:08:59 AM,201904,Other UK Airports,KIRKWALL,782,14128,-94.464892,617,13114,-95.295104,165,1014,-83.727811,2020-04-01
7/24/2020 11:08:59 AM,201904,Other UK Airports,LANDS END (ST JUST),135,6626,-97.962572,135,6626,-97.962572,0,0,Null,2020-04-01
7/24/2020 11:08:59 AM,201904,Other UK Airports,LEEDS BRADFORD,0,318006,Null,0,318006,Null,0,0,Null,2020-04-01
7/24/2020 11:08:59 AM,201904,Other UK Airports,LERWICK (TINGWALL),17,261,-93.486590,17,261,-93.486590,0,0,Null,2020-04-01
7/24/2020 11:08:59 AM,201904,Other UK Airports,LIVERPOOL (JOHN LENNON),862,443373,-99.805581,862,443373,-99.805581,0,0,Null,2020-04-01
7/24/2020 11:08:59 AM,201904,London Area Airports,LONDON CITY,0,420996,Null,0,420996,Null,0,0,Null,2020-04-01
7/24/2020 11:08:59 AM,201904,London Area Airports,LUTON,14183,1554456,-99.087591,14183,1554456,-99.087591,0,0,Null,2020-04-01
7/24/2020 11:08:59 AM,201904,Other UK Airports,LYDD,0,2,Null,0,2,Null,0,0,Null,2020-04-01
7/24/2020 11:08:59 AM,201904,Other UK Airports,MANCHESTER,23732,2388591,-99.006444,23732,2387051,-99.005803,0,1540,Null,2020-04-01
7/24/2020 11:08:59 AM,201904,Other UK Airports,NEWCASTLE,916,393076,-99.766966,916,392913,-99.766870,0,163,Null,2020-04-01
7/24/2020 11:08:59 AM,201904,Other UK Airports,NEWQUAY,0,39546,Null,0,39541,Null,0,5,Null,2020-04-01
7/24/2020 11:08:59 AM,201904,Other UK Airports,NORWICH,4016,38154,-89.474236,4016,38154,-89.474236,0,0,Null,2020-04-01
7/24/2020 11:08:59 AM,201904,Other UK Airports,PRESTWICK,1,67755,-99.998524,1,67750,-99.998524,0,5,Null,2020-04-01
7/24/2020 11:08:59 AM,201904,Other UK Airports,SCATSTA,4795,9560,-49.843096,4795,9560,-49.843096,0,0,Null,2020-04-01
7/24/2020 11:08:59 AM,201904,Other UK Airports,SOUTHAMPTON,1172,147209,-99.203853,1172,147209,-99.203853,0,0,Null,2020-04-01
7/24/2020 11:08:59 AM,201904,London Area Airports,SOUTHEND,141,187479,-99.924792,141,187479,-99.924792,0,0,Null,2020-04-01
7/24/2020 11:08:59 AM,201904,London Area Airports,STANSTED,13721,2389377,-99.425750,13692,2389377,-99.426964,29,0,Null,2020-04-01
7/24/2020 11:08:59 AM,201904,Other UK Airports,STORNOWAY,275,10367,-97.347352,265,10166,-97.393272,10,201,-95.024876,2020-04-01
7/24/2020 11:08:59 AM,201904,Other UK Airports,SUMBURGH,1194,18722,-93.622476,909,18704,-95.140077,285,18,1483.333333,2020-04-01
7/24/2020 11:08:59 AM,201904,Other UK Airports,TEESSIDE INTERNATIONAL AIRPORT,0,12989,Null,0,12603,Null,0,386,Null,2020-04-01
7/24/2020 11:08:59 AM,201904,Other UK Airports,TIREE,18,1122,-98.395722,15,1071,-98.599440,3,51,-94.117647,2020-04-01
7/24/2020 11:08:59 AM,201904,Other UK Airports,WICK JOHN O GROATS,0,1205,Null,0,1205,Null,0,0,Null,2020-04-01
7/24/2020 2:05:30 PM,201905,Other UK Airports,ABERDEEN,33330,270058,-87.658207,33330,270058,-87.658207,0,0,Null,2020-05-01
7/24/2020 2:05:30 PM,201905,Non UK Reporting Airports,ALDERNEY,203,4838,-95.804051,203,4838,-95.804051,0,0,Null,2020-05-01
7/24/2020 2:05:30 PM,201905,Other UK Airports,BARRA,71,1483,-95.212407,71,1483,-95.212407,0,0,Null,2020-05-01
7/24/2020 2:05:30 PM,201905,Other UK Airports,BELFAST CITY (GEORGE BEST),5132,221769,-97.685880,5132,221769,-97.685880,0,0,Null,2020-05-01
7/24/2020 2:05:30 PM,201905,Other UK Airports,BELFAST INTERNATIONAL,0,607358,Null,0,607358,Null,0,0,Null,2020-05-01
7/24/2020 2:05:30 PM,201905,Other UK Airports,BENBECULA,243,3046,-92.022324,94,3046,-96.913986,149,0,Null,2020-05-01
7/24/2020 2:05:30 PM,201905,Other UK Airports,BIGGIN HILL,32,50,-36.000000,32,50,-36.000000,0,0,Null,2020-05-01
7/24/2020 2:05:30 PM,201905,Other UK Airports,BIRMINGHAM,6184,1165846,-99.469570,6184,1165577,-99.469447,0,269,Null,2020-05-01
7/24/2020 2:05:30 PM,201905,Other UK Airports,BLACKPOOL,341,1422,-76.019691,341,1422,-76.019691,0,0,Null,2020-05-01
7/24/2020 2:05:30 PM,201905,Other UK Airports,BOURNEMOUTH,0,85976,Null,0,85976,Null,0,0,Null,2020-05-01
7/24/2020 2:05:30 PM,201905,Other UK Airports,BRISTOL,774,850850,-99.909032,774,850481,-99.908993,0,369,Null,2020-05-01
7/24/2020 2:05:30 PM,201905,Other UK Airports,CAMPBELTOWN,20,905,-97.790055,13,905,-98.563536,7,0,Null,2020-05-01
7/24/2020 2:05:30 PM,201905,Other UK Airports,CARDIFF WALES,72,176704,-99.959254,72,176704,-99.959254,0,0,Null,2020-05-01
7/24/2020 2:05:30 PM,201905,Other UK Airports,CITY OF DERRY (EGLINTON),946,15341,-93.833518,946,15341,-93.833518,0,0,Null,2020-05-01
7/24/2020 2:05:30 PM,201905,Other UK Airports,DONCASTER SHEFFIELD,284,144906,-99.804011,284,144906,-99.804011,0,0,Null,2020-05-01
7/24/2020 2:05:30 PM,201905,Other UK Airports,DUNDEE,0,1739,Null,0,1739,Null,0,0,Null,2020-05-01
7/24/2020 2:05:30 PM,201905,Other UK Airports,EAST MIDLANDS INTERNATIONAL,0,501521,Null,0,501521,Null,0,0,Null,2020-05-01
7/24/2020 2:05:30 PM,201905,Other UK Airports,EDINBURGH,9566,1380326,-99.306975,9566,1380021,-99.306822,0,305,Null,2020-05-01
7/24/2020 2:05:30 PM,201905,Other UK Airports,EXETER,0,99060,Null,0,99060,Null,0,0,Null,2020-05-01
7/24/2020 2:05:30 PM,201905,London Area Airports,GATWICK,7031,4177166,-99.831680,7031,4177166,-99.831680,0,0,Null,2020-05-01
7/24/2020 2:05:30 PM,201905,Other UK Airports,GLASGOW,2790,854948,-99.673664,2790,854948,-99.673664,0,0,Null,2020-05-01
7/24/2020 2:05:30 PM,201905,Non UK Reporting Airports,GUERNSEY,1036,79030,-98.689105,1036,77007,-98.654668,0,2023,Null,2020-05-01
7/24/2020 2:05:30 PM,201905,London Area Airports,HEATHROW,228158,6769369,-96.629553,228018,6768903,-96.631389,140,466,-69.957082,2020-05-01
7/24/2020 2:05:30 PM,201905,Other UK Airports,HUMBERSIDE,692,18909,-96.340367,692,18663,-96.292129,0,246,Null,2020-05-01
7/24/2020 2:05:30 PM,201905,Other UK Airports,INVERNESS,0,89405,Null,0,89367,Null,0,38,Null,2020-05-01
7/24/2020 2:05:30 PM,201905,Other UK Airports,ISLAY,92,4076,-97.742885,92,4057,-97.732315,0,19,Null,2020-05-01
7/24/2020 2:05:30 PM,201905,Non UK Reporting Airports,ISLE OF MAN,414,80509,-99.485772,414,80509,-99.485772,0,0,Null,2020-05-01
7/24/2020 2:05:30 PM,201905,Other UK Airports,ISLES OF SCILLY (ST.MARYS),219,11892,-98.158426,219,11892,-98.158426,0,0,Null,2020-05-01
7/24/2020 2:05:30 PM,201905,Non UK Reporting Airports,JERSEY,1125,166537,-99.324474,1125,163270,-99.310957,0,3267,Null,2020-05-01
7/24/2020 2:05:30 PM,201905,Other UK Airports,KIRKWALL,914,16779,-94.552715,641,15754,-95.931192,273,1025,-73.365854,2020-05-01
7/24/2020 2:05:30 PM,201905,Other UK Airports,LANDS END (ST JUST),219,7535,-97.093563,219,7529,-97.091247,0,6,Null,2020-05-01
7/24/2020 2:05:30 PM,201905,Other UK Airports,LEEDS BRADFORD,0,392657,Null,0,392584,Null,0,73,Null,2020-05-01
7/24/2020 2:05:30 PM,201905,Other UK Airports,LERWICK (TINGWALL),4,350,-98.857143,4,350,-98.857143,0,0,Null,2020-05-01
7/24/2020 2:05:30 PM,201905,Other UK Airports,LIVERPOOL (JOHN LENNON),1008,473772,-99.787239,1008,473772,-99.787239,0,0,Null,2020-05-01
7/24/2020 2:05:30 PM,201905,London Area Airports,LONDON CITY,0,450969,Null,0,450969,Null,0,0,Null,2020-05-01
7/24/2020 2:05:30 PM,201905,London Area Airports,LUTON,34731,1660158,-97.907970,34731,1658833,-97.906299,0,1325,Null,2020-05-01
7/24/2020 2:05:30 PM,201905,Other UK Airports,MANCHESTER,18753,2641605,-99.290091,18750,2637466,-99.289090,3,4139,-99.927519,2020-05-01
7/24/2020 2:05:30 PM,201905,Other UK Airports,NEWCASTLE,67,526601,-99.987277,67,526584,-99.987276,0,17,Null,2020-05-01
7/24/2020 2:05:30 PM,201905,Other UK Airports,NEWQUAY,0,46040,Null,0,46040,Null,0,0,Null,2020-05-01
7/24/2020 2:05:30 PM,201905,Other UK Airports,NORWICH,4450,55088,-91.922016,4450,55088,-91.922016,0,0,Null,2020-05-01
7/24/2020 2:05:30 PM,201905,Other UK Airports,PRESTWICK,4,75378,-99.994693,1,75362,-99.998673,3,16,-81.250000,2020-05-01
7/24/2020 2:05:30 PM,201905,Other UK Airports,SCATSTA,4099,9291,-55.882036,4099,9291,-55.882036,0,0,Null,2020-05-01
7/24/2020 2:05:30 PM,201905,Other UK Airports,SOUTHAMPTON,1891,159249,-98.812551,1891,159249,-98.812551,0,0,Null,2020-05-01
7/24/2020 2:05:30 PM,201905,London Area Airports,SOUTHEND,179,203284,-99.911946,179,203284,-99.911946,0,0,Null,2020-05-01
7/24/2020 2:05:30 PM,201905,London Area Airports,STANSTED,20471,2568443,-99.202980,20471,2568443,-99.202980,0,0,Null,2020-05-01
7/24/2020 2:05:30 PM,201905,Other UK Airports,STORNOWAY,362,11568,-96.870678,331,11402,-97.097001,31,166,-81.325301,2020-05-01
7/24/2020 2:05:30 PM,201905,Other UK Airports,SUMBURGH,1527,24538,-93.776999,1237,24538,-94.958839,290,0,Null,2020-05-01
7/24/2020 2:05:30 PM,201905,Other UK Airports,TEESSIDE INTERNATIONAL AIRPORT,0,14126,Null,0,13688,Null,0,438,Null,2020-05-01
7/24/2020 2:05:30 PM,201905,Other UK Airports,TIREE,29,1218,-97.619048,19,1185,-98.396624,10,33,-69.696970,2020-05-01
7/24/2020 2:05:30 PM,201905,Other UK Airports,WICK JOHN O GROATS,8,1312,-99.390244,8,1312,-99.390244,0,0,Null,2020-05-01
8/14/2020 9:31:52 AM,201906,Other UK Airports,ABERDEEN,42525,268317,-84.151209,42525,268317,-84.151209,0,0,Null,2020-06-01
8/14/2020 9:31:52 AM,201906,Non UK Reporting Airports,ALDERNEY,917,4771,-80.779711,917,4771,-80.779711,0,0,Null,2020-06-01
8/14/2020 9:31:52 AM,201906,Other UK Airports,BARRA,143,1487,-90.383322,132,1487,-91.123067,11,0,Null,2020-06-01
8/14/2020 9:31:52 AM,201906,Other UK Airports,BELFAST CITY (GEORGE BEST),10856,230898,-95.298357,10856,230898,-95.298357,0,0,Null,2020-06-01
8/14/2020 9:31:52 AM,201906,Other UK Airports,BELFAST INTERNATIONAL,14896,612034,-97.566148,14896,612034,-97.566148,0,0,Null,2020-06-01
8/14/2020 9:31:52 AM,201906,Other UK Airports,BENBECULA,538,3388,-84.120425,193,3388,-94.303424,345,0,Null,2020-06-01
8/14/2020 9:31:52 AM,201906,Other UK Airports,BIGGIN HILL,150,216,-30.555556,150,216,-30.555556,0,0,Null,2020-06-01
8/14/2020 9:31:52 AM,201906,Other UK Airports,BIRMINGHAM,13594,1259647,-98.920809,13568,1259226,-98.922513,26,421,-93.824228,2020-06-01
8/14/2020 9:31:52 AM,201906,Other UK Airports,BLACKPOOL,1463,1454,0.618982,1463,1454,0.618982,0,0,Null,2020-06-01
8/14/2020 9:31:52 AM,201906,Other UK Airports,BOURNEMOUTH,255,89200,-99.714126,255,89200,-99.714126,0,0,Null,2020-06-01
8/14/2020 9:31:52 AM,201906,Other UK Airports,BRISTOL,4214,914437,-99.539170,4185,913599,-99.541922,29,838,-96.539379,2020-06-01
8/14/2020 9:31:52 AM,201906,Other UK Airports,CAMPBELTOWN,34,837,-95.937873,16,837,-98.088411,18,0,Null,2020-06-01
8/14/2020 9:31:52 AM,201906,Other UK Airports,CARDIFF WALES,194,193097,-99.899532,194,192988,-99.899476,0,109,Null,2020-06-01
8/14/2020 9:31:52 AM,201906,Other UK Airports,CITY OF DERRY (EGLINTON),1454,16886,-91.389317,1454,16886,-91.389317,0,0,Null,2020-06-01
8/14/2020 9:31:52 AM,201906,Other UK Airports,DONCASTER SHEFFIELD,349,160482,-99.782530,349,160482,-99.782530,0,0,Null,2020-06-01
8/14/2020 9:31:52 AM,201906,Other UK Airports,DUNDEE,0,1826,Null,0,1826,Null,0,0,Null,2020-06-01
8/14/2020 9:31:52 AM,201906,Other UK Airports,EAST MIDLANDS INTERNATIONAL,1141,536198,-99.787205,1141,535880,-99.787079,0,318,Null,2020-06-01
8/14/2020 9:31:52 AM,201906,Other UK Airports,EDINBURGH,19050,1414633,-98.653361,19050,1414271,-98.653016,0,362,Null,2020-06-01
8/14/2020 9:31:52 AM,201906,Other UK Airports,EXETER,0,106376,Null,0,106376,Null,0,0,Null,2020-06-01
8/14/2020 9:31:52 AM,201906,London Area Airports,GATWICK,28910,4517617,-99.360061,28910,4517085,-99.359985,0,532,Null,2020-06-01
8/14/2020 9:31:52 AM,201906,Other UK Airports,GLASGOW,11476,925343,-98.759811,11476,924469,-98.758639,0,874,Null,2020-06-01
8/14/2020 9:31:52 AM,201906,Non UK Reporting Airports,GUERNSEY,2554,82687,-96.911244,2554,80976,-96.845979,0,1711,Null,2020-06-01
8/14/2020 9:31:52 AM,201906,London Area Airports,HEATHROW,350425,7246532,-95.164239,349607,7246532,-95.175527,818,0,Null,2020-06-01
8/14/2020 9:31:52 AM,201906,Other UK Airports,HUMBERSIDE,1023,20227,-94.942404,1023,20100,-94.910448,0,127,Null,2020-06-01
8/14/2020 9:31:52 AM,201906,Other UK Airports,INVERNESS,749,91926,-99.185214,749,91774,-99.183865,0,152,Null,2020-06-01
8/14/2020 9:31:52 AM,201906,Other UK Airports,ISLAY,137,3828,-96.421108,131,3818,-96.568884,6,10,-40.000000,2020-06-01
8/14/2020 9:31:52 AM,201906,Non UK Reporting Airports,ISLE OF MAN,871,84191,-98.965448,871,84191,-98.965448,0,0,Null,2020-06-01
8/14/2020 9:31:52 AM,201906,Other UK Airports,ISLES OF SCILLY (ST.MARYS),476,11671,-95.921515,476,11671,-95.921515,0,0,Null,2020-06-01
8/14/2020 9:31:52 AM,201906,Non UK Reporting Airports,JERSEY,2451,172398,-98.578290,2451,169008,-98.549773,0,3390,Null,2020-06-01
8/14/2020 9:31:52 AM,201906,Other UK Airports,KIRKWALL,1502,17271,-91.303341,1034,16170,-93.605442,468,1101,-57.493188,2020-06-01
8/14/2020 9:31:52 AM,201906,Other UK Airports,LANDS END (ST JUST),476,7011,-93.210669,476,6953,-93.154034,0,58,Null,2020-06-01
8/14/2020 9:31:52 AM,201906,Other UK Airports,LEEDS BRADFORD,234,449471,-99.947939,234,449471,-99.947939,0,0,Null,2020-06-01
8/14/2020 9:31:52 AM,201906,Other UK Airports,LERWICK (TINGWALL),30,388,-92.268041,30,388,-92.268041,0,0,Null,2020-06-01
8/14/2020 9:31:52 AM,201906,Other UK Airports,LIVERPOOL (JOHN LENNON),7544,482570,-98.436703,7544,482570,-98.436703,0,0,Null,2020-06-01
8/14/2020 9:31:52 AM,201906,London Area Airports,LONDON CITY,103,461798,-99.977696,103,461798,-99.977696,0,0,Null,2020-06-01
8/14/2020 9:31:52 AM,201906,London Area Airports,LUTON,63457,1697198,-96.261073,63457,1697198,-96.261073,0,0,Null,2020-06-01
8/14/2020 9:31:52 AM,201906,Other UK Airports,LYDD,0,14,Null,0,14,Null,0,0,Null,2020-06-01
8/14/2020 9:31:52 AM,201906,Other UK Airports,MANCHESTER,39924,2960883,-98.651618,39924,2957189,-98.649934,0,3694,Null,2020-06-01
8/14/2020 9:31:52 AM,201906,Other UK Airports,NEWCASTLE,4840,562926,-99.140207,4809,562828,-99.145565,31,98,-68.367347,2020-06-01
8/14/2020 9:31:52 AM,201906,Other UK Airports,NEWQUAY,0,52557,Null,0,52553,Null,0,4,Null,2020-06-01
8/14/2020 9:31:52 AM,201906,Other UK Airports,NORWICH,4834,57417,-91.580891,4834,57417,-91.580891,0,0,Null,2020-06-01
8/14/2020 9:31:52 AM,201906,Other UK Airports,OXFORD (KIDLINGTON),58,0,Null,58,0,Null,0,0,Null,2020-06-01
8/14/2020 9:31:52 AM,201906,Other UK Airports,PRESTWICK,192,77804,-99.753226,192,77798,-99.753207,0,6,Null,2020-06-01
8/14/2020 9:31:52 AM,201906,Other UK Airports,SCATSTA,3127,8652,-63.858067,3127,8652,-63.858067,0,0,Null,2020-06-01
8/14/2020 9:31:52 AM,201906,Other UK Airports,SOUTHAMPTON,3942,167811,-97.650929,3942,167800,-97.650775,0,11,Null,2020-06-01
8/14/2020 9:31:52 AM,201906,London Area Airports,SOUTHEND,38,215722,-99.982385,38,215722,-99.982385,0,0,Null,2020-06-01
8/14/2020 9:31:52 AM,201906,London Area Airports,STANSTED,59192,2652580,-97.768512,59138,2652580,-97.770548,54,0,Null,2020-06-01
8/14/2020 9:31:52 AM,201906,Other UK Airports,STORNOWAY,658,12167,-94.591929,641,12006,-94.661003,17,161,-89.440994,2020-06-01
8/14/2020 9:31:52 AM,201906,Other UK Airports,SUMBURGH,3828,27934,-86.296270,3498,27934,-87.477626,330,0,Null,2020-06-01
8/14/2020 9:31:52 AM,201906,Other UK Airports,TEESSIDE INTERNATIONAL AIRPORT,178,15404,-98.844456,178,15027,-98.815465,0,377,Null,2020-06-01
8/14/2020 9:31:52 AM,201906,Other UK Airports,TIREE,87,1226,-92.903752,54,1204,-95.514950,33,22,50.000000,2020-06-01
8/14/2020 9:31:52 AM,201906,Other UK Airports,WICK JOHN O GROATS,0,1183,Null,0,1183,Null,0,0,Null,2020-06-01
9/7/2020 1:28:33 PM,201907,Other UK Airports,ABERDEEN,59338,280120,-78.816936,59338,280120,-78.816936,0,0,Null,2020-07-01
9/7/2020 1:28:33 PM,201907,Non UK Reporting Airports,ALDERNEY,2705,5577,-51.497221,2705,5577,-51.497221,0,0,Null,2020-07-01
9/7/2020 1:28:33 PM,201907,Other UK Airports,BARRA,429,1372,-68.731778,424,1372,-69.096210,5,0,Null,2020-07-01
9/7/2020 1:28:33 PM,201907,Other UK Airports,BELFAST CITY (GEORGE BEST),22976,256565,-91.044764,22976,256565,-91.044764,0,0,Null,2020-07-01
9/7/2020 1:28:33 PM,201907,Other UK Airports,BELFAST INTERNATIONAL,103921,639412,-83.747412,103921,639412,-83.747412,0,0,Null,2020-07-01
9/7/2020 1:28:33 PM,201907,Other UK Airports,BENBECULA,1027,2968,-65.397574,634,2951,-78.515757,393,17,2211.764706,2020-07-01
9/7/2020 1:28:33 PM,201907,Other UK Airports,BIGGIN HILL,275,236,16.525424,275,236,16.525424,0,0,Null,2020-07-01
9/7/2020 1:28:33 PM,201907,Other UK Airports,BIRMINGHAM,135145,1354772,-90.024521,135115,1353695,-90.018800,30,1077,-97.214485,2020-07-01
9/7/2020 1:28:33 PM,201907,Other UK Airports,BLACKPOOL,530,1642,-67.722290,530,1642,-67.722290,0,0,Null,2020-07-01
9/7/2020 1:28:33 PM,201907,Other UK Airports,BOURNEMOUTH,16280,95320,-82.920688,16280,95320,-82.920688,0,0,Null,2020-07-01
9/7/2020 1:28:33 PM,201907,Other UK Airports,BRISTOL,121115,972874,-87.550803,121051,972419,-87.551560,64,455,-85.934066,2020-07-01
9/7/2020 1:28:33 PM,201907,Other UK Airports,CAMPBELTOWN,162,798,-79.699248,39,753,-94.820717,123,45,173.333333,2020-07-01
9/7/2020 1:28:33 PM,201907,Other UK Airports,CARDIFF WALES,3506,208399,-98.317650,3506,208044,-98.314780,0,355,Null,2020-07-01
9/7/2020 1:28:33 PM,201907,Other UK Airports,CITY OF DERRY (EGLINTON),6683,19281,-65.338935,6683,19281,-65.338935,0,0,Null,2020-07-01
9/7/2020 1:28:33 PM,201907,Other UK Airports,DONCASTER SHEFFIELD,26530,164078,-83.830861,26530,164078,-83.830861,0,0,Null,2020-07-01
9/7/2020 1:28:33 PM,201907,Other UK Airports,DUNDEE,383,1795,-78.662953,383,1795,-78.662953,0,0,Null,2020-07-01
9/7/2020 1:28:33 PM,201907,Other UK Airports,EAST MIDLANDS INTERNATIONAL,79447,570294,-86.069115,79447,570294,-86.069115,0,0,Null,2020-07-01
9/7/2020 1:28:33 PM,201907,Other UK Airports,EDINBURGH,168976,1506580,-88.784134,168976,1506251,-88.781684,0,329,Null,2020-07-01
9/7/2020 1:28:33 PM,201907,Other UK Airports,EXETER,2150,113104,-98.099095,2150,113032,-98.097884,0,72,Null,2020-07-01
9/7/2020 1:28:33 PM,201907,London Area Airports,GATWICK,280475,4739916,-94.082701,280475,4739251,-94.081871,0,665,Null,2020-07-01
9/7/2020 1:28:33 PM,201907,Other UK Airports,GLASGOW,68952,966920,-92.868903,68952,966615,-92.866653,0,305,Null,2020-07-01
9/7/2020 1:28:33 PM,201907,Non UK Reporting Airports,GUERNSEY,5962,89407,-93.331618,5962,87359,-93.175288,0,2048,Null,2020-07-01
9/7/2020 1:28:33 PM,201907,London Area Airports,HEATHROW,866655,7754564,-88.823936,866655,7754564,-88.823936,0,0,Null,2020-07-01
9/7/2020 1:28:33 PM,201907,Other UK Airports,HUMBERSIDE,1372,20478,-93.300127,1372,20195,-93.206239,0,283,Null,2020-07-01
9/7/2020 1:28:33 PM,201907,Other UK Airports,INVERNESS,11568,95844,-87.930387,11401,95769,-88.095313,167,75,122.666667,2020-07-01
9/7/2020 1:28:33 PM,201907,Other UK Airports,ISLAY,304,3669,-91.714364,302,3645,-91.714678,2,24,-91.666667,2020-07-01
9/7/2020 1:28:33 PM,201907,Non UK Reporting Airports,ISLE OF MAN,2611,75949,-96.562167,2611,75949,-96.562167,0,0,Null,2020-07-01
9/7/2020 1:28:33 PM,201907,Other UK Airports,ISLES OF SCILLY (ST.MARYS),5003,13503,-62.948974,5003,13503,-62.948974,0,0,Null,2020-07-01
9/7/2020 1:28:33 PM,201907,Non UK Reporting Airports,JERSEY,21845,187903,-88.374321,21845,184070,-88.132232,0,3833,Null,2020-07-01
9/7/2020 1:28:33 PM,201907,Other UK Airports,KIRKWALL,3393,16405,-79.317281,2930,15253,-80.790664,463,1152,-59.809028,2020-07-01
9/7/2020 1:28:33 PM,201907,Other UK Airports,LANDS END (ST JUST),4172,7852,-46.867040,4172,7852,-46.867040,0,0,Null,2020-07-01
9/7/2020 1:28:33 PM,201907,Other UK Airports,LEEDS BRADFORD,52631,481381,-89.066664,52631,481381,-89.066664,0,0,Null,2020-07-01
9/7/2020 1:28:33 PM,201907,Other UK Airports,LERWICK (TINGWALL),79,272,-70.955882,79,272,-70.955882,0,0,Null,2020-07-01
9/7/2020 1:28:33 PM,201907,Other UK Airports,LIVERPOOL (JOHN LENNON),81890,496026,-83.490785,81890,495277,-83.465818,0,749,Null,2020-07-01
9/7/2020 1:28:33 PM,201907,London Area Airports,LONDON CITY,12653,493486,-97.435996,12653,493486,-97.435996,0,0,Null,2020-07-01
9/7/2020 1:28:33 PM,201907,London Area Airports,LUTON,467605,1808237,-74.140281,467605,1807757,-74.133415,0,480,Null,2020-07-01
9/7/2020 1:28:33 PM,201907,Other UK Airports,LYDD,0,11,Null,0,11,Null,0,0,Null,2020-07-01
9/7/2020 1:28:33 PM,201907,Other UK Airports,MANCHESTER,332158,3181836,-89.560807,332158,3178614,-89.550225,0,3222,Null,2020-07-01
9/7/2020 1:28:33 PM,201907,Other UK Airports,NEWCASTLE,49623,600265,-91.733151,49562,599816,-91.737133,61,449,-86.414254,2020-07-01
9/7/2020 1:28:33 PM,201907,Other UK Airports,NEWQUAY,2387,58940,-95.950119,2387,58940,-95.950119,0,0,Null,2020-07-01
9/7/2020 1:28:33 PM,201907,Other UK Airports,NORWICH,6715,58335,-88.488900,6715,58335,-88.488900,0,0,Null,2020-07-01
9/7/2020 1:28:33 PM,201907,Other UK Airports,OXFORD (KIDLINGTON),61,0,Null,61,0,Null,0,0,Null,2020-07-01
9/7/2020 1:28:33 PM,201907,Other UK Airports,PRESTWICK,13851,81130,-82.927400,13851,81127,-82.926769,0,3,Null,2020-07-01
9/7/2020 1:28:33 PM,201907,Other UK Airports,SCATSTA,0,9824,Null,0,9824,Null,0,0,Null,2020-07-01
9/7/2020 1:28:33 PM,201907,Other UK Airports,SOUTHAMPTON,7594,182863,-95.847164,7594,182773,-95.845119,0,90,Null,2020-07-01
9/7/2020 1:28:33 PM,201907,London Area Airports,SOUTHEND,20819,234866,-91.135797,20819,234866,-91.135797,0,0,Null,2020-07-01
9/7/2020 1:28:33 PM,201907,London Area Airports,STANSTED,468537,2758338,-83.013793,468537,2758338,-83.013793,0,0,Null,2020-07-01
9/7/2020 1:28:33 PM,201907,Other UK Airports,STORNOWAY,2359,12237,-80.722399,2106,12114,-82.615156,253,123,105.691057,2020-07-01
9/7/2020 1:28:33 PM,201907,Other UK Airports,SUMBURGH,9962,26565,-62.499529,9630,26565,-63.749294,332,0,Null,2020-07-01
9/7/2020 1:28:33 PM,201907,Other UK Airports,TEESSIDE INTERNATIONAL AIRPORT,1429,12922,-88.941340,1429,12922,-88.941340,0,0,Null,2020-07-01
9/7/2020 1:28:33 PM,201907,Other UK Airports,TIREE,514,1548,-66.795866,470,1543,-69.539857,44,5,780.000000,2020-07-01
9/7/2020 1:28:33 PM,201907,Other UK Airports,WICK JOHN O GROATS,0,1162,Null,0,1162,Null,0,0,Null,2020-07-01
10/15/2020 11:03:39 AM,201908,Other UK Airports,ABERDEEN,66112,267638,-75.297977,66112,267638,-75.297977,0,0,Null,2020-08-01
10/15/2020 11:03:39 AM,201908,Non UK Reporting Airports,ALDERNEY,3644,7223,-49.550048,3644,7223,-49.550048,0,0,Null,2020-08-01
10/15/2020 11:03:39 AM,201908,Other UK Airports,BARRA,1048,1587,-33.963453,1048,1587,-33.963453,0,0,Null,2020-08-01
10/15/2020 11:03:39 AM,201908,Other UK Airports,BELFAST CITY (GEORGE BEST),30243,252324,-88.014220,30243,252324,-88.014220,0,0,Null,2020-08-01
10/15/2020 11:03:39 AM,201908,Other UK Airports,BELFAST INTERNATIONAL,215215,639333,-66.337574,215215,639333,-66.337574,0,0,Null,2020-08-01
10/15/2020 11:03:39 AM,201908,Other UK Airports,BENBECULA,1362,3295,-58.664643,1133,3295,-65.614568,229,0,Null,2020-08-01
10/15/2020 11:03:39 AM,201908,Other UK Airports,BIGGIN HILL,413,319,29.467085,413,319,29.467085,0,0,Null,2020-08-01
10/15/2020 11:03:39 AM,201908,Other UK Airports,BIRMINGHAM,248155,1407086,-82.363907,248079,1406717,-82.364683,76,369,-79.403794,2020-08-01
10/15/2020 11:03:39 AM,201908,Other UK Airports,BLACKPOOL,1424,353,303.399433,1424,353,303.399433,0,0,Null,2020-08-01
10/15/2020 11:03:39 AM,201908,Other UK Airports,BOURNEMOUTH,22309,97311,-77.074534,22309,97311,-77.074534,0,0,Null,2020-08-01
10/15/2020 11:03:39 AM,201908,Other UK Airports,BRISTOL,273373,1009612,-72.922964,273280,1009498,-72.929119,93,114,-18.421053,2020-08-01
10/15/2020 11:03:39 AM,201908,Other UK Airports,CAMPBELTOWN,175,935,-81.283422,166,910,-81.758242,9,25,-64.000000,2020-08-01
10/15/2020 11:03:39 AM,201908,Other UK Airports,CARDIFF WALES,15443,216530,-92.867963,15399,216530,-92.888283,44,0,Null,2020-08-01
10/15/2020 11:03:39 AM,201908,Other UK Airports,CITY OF DERRY (EGLINTON),9074,20556,-55.857171,9074,20556,-55.857171,0,0,Null,2020-08-01
10/15/2020 11:03:39 AM,201908,Other UK Airports,DONCASTER SHEFFIELD,57418,180062,-68.112095,57418,180062,-68.112095,0,0,Null,2020-08-01
10/15/2020 11:03:39 AM,201908,Other UK Airports,DUNDEE,1039,1799,-42.245692,1039,1799,-42.245692,0,0,Null,2020-08-01
10/15/2020 11:03:39 AM,201908,Other UK Airports,EAST MIDLANDS INTERNATIONAL,127792,603530,-78.825908,127792,603530,-78.825908,0,0,Null,2020-08-01
10/15/2020 11:03:39 AM,201908,Other UK Airports,EDINBURGH,315008,1479855,-78.713590,315008,1479262,-78.705057,0,593,Null,2020-08-01
10/15/2020 11:03:39 AM,201908,Other UK Airports,EXETER,8422,119990,-92.981082,8422,119990,-92.981082,0,0,Null,2020-08-01
10/15/2020 11:03:39 AM,201908,London Area Airports,GATWICK,900682,4943820,-81.781659,900682,4943820,-81.781659,0,0,Null,2020-08-01
10/15/2020 11:03:39 AM,201908,Other UK Airports,GLASGOW,163252,909766,-82.055606,162726,909448,-82.107168,526,318,65.408805,2020-08-01
10/15/2020 11:03:39 AM,201908,Non UK Reporting Airports,GUERNSEY,11129,93378,-88.081775,11129,90892,-87.755798,0,2486,Null,2020-08-01
10/15/2020 11:03:39 AM,201908,London Area Airports,HEATHROW,1418659,7680708,-81.529580,1418659,7680007,-81.527894,0,701,Null,2020-08-01
10/15/2020 11:03:39 AM,201908,Other UK Airports,HUMBERSIDE,2496,20655,-87.915759,2496,20430,-87.782673,0,225,Null,2020-08-01
10/15/2020 11:03:39 AM,201908,Other UK Airports,INVERNESS,30619,101970,-69.972541,30352,101863,-70.203116,267,107,149.532710,2020-08-01
10/15/2020 11:03:39 AM,201908,Other UK Airports,ISLAY,865,3858,-77.579057,836,3829,-78.166623,29,29,(None),2020-08-01
10/15/2020 11:03:39 AM,201908,Non UK Reporting Airports,ISLE OF MAN,7184,80146,-91.036359,7184,80146,-91.036359,0,0,Null,2020-08-01
10/15/2020 11:03:39 AM,201908,Other UK Airports,ISLES OF SCILLY (ST.MARYS),7963,14002,-43.129553,7963,14002,-43.129553,0,0,Null,2020-08-01
10/15/2020 11:03:39 AM,201908,Non UK Reporting Airports,JERSEY,61317,201406,-69.555525,61317,197552,-68.961590,0,3854,Null,2020-08-01
10/15/2020 11:03:39 AM,201908,Other UK Airports,KIRKWALL,5320,16938,-68.591333,4324,15698,-72.455090,996,1240,-19.677419,2020-08-01
10/15/2020 11:03:39 AM,201908,Other UK Airports,LANDS END (ST JUST),5908,9422,-37.295691,5908,9405,-37.182350,0,17,Null,2020-08-01
10/15/2020 11:03:39 AM,201908,Other UK Airports,LEEDS BRADFORD,85560,503527,-83.007863,85560,503380,-83.002900,0,147,Null,2020-08-01
10/15/2020 11:03:39 AM,201908,Other UK Airports,LERWICK (TINGWALL),153,390,-60.769231,153,390,-60.769231,0,0,Null,2020-08-01
10/15/2020 11:03:39 AM,201908,Other UK Airports,LIVERPOOL (JOHN LENNON),171186,518343,-66.974378,171186,517807,-66.940192,0,536,Null,2020-08-01
10/15/2020 11:03:39 AM,201908,London Area Airports,LONDON CITY,21826,446828,-95.115346,21826,446828,-95.115346,0,0,Null,2020-08-01
10/15/2020 11:03:39 AM,201908,London Area Airports,LUTON,835310,1897129,-55.969784,835310,1897129,-55.969784,0,0,Null,2020-08-01
10/15/2020 11:03:39 AM,201908,Other UK Airports,LYDD,0,3,Null,0,3,Null,0,0,Null,2020-08-01
10/15/2020 11:03:39 AM,201908,Other UK Airports,MANCHESTER,677821,3334136,-79.670265,677626,3332243,-79.664568,195,1893,-89.698891,2020-08-01
10/15/2020 11:03:39 AM,201908,Other UK Airports,NEWCASTLE,104989,602840,-82.584268,104936,602816,-82.592366,53,24,120.833333,2020-08-01
10/15/2020 11:03:39 AM,201908,Other UK Airports,NEWQUAY,7412,59066,-87.451326,7412,59066,-87.451326,0,0,Null,2020-08-01
10/15/2020 11:03:39 AM,201908,Other UK Airports,NORWICH,2784,60301,-95.383161,2784,60301,-95.383161,0,0,Null,2020-08-01
10/15/2020 11:03:39 AM,201908,Other UK Airports,OXFORD (KIDLINGTON),191,0,Null,191,0,Null,0,0,Null,2020-08-01
10/15/2020 11:03:39 AM,201908,Other UK Airports,PRESTWICK,12527,79283,-84.199639,12527,79283,-84.199639,0,0,Null,2020-08-01
10/15/2020 11:03:39 AM,201908,Other UK Airports,SCATSTA,0,9233,Null,0,9233,Null,0,0,Null,2020-08-01
10/15/2020 11:03:39 AM,201908,Other UK Airports,SOUTHAMPTON,11807,189732,-93.777012,11807,189732,-93.777012,0,0,Null,2020-08-01
10/15/2020 11:03:39 AM,201908,London Area Airports,SOUTHEND,34680,244582,-85.820706,34680,244582,-85.820706,0,0,Null,2020-08-01
10/15/2020 11:03:39 AM,201908,London Area Airports,STANSTED,901742,2865644,-68.532658,901664,2865644,-68.535380,78,0,Null,2020-08-01
10/15/2020 11:03:39 AM,201908,Other UK Airports,STORNOWAY,3822,12542,-69.526391,3601,12375,-70.901010,221,167,32.335329,2020-08-01
10/15/2020 11:03:39 AM,201908,Other UK Airports,SUMBURGH,11266,29220,-61.444216,10804,29220,-63.025325,462,0,Null,2020-08-01
10/15/2020 11:03:39 AM,201908,Other UK Airports,TEESSIDE INTERNATIONAL AIRPORT,2529,12301,-79.440696,2529,12284,-79.412244,0,17,Null,2020-08-01
10/15/2020 11:03:39 AM,201908,Other UK Airports,TIREE,914,1435,-36.306620,894,1428,-37.394958,20,7,185.714286,2020-08-01
10/15/2020 11:03:39 AM,201908,Other UK Airports,WICK JOHN O GROATS,0,957,Null,0,957,Null,0,0,Null,2020-08-01
11/9/2020 10:51:36 AM,201909,Other UK Airports,ABERDEEN,71159,261795,-72.818809,71159,261763,-72.815486,0,32,Null,2020-09-01
11/9/2020 10:51:36 AM,201909,Non UK Reporting Airports,ALDERNEY,4005,5028,-20.346062,4005,5028,-20.346062,0,0,Null,2020-09-01
11/9/2020 10:51:36 AM,201909,Other UK Airports,BARRA,930,1175,-20.851064,930,1175,-20.851064,0,0,Null,2020-09-01
11/9/2020 10:51:36 AM,201909,Other UK Airports,BELFAST CITY (GEORGE BEST),37011,207191,-82.136772,36988,207191,-82.147873,23,0,Null,2020-09-01
11/9/2020 10:51:36 AM,201909,Other UK Airports,BELFAST INTERNATIONAL,173407,577048,-69.949294,173407,576859,-69.939448,0,189,Null,2020-09-01
11/9/2020 10:51:36 AM,201909,Other UK Airports,BENBECULA,1279,2647,-51.681148,1259,2647,-52.436721,20,0,Null,2020-09-01
11/9/2020 10:51:36 AM,201909,Other UK Airports,BIGGIN HILL,225,215,4.651163,225,215,4.651163,0,0,Null,2020-09-01
11/9/2020 10:51:36 AM,201909,Other UK Airports,BIRMINGHAM,225131,1254144,-82.049031,224890,1253986,-82.065988,241,158,52.531646,2020-09-01
11/9/2020 10:51:36 AM,201909,Other UK Airports,BLACKPOOL,1341,1497,-10.420842,1341,1497,-10.420842,0,0,Null,2020-09-01
11/9/2020 10:51:36 AM,201909,Other UK Airports,BOURNEMOUTH,15971,93391,-82.898780,15971,93391,-82.898780,0,0,Null,2020-09-01
11/9/2020 10:51:36 AM,201909,Other UK Airports,BRISTOL,219719,928557,-76.337586,219701,927944,-76.323895,18,613,-97.063622,2020-09-01
11/9/2020 10:51:36 AM,201909,Other UK Airports,CAMPBELTOWN,314,616,-49.025974,285,616,-53.733766,29,0,Null,2020-09-01
11/9/2020 10:51:36 AM,201909,Other UK Airports,CARDIFF WALES,13725,188359,-92.713382,13725,188359,-92.713382,0,0,Null,2020-09-01
11/9/2020 10:51:36 AM,201909,Other UK Airports,CITY OF DERRY (EGLINTON),5596,16081,-65.201169,5596,16081,-65.201169,0,0,Null,2020-09-01
11/9/2020 10:51:36 AM,201909,Other UK Airports,DONCASTER SHEFFIELD,45531,159550,-71.462864,45531,159550,-71.462864,0,0,Null,2020-09-01
11/9/2020 10:51:36 AM,201909,Other UK Airports,DUNDEE,1317,1832,-28.111354,1317,1832,-28.111354,0,0,Null,2020-09-01
11/9/2020 10:51:36 AM,201909,Other UK Airports,EAST MIDLANDS INTERNATIONAL,104045,549935,-81.080491,104045,549650,-81.070681,0,285,Null,2020-09-01
11/9/2020 10:51:36 AM,201909,Other UK Airports,EDINBURGH,265630,1377614,-80.718111,265630,1377283,-80.713477,0,331,Null,2020-09-01
11/9/2020 10:51:36 AM,201909,Other UK Airports,EXETER,9528,103189,-90.766458,9528,103182,-90.765831,0,7,Null,2020-09-01
11/9/2020 10:51:36 AM,201909,London Area Airports,GATWICK,735307,4370314,-83.174962,735307,4370314,-83.174962,0,0,Null,2020-09-01
11/9/2020 10:51:36 AM,201909,Other UK Airports,GLASGOW,150736,882434,-82.918156,150521,882161,-82.937242,215,273,-21.245421,2020-09-01
11/9/2020 10:51:36 AM,201909,Non UK Reporting Airports,GUERNSEY,10396,85880,-87.894737,10396,83773,-87.590274,0,2107,Null,2020-09-01
11/9/2020 10:51:36 AM,201909,London Area Airports,HEATHROW,1256617,6777720,-81.459591,1256479,6777720,-81.461627,138,0,Null,2020-09-01
11/9/2020 10:51:36 AM,201909,Other UK Airports,HUMBERSIDE,2654,19439,-86.347034,2605,18874,-86.197944,49,565,-91.327434,2020-09-01
11/9/2020 10:51:36 AM,201909,Other UK Airports,INVERNESS,28154,91392,-69.194240,28050,91321,-69.284173,104,71,46.478873,2020-09-01
11/9/2020 10:51:36 AM,201909,Other UK Airports,ISLAY,939,3225,-70.883721,914,3215,-71.570762,25,10,150.000000,2020-09-01
11/9/2020 10:51:36 AM,201909,Non UK Reporting Airports,ISLE OF MAN,5046,71292,-92.922067,5046,71292,-92.922067,0,0,Null,2020-09-01
11/9/2020 10:51:36 AM,201909,Other UK Airports,ISLES OF SCILLY (ST.MARYS),8724,9695,-10.015472,8724,9695,-10.015472,0,0,Null,2020-09-01
11/9/2020 10:51:36 AM,201909,Non UK Reporting Airports,JERSEY,44148,171020,-74.185475,44148,167732,-73.679441,0,3288,Null,2020-09-01
11/9/2020 10:51:36 AM,201909,Other UK Airports,KIRKWALL,6175,15938,-61.256117,5174,14813,-65.071221,1001,1125,-11.022222,2020-09-01
11/9/2020 10:51:36 AM,201909,Other UK Airports,LANDS END (ST JUST),6337,5951,6.486305,6330,5925,6.835443,7,26,-73.076923,2020-09-01
11/9/2020 10:51:36 AM,201909,Other UK Airports,LEEDS BRADFORD,81482,446809,-81.763572,81474,446561,-81.755236,8,248,-96.774194,2020-09-01
11/9/2020 10:51:36 AM,201909,Other UK Airports,LERWICK (TINGWALL),157,358,-56.145251,157,358,-56.145251,0,0,Null,2020-09-01
11/9/2020 10:51:36 AM,201909,Other UK Airports,LIVERPOOL (JOHN LENNON),119783,459350,-73.923370,119783,459169,-73.913091,0,181,Null,2020-09-01
11/9/2020 10:51:36 AM,201909,London Area Airports,LONDON CITY,28472,471051,-93.955644,28472,471051,-93.955644,0,0,Null,2020-09-01
11/9/2020 10:51:36 AM,201909,London Area Airports,LUTON,586038,1733012,-66.183846,585641,1732824,-66.203088,397,188,111.170213,2020-09-01
11/9/2020 10:51:36 AM,201909,Other UK Airports,LYDD,0,3,Null,0,3,Null,0,0,Null,2020-09-01
11/9/2020 10:51:36 AM,201909,Other UK Airports,MANCHESTER,629834,2945698,-78.618514,629761,2944296,-78.610812,73,1402,-94.793153,2020-09-01
11/9/2020 10:51:36 AM,201909,Other UK Airports,NEWCASTLE,95560,557739,-82.866538,95453,557409,-82.875590,107,330,-67.575758,2020-09-01
11/9/2020 10:51:36 AM,201909,Other UK Airports,NEWQUAY,6507,43090,-84.899049,6507,43090,-84.899049,0,0,Null,2020-09-01
11/9/2020 10:51:36 AM,201909,Other UK Airports,NORWICH,9635,57507,-83.245518,9635,57507,-83.245518,0,0,Null,2020-09-01
11/9/2020 10:51:36 AM,201909,Other UK Airports,OXFORD (KIDLINGTON),74,0,Null,74,0,Null,0,0,Null,2020-09-01
11/9/2020 10:51:36 AM,201909,Other UK Airports,PRESTWICK,9023,77180,-88.309147,9023,76848,-88.258640,0,332,Null,2020-09-01
11/9/2020 10:51:36 AM,201909,Other UK Airports,SCATSTA,0,7906,Null,0,7906,Null,0,0,Null,2020-09-01
11/9/2020 10:51:36 AM,201909,Other UK Airports,SOUTHAMPTON,16699,164279,-89.834976,16699,164279,-89.834976,0,0,Null,2020-09-01
11/9/2020 10:51:36 AM,201909,London Area Airports,SOUTHEND,13202,210465,-93.727223,13202,210465,-93.727223,0,0,Null,2020-09-01
11/9/2020 10:51:36 AM,201909,London Area Airports,STANSTED,663683,2611175,-74.582975,663683,2611175,-74.582975,0,0,Null,2020-09-01
11/9/2020 10:51:36 AM,201909,Other UK Airports,STORNOWAY,3996,11773,-66.057929,3869,11648,-66.783997,127,125,1.600000,2020-09-01
11/9/2020 10:51:36 AM,201909,Other UK Airports,SUMBURGH,12262,26640,-53.971471,11897,26640,-55.341592,365,0,Null,2020-09-01
11/9/2020 10:51:36 AM,201909,Other UK Airports,TEESSIDE INTERNATIONAL AIRPORT,3333,14566,-77.117946,3199,14372,-77.741442,134,194,-30.927835,2020-09-01
11/9/2020 10:51:36 AM,201909,Other UK Airports,TIREE,896,1054,-14.990512,883,1052,-16.064639,13,2,550.000000,2020-09-01
11/9/2020 10:51:36 AM,201909,Other UK Airports,WICK JOHN O GROATS,0,947,Null,0,947,Null,0,0,Null,2020-09-01
12/8/2020 10:57:03 AM,201910,Other UK Airports,ABERDEEN,70224,269335,-73.926894,70223,269315,-73.925329,1,20,-95.000000,2020-10-01
12/8/2020 10:57:03 AM,201910,Non UK Reporting Airports,ALDERNEY,3441,4424,-22.219711,3441,4424,-22.219711,0,0,Null,2020-10-01
12/8/2020 10:57:03 AM,201910,Other UK Airports,BARRA,647,1349,-52.038547,647,1349,-52.038547,0,0,Null,2020-10-01
12/8/2020 10:57:03 AM,201910,Other UK Airports,BELFAST CITY (GEORGE BEST),37139,206968,-82.055680,37139,206968,-82.055680,0,0,Null,2020-10-01
12/8/2020 10:57:03 AM,201910,Other UK Airports,BELFAST INTERNATIONAL,109789,518039,-78.806808,109789,518039,-78.806808,0,0,Null,2020-10-01
12/8/2020 10:57:03 AM,201910,Other UK Airports,BENBECULA,916,3296,-72.208738,916,3296,-72.208738,0,0,Null,2020-10-01
12/8/2020 10:57:03 AM,201910,Other UK Airports,BIGGIN HILL,60,200,-70.000000,60,200,-70.000000,0,0,Null,2020-10-01
12/8/2020 10:57:03 AM,201910,Other UK Airports,BIRMINGHAM,144353,1103138,-86.914330,144240,1103138,-86.924573,113,0,Null,2020-10-01
12/8/2020 10:57:03 AM,201910,Other UK Airports,BLACKPOOL,852,1015,-16.059113,852,1015,-16.059113,0,0,Null,2020-10-01
12/8/2020 10:57:03 AM,201910,Other UK Airports,BOURNEMOUTH,7362,80686,-90.875741,7362,80506,-90.855340,0,180,Null,2020-10-01
12/8/2020 10:57:03 AM,201910,Other UK Airports,BRISTOL,105965,783871,-86.481832,105965,783315,-86.472237,0,556,Null,2020-10-01
12/8/2020 10:57:03 AM,201910,Other UK Airports,CAMPBELTOWN,256,669,-61.733931,225,665,-66.165414,31,4,675.000000,2020-10-01
12/8/2020 10:57:03 AM,201910,Other UK Airports,CARDIFF WALES,8417,137390,-93.873644,8417,137203,-93.865294,0,187,Null,2020-10-01
12/8/2020 10:57:03 AM,201910,Other UK Airports,CITY OF DERRY (EGLINTON),3631,18201,-80.050547,3631,18201,-80.050547,0,0,Null,2020-10-01
12/8/2020 10:57:03 AM,201910,Other UK Airports,DONCASTER SHEFFIELD,22831,134085,-82.972741,22738,134085,-83.042100,93,0,Null,2020-10-01
12/8/2020 10:57:03 AM,201910,Other UK Airports,DUNDEE,908,1878,-51.650692,908,1878,-51.650692,0,0,Null,2020-10-01
12/8/2020 10:57:03 AM,201910,Other UK Airports,EAST MIDLANDS INTERNATIONAL,65826,422608,-84.423863,65826,422608,-84.423863,0,0,Null,2020-10-01
12/8/2020 10:57:03 AM,201910,Other UK Airports,EDINBURGH,164389,1307999,-87.432024,163888,1307844,-87.468842,501,155,223.225806,2020-10-01
12/8/2020 10:57:03 AM,201910,Other UK Airports,EXETER,4280,91228,-95.308458,4280,91228,-95.308458,0,0,Null,2020-10-01
12/8/2020 10:57:03 AM,201910,London Area Airports,GATWICK,401240,3961699,-89.872022,401196,3961697,-89.873128,44,2,2100.000000,2020-10-01
12/8/2020 10:57:03 AM,201910,Other UK Airports,GLASGOW,106181,769900,-86.208469,105871,769900,-86.248734,310,0,Null,2020-10-01
12/8/2020 10:57:03 AM,201910,Other UK Airports,GLOUCESTERSHIRE,5,0,Null,5,0,Null,0,0,Null,2020-10-01
12/8/2020 10:57:03 AM,201910,Non UK Reporting Airports,GUERNSEY,7145,77208,-90.745778,7145,75224,-90.501702,0,1984,Null,2020-10-01
12/8/2020 10:57:03 AM,201910,London Area Airports,HEATHROW,1245550,6994478,-82.192381,1245508,6994212,-82.192304,42,266,-84.210526,2020-10-01
12/8/2020 10:57:03 AM,201910,Other UK Airports,HUMBERSIDE,2322,16905,-86.264419,2322,16819,-86.194185,0,86,Null,2020-10-01
12/8/2020 10:57:03 AM,201910,Other UK Airports,INVERNESS,22318,91393,-75.580187,22009,91360,-75.909588,309,33,836.363636,2020-10-01
12/8/2020 10:57:03 AM,201910,Other UK Airports,ISLAY,793,3320,-76.114458,781,3306,-76.376286,12,14,-14.285714,2020-10-01
12/8/2020 10:57:03 AM,201910,Non UK Reporting Airports,ISLE OF MAN,3096,70872,-95.631561,3096,70872,-95.631561,0,0,Null,2020-10-01
12/8/2020 10:57:03 AM,201910,Other UK Airports,ISLES OF SCILLY (ST.MARYS),7522,6701,12.251903,7522,6701,12.251903,0,0,Null,2020-10-01
12/8/2020 10:57:03 AM,201910,Non UK Reporting Airports,JERSEY,21322,155641,-86.300525,21322,152463,-86.014968,0,3178,Null,2020-10-01
12/8/2020 10:57:03 AM,201910,Other UK Airports,KIRKWALL,5270,15180,-65.283267,4445,14025,-68.306595,825,1155,-28.571429,2020-10-01
12/8/2020 10:57:03 AM,201910,Other UK Airports,LANDS END (ST JUST),5692,5035,13.048659,5679,4983,13.967489,13,52,-75.000000,2020-10-01
12/8/2020 10:57:03 AM,201910,Other UK Airports,LEEDS BRADFORD,41447,374295,-88.926649,41447,374295,-88.926649,0,0,Null,2020-10-01
12/8/2020 10:57:03 AM,201910,Other UK Airports,LERWICK (TINGWALL),171,426,-59.859155,171,426,-59.859155,0,0,Null,2020-10-01
12/8/2020 10:57:03 AM,201910,Other UK Airports,LIVERPOOL (JOHN LENNON),66247,460606,-85.617426,66247,460490,-85.613803,0,116,Null,2020-10-01
12/8/2020 10:57:03 AM,201910,London Area Airports,LONDON CITY,17966,462622,-96.116484,17966,462622,-96.116484,0,0,Null,2020-10-01
12/8/2020 10:57:03 AM,201910,London Area Airports,LUTON,302882,1662937,-81.786321,302882,1662937,-81.786321,0,0,Null,2020-10-01
12/8/2020 10:57:03 AM,201910,Other UK Airports,MANCHESTER,398175,2499153,-84.067602,398110,2497192,-84.057694,65,1961,-96.685365,2020-10-01
12/8/2020 10:57:03 AM,201910,Other UK Airports,NEWCASTLE,58909,469441,-87.451245,57238,469365,-87.805226,1671,76,2098.684211,2020-10-01
12/8/2020 10:57:03 AM,201910,Other UK Airports,NEWQUAY,6386,37340,-82.897697,6386,37340,-82.897697,0,0,Null,2020-10-01
12/8/2020 10:57:03 AM,201910,Other UK Airports,NORWICH,8929,52609,-83.027619,8929,52609,-83.027619,0,0,Null,2020-10-01
12/8/2020 10:57:03 AM,201910,Other UK Airports,OXFORD (KIDLINGTON),130,0,Null,130,0,Null,0,0,Null,2020-10-01
12/8/2020 10:57:03 AM,201910,Other UK Airports,PRESTWICK,6146,69348,-91.137452,6146,69347,-91.137324,0,1,Null,2020-10-01
12/8/2020 10:57:03 AM,201910,Other UK Airports,SCATSTA,0,9100,Null,0,9100,Null,0,0,Null,2020-10-01
12/8/2020 10:57:03 AM,201910,Other UK Airports,SOUTHAMPTON,10897,142607,-92.358720,10897,142607,-92.358720,0,0,Null,2020-10-01
12/8/2020 10:57:03 AM,201910,London Area Airports,SOUTHEND,6335,204123,-96.896479,6335,204123,-96.896479,0,0,Null,2020-10-01
12/8/2020 10:57:03 AM,201910,London Area Airports,STANSTED,399713,2485794,-83.920108,397500,2485794,-84.009134,2213,0,Null,2020-10-01
12/8/2020 10:57:03 AM,201910,Other UK Airports,STORNOWAY,3132,12355,-74.649939,3052,12189,-74.961030,80,166,-51.807229,2020-10-01
12/8/2020 10:57:03 AM,201910,Other UK Airports,SUMBURGH,12723,25641,-50.380250,12398,25641,-51.647752,325,0,Null,2020-10-01
12/8/2020 10:57:03 AM,201910,Other UK Airports,TEESSIDE INTERNATIONAL AIRPORT,2101,12967,-83.797332,2007,12967,-84.522249,94,0,Null,2020-10-01
12/8/2020 10:57:03 AM,201910,Other UK Airports,TIREE,540,965,-44.041451,527,933,-43.515541,13,32,-59.375000,2020-10-01
12/8/2020 10:57:03 AM,201910,Other UK Airports,WICK JOHN O GROATS,0,1119,Null,0,1119,Null,0,0,Null,2020-10-01
1/15/2021 9:37:18 AM,201911,Other UK Airports,ABERDEEN,53310,217174,-75.452863,53310,217174,-75.452863,0,0,Null,2020-11-01
1/15/2021 9:37:18 AM,201911,Non UK Reporting Airports,ALDERNEY,2944,3459,-14.888696,2944,3459,-14.888696,0,0,Null,2020-11-01
1/15/2021 9:37:18 AM,201911,Other UK Airports,BARRA,298,920,-67.608696,298,920,-67.608696,0,0,Null,2020-11-01
1/15/2021 9:37:18 AM,201911,Other UK Airports,BELFAST CITY (GEORGE BEST),26944,176285,-84.715659,26943,176285,-84.716227,1,0,Null,2020-11-01
1/15/2021 9:37:18 AM,201911,Other UK Airports,BELFAST INTERNATIONAL,36039,396660,-90.914385,36034,396660,-90.915646,5,0,Null,2020-11-01
1/15/2021 9:37:18 AM,201911,Other UK Airports,BENBECULA,755,2682,-71.849366,755,2682,-71.849366,0,0,Null,2020-11-01
1/15/2021 9:37:18 AM,201911,Other UK Airports,BIGGIN HILL,71,151,-52.980132,71,151,-52.980132,0,0,Null,2020-11-01
1/15/2021 9:37:18 AM,201911,Other UK Airports,BIRMINGHAM,54915,810622,-93.225572,54379,810573,-93.291289,536,49,993.877551,2020-11-01
1/15/2021 9:37:18 AM,201911,Other UK Airports,BLACKPOOL,785,1286,-38.958009,785,1286,-38.958009,0,0,Null,2020-11-01
1/15/2021 9:37:18 AM,201911,Other UK Airports,BOURNEMOUTH,2449,38489,-93.637143,2449,38489,-93.637143,0,0,Null,2020-11-01
1/15/2021 9:37:18 AM,201911,Other UK Airports,BRISTOL,25055,530960,-95.281189,24895,530511,-95.307355,160,449,-64.365256,2020-11-01
1/15/2021 9:37:18 AM,201911,Other UK Airports,CAMPBELTOWN,286,616,-53.571429,195,613,-68.189233,91,3,2933.333333,2020-11-01
1/15/2021 9:37:18 AM,201911,Other UK Airports,CARDIFF WALES,2541,81380,-96.877611,2541,81371,-96.877266,0,9,Null,2020-11-01
1/15/2021 9:37:18 AM,201911,Other UK Airports,CITY OF DERRY (EGLINTON),5580,18005,-69.008609,5580,18005,-69.008609,0,0,Null,2020-11-01
1/15/2021 9:37:18 AM,201911,Other UK Airports,DONCASTER SHEFFIELD,6706,69562,-90.359679,6706,69562,-90.359679,0,0,Null,2020-11-01
1/15/2021 9:37:18 AM,201911,Other UK Airports,DUNDEE,434,1839,-76.400218,434,1839,-76.400218,0,0,Null,2020-11-01
1/15/2021 9:37:18 AM,201911,Other UK Airports,EAST MIDLANDS INTERNATIONAL,14136,208175,-93.209559,14136,207894,-93.200381,0,281,Null,2020-11-01
1/15/2021 9:37:18 AM,201911,Other UK Airports,EDINBURGH,71664,999652,-92.831105,71606,999503,-92.835839,58,149,-61.073826,2020-11-01
1/15/2021 9:37:18 AM,201911,Other UK Airports,EXETER,1200,59215,-97.973486,1171,59215,-98.022461,29,0,Null,2020-11-01
1/15/2021 9:37:18 AM,201911,London Area Airports,GATWICK,101945,2965844,-96.562699,101342,2965723,-96.582891,603,121,398.347107,2020-11-01
1/15/2021 9:37:18 AM,201911,Other UK Airports,GLASGOW,50439,580092,-91.305000,50246,579919,-91.335687,193,173,11.560694,2020-11-01
1/15/2021 9:37:18 AM,201911,Non UK Reporting Airports,GUERNSEY,5027,68516,-92.663028,5027,66761,-92.470155,0,1755,Null,2020-11-01
1/15/2021 9:37:18 AM,201911,London Area Airports,HEATHROW,746954,6233861,-88.017795,746954,6233583,-88.017261,0,278,Null,2020-11-01
1/15/2021 9:37:18 AM,201911,Other UK Airports,HUMBERSIDE,1247,14009,-91.098579,1247,13994,-91.089038,0,15,Null,2020-11-01
1/15/2021 9:37:18 AM,201911,Other UK Airports,INVERNESS,4578,61791,-92.591154,4463,61791,-92.777265,115,0,Null,2020-11-01
1/15/2021 9:37:18 AM,201911,Other UK Airports,ISLAY,595,2217,-73.161931,542,2202,-75.386013,53,15,253.333333,2020-11-01
1/15/2021 9:37:18 AM,201911,Non UK Reporting Airports,ISLE OF MAN,1878,65817,-97.146634,1878,65817,-97.146634,0,0,Null,2020-11-01
1/15/2021 9:37:18 AM,201911,Other UK Airports,ISLES OF SCILLY (ST.MARYS),1326,2907,-54.385965,1326,2907,-54.385965,0,0,Null,2020-11-01
1/15/2021 9:37:18 AM,201911,Non UK Reporting Airports,JERSEY,5117,117553,-95.647070,5117,114961,-95.548925,0,2592,Null,2020-11-01
1/15/2021 9:37:18 AM,201911,Other UK Airports,KIRKWALL,4006,12500,-67.952000,3611,11822,-69.455253,395,678,-41.740413,2020-11-01
1/15/2021 9:37:18 AM,201911,Other UK Airports,LANDS END (ST JUST),1314,2695,-51.243043,1314,2672,-50.823353,0,23,Null,2020-11-01
1/15/2021 9:37:18 AM,201911,Other UK Airports,LEEDS BRADFORD,11221,213095,-94.734273,11221,213095,-94.734273,0,0,Null,2020-11-01
1/15/2021 9:37:18 AM,201911,Other UK Airports,LERWICK (TINGWALL),111,211,-47.393365,111,211,-47.393365,0,0,Null,2020-11-01
1/15/2021 9:37:18 AM,201911,Other UK Airports,LIVERPOOL (JOHN LENNON),21081,325066,-93.514855,21081,324692,-93.507385,0,374,Null,2020-11-01
1/15/2021 9:37:18 AM,201911,London Area Airports,LONDON CITY,7934,414675,-98.086694,7934,414675,-98.086694,0,0,Null,2020-11-01
1/15/2021 9:37:18 AM,201911,London Area Airports,LUTON,106894,1142045,-90.640124,106894,1142045,-90.640124,0,0,Null,2020-11-01
1/15/2021 9:37:18 AM,201911,Other UK Airports,MANCHESTER,166002,1827028,-90.914097,165820,1824478,-90.911373,182,2550,-92.862745,2020-11-01
1/15/2021 9:37:18 AM,201911,Other UK Airports,NEWCASTLE,17305,302153,-94.272769,17056,302088,-94.353963,249,65,283.076923,2020-11-01
1/15/2021 9:37:18 AM,201911,Other UK Airports,NEWQUAY,550,24625,-97.766497,550,24625,-97.766497,0,0,Null,2020-11-01
1/15/2021 9:37:18 AM,201911,Other UK Airports,NORWICH,7602,28704,-73.515886,7602,28704,-73.515886,0,0,Null,2020-11-01
1/15/2021 9:37:18 AM,201911,Other UK Airports,PRESTWICK,2252,22037,-89.780823,2251,21639,-89.597486,1,398,-99.748744,2020-11-01
1/15/2021 9:37:18 AM,201911,Other UK Airports,SCATSTA,0,9633,Null,0,9633,Null,0,0,Null,2020-11-01
1/15/2021 9:37:18 AM,201911,Other UK Airports,SOUTHAMPTON,4925,121436,-95.944366,4925,121436,-95.944366,0,0,Null,2020-11-01
1/15/2021 9:37:18 AM,201911,London Area Airports,SOUTHEND,1190,132744,-99.103538,1190,132744,-99.103538,0,0,Null,2020-11-01
1/15/2021 9:37:18 AM,201911,London Area Airports,STANSTED,160991,1887916,-91.472555,160758,1887916,-91.484897,233,0,Null,2020-11-01
1/15/2021 9:37:18 AM,201911,Other UK Airports,STORNOWAY,2353,10902,-78.416804,2276,10733,-78.794372,77,169,-54.437870,2020-11-01
1/15/2021 9:37:18 AM,201911,Other UK Airports,SUMBURGH,11616,18347,-36.687197,11426,18347,-37.722788,190,0,Null,2020-11-01
1/15/2021 9:37:18 AM,201911,Other UK Airports,TEESSIDE INTERNATIONAL AIRPORT,1353,11467,-88.200924,1008,11273,-91.058281,345,194,77.835052,2020-11-01
1/15/2021 9:37:18 AM,201911,Other UK Airports,TIREE,336,773,-56.532988,315,763,-58.715596,21,10,110.000000,2020-11-01
1/15/2021 9:37:18 AM,201911,Other UK Airports,WICK JOHN O GROATS,0,868,Null,0,868,Null,0,0,Null,2020-11-01
2/15/2021 9:44:24 AM,201912,Other UK Airports,ABERDEEN,58939,212838,-72.308046,58939,212838,-72.308046,0,0,Null,2020-12-01
2/15/2021 9:44:24 AM,201912,Non UK Reporting Airports,ALDERNEY,2392,3487,-31.402352,2392,3487,-31.402352,0,0,Null,2020-12-01
2/15/2021 9:44:24 AM,201912,Other UK Airports,BARRA,256,856,-70.093458,256,856,-70.093458,0,0,Null,2020-12-01
2/15/2021 9:44:24 AM,201912,Other UK Airports,BELFAST CITY (GEORGE BEST),34333,161919,-78.796188,34333,161919,-78.796188,0,0,Null,2020-12-01
2/15/2021 9:44:24 AM,201912,Other UK Airports,BELFAST INTERNATIONAL,77765,406574,-80.873101,77635,406574,-80.905075,130,0,Null,2020-12-01
2/15/2021 9:44:24 AM,201912,Other UK Airports,BENBECULA,1081,2451,-55.895553,884,2451,-63.933089,197,0,Null,2020-12-01
2/15/2021 9:44:24 AM,201912,Other UK Airports,BIGGIN HILL,200,143,39.860140,200,143,39.860140,0,0,Null,2020-12-01
2/15/2021 9:44:24 AM,201912,Other UK Airports,BIRMINGHAM,83740,814379,-89.717318,82710,813931,-89.838205,1030,448,129.910714,2020-12-01
2/15/2021 9:44:24 AM,201912,Other UK Airports,BLACKPOOL,0,1485,Null,0,1485,Null,0,0,Null,2020-12-01
2/15/2021 9:44:24 AM,201912,Other UK Airports,BOURNEMOUTH,2469,44293,-94.425756,2469,44293,-94.425756,0,0,Null,2020-12-01
2/15/2021 9:44:24 AM,201912,Other UK Airports,BRISTOL,50704,591238,-91.424097,50472,590844,-91.457644,232,394,-41.116751,2020-12-01
2/15/2021 9:44:24 AM,201912,Other UK Airports,CAMPBELTOWN,206,456,-54.824561,140,452,-69.026549,66,4,1550.000000,2020-12-01
2/15/2021 9:44:24 AM,201912,Other UK Airports,CARDIFF WALES,832,77686,-98.929022,832,77382,-98.924815,0,304,Null,2020-12-01
2/15/2021 9:44:24 AM,201912,Other UK Airports,CITY OF DERRY (EGLINTON),5964,18419,-67.620392,5964,18419,-67.620392,0,0,Null,2020-12-01
2/15/2021 9:44:24 AM,201912,Other UK Airports,DONCASTER SHEFFIELD,11222,76701,-85.369161,11199,76701,-85.399147,23,0,Null,2020-12-01
2/15/2021 9:44:24 AM,201912,Other UK Airports,DUNDEE,498,1633,-69.503980,498,1633,-69.503980,0,0,Null,2020-12-01
2/15/2021 9:44:24 AM,201912,Other UK Airports,EAST MIDLANDS INTERNATIONAL,15357,206980,-92.580443,15015,206791,-92.739046,342,189,80.952381,2020-12-01
2/15/2021 9:44:24 AM,201912,Other UK Airports,EDINBURGH,87301,1048297,-91.672112,87128,1048297,-91.688615,173,0,Null,2020-12-01
2/15/2021 9:44:24 AM,201912,Other UK Airports,EXETER,1871,60664,-96.915798,1690,60664,-97.214163,181,0,Null,2020-12-01
2/15/2021 9:44:24 AM,201912,London Area Airports,GATWICK,204922,3368967,-93.917364,204648,3368600,-93.924835,274,367,-25.340599,2020-12-01
2/15/2021 9:44:24 AM,201912,Other UK Airports,GLASGOW,54792,558145,-90.183196,54543,557898,-90.223482,249,247,0.809717,2020-12-01
2/15/2021 9:44:24 AM,201912,Non UK Reporting Airports,GUERNSEY,5375,66049,-91.862102,5375,64290,-91.639446,0,1759,Null,2020-12-01
2/15/2021 9:44:24 AM,201912,London Area Airports,HEATHROW,1143561,6696079,-82.921931,1143417,6696079,-82.924081,144,0,Null,2020-12-01
2/15/2021 9:44:24 AM,201912,Other UK Airports,HUMBERSIDE,1230,13697,-91.019931,1230,13697,-91.019931,0,0,Null,2020-12-01
2/15/2021 9:44:24 AM,201912,Other UK Airports,INVERNESS,5266,63618,-91.722468,5048,63618,-92.065139,218,0,Null,2020-12-01
2/15/2021 9:44:24 AM,201912,Other UK Airports,ISLAY,408,1725,-76.347826,374,1722,-78.281069,34,3,1033.333333,2020-12-01
2/15/2021 9:44:24 AM,201912,Non UK Reporting Airports,ISLE OF MAN,1789,67466,-97.348294,1789,67466,-97.348294,0,0,Null,2020-12-01
2/15/2021 9:44:24 AM,201912,Other UK Airports,ISLES OF SCILLY (ST.MARYS),1948,3317,-41.272234,1948,3317,-41.272234,0,0,Null,2020-12-01
2/15/2021 9:44:24 AM,201912,Non UK Reporting Airports,JERSEY,8983,120440,-92.541514,8983,117857,-92.378051,0,2583,Null,2020-12-01
2/15/2021 9:44:24 AM,201912,Other UK Airports,KIRKWALL,3801,11798,-67.782675,3331,11194,-70.242987,470,604,-22.185430,2020-12-01
2/15/2021 9:44:24 AM,201912,Other UK Airports,LANDS END (ST JUST),1971,2856,-30.987395,1971,2855,-30.963222,0,1,Null,2020-12-01
2/15/2021 9:44:24 AM,201912,Other UK Airports,LEEDS BRADFORD,16740,189607,-91.171212,16705,189607,-91.189671,35,0,Null,2020-12-01
2/15/2021 9:44:24 AM,201912,Other UK Airports,LERWICK (TINGWALL),87,125,-30.400000,87,125,-30.400000,0,0,Null,2020-12-01
2/15/2021 9:44:24 AM,201912,Other UK Airports,LIVERPOOL (JOHN LENNON),33942,348399,-90.257722,33942,348399,-90.257722,0,0,Null,2020-12-01
2/15/2021 9:44:24 AM,201912,London Area Airports,LONDON CITY,11188,368803,-96.966402,11188,368803,-96.966402,0,0,Null,2020-12-01
2/15/2021 9:44:24 AM,201912,London Area Airports,LUTON,191389,1360463,-85.932069,191366,1360463,-85.933759,23,0,Null,2020-12-01
2/15/2021 9:44:24 AM,201912,Other UK Airports,MANCHESTER,247729,1968052,-87.412477,247089,1965330,-87.427608,640,2722,-76.487877,2020-12-01
2/15/2021 9:44:24 AM,201912,Other UK Airports,NEWCASTLE,30385,291749,-89.585226,30253,291712,-89.629155,132,37,256.756757,2020-12-01
2/15/2021 9:44:24 AM,201912,Other UK Airports,NEWQUAY,864,24470,-96.469146,864,24470,-96.469146,0,0,Null,2020-12-01
2/15/2021 9:44:24 AM,201912,Other UK Airports,NORWICH,6831,27968,-75.575658,6831,27968,-75.575658,0,0,Null,2020-12-01
2/15/2021 9:44:24 AM,201912,Other UK Airports,PRESTWICK,1523,20982,-92.741397,1523,20976,-92.739321,0,6,Null,2020-12-01
2/15/2021 9:44:24 AM,201912,Other UK Airports,SCATSTA,0,8167,Null,0,8167,Null,0,0,Null,2020-12-01
2/15/2021 9:44:24 AM,201912,Other UK Airports,SOUTHAMPTON,4967,118827,-95.819974,4967,118827,-95.819974,0,0,Null,2020-12-01
2/15/2021 9:44:24 AM,201912,London Area Airports,SOUTHEND,1244,148819,-99.164085,1244,148819,-99.164085,0,0,Null,2020-12-01
2/15/2021 9:44:24 AM,201912,London Area Airports,STANSTED,198373,1995287,-90.057921,198254,1995287,-90.063886,119,0,Null,2020-12-01
2/15/2021 9:44:24 AM,201912,Other UK Airports,STORNOWAY,2325,9743,-76.136714,2221,9652,-76.989225,104,91,14.285714,2020-12-01
2/15/2021 9:44:24 AM,201912,Other UK Airports,SUMBURGH,11226,17298,-35.102324,11055,17280,-36.024306,171,18,850.000000,2020-12-01
2/15/2021 9:44:24 AM,201912,Other UK Airports,TEESSIDE INTERNATIONAL AIRPORT,1302,10939,-88.097632,936,10810,-91.341351,366,129,183.720930,2020-12-01
2/15/2021 9:44:24 AM,201912,Other UK Airports,TIREE,242,651,-62.826421,230,638,-63.949843,12,13,-7.692308,2020-12-01
2/15/2021 9:44:24 AM,201912,Other UK Airports,WICK JOHN O GROATS,0,842,Null,0,842,Null,0,0,Null,2020-12-01
4/1/2021 10:34:07 AM,202001,Other UK Airports,ABERDEEN,45816,198248,-76.889552,45816,198248,-76.889552,0,0,Null,2021-01-01
4/1/2021 10:34:07 AM,202001,Non UK Reporting Airports,ALDERNEY,1521,2860,-46.818182,1521,2860,-46.818182,0,0,Null,2021-01-01
4/1/2021 10:34:07 AM,202001,Other UK Airports,BARRA,144,741,-80.566802,144,741,-80.566802,0,0,Null,2021-01-01
4/1/2021 10:34:07 AM,202001,Other UK Airports,BELFAST CITY (GEORGE BEST),18471,141536,-86.949610,18471,141536,-86.949610,0,0,Null,2021-01-01
4/1/2021 10:34:07 AM,202001,Other UK Airports,BELFAST INTERNATIONAL,29163,380056,-92.326657,29163,380056,-92.326657,0,0,Null,2021-01-01
4/1/2021 10:34:07 AM,202001,Other UK Airports,BENBECULA,1237,2322,-46.726960,617,2322,-73.428079,620,0,Null,2021-01-01
4/1/2021 10:34:07 AM,202001,Other UK Airports,BIGGIN HILL,83,114,-27.192982,83,114,-27.192982,0,0,Null,2021-01-01
4/1/2021 10:34:07 AM,202001,Other UK Airports,BIRMINGHAM,33967,776704,-95.626777,33967,775830,-95.621850,0,874,Null,2021-01-01
4/1/2021 10:34:07 AM,202001,Other UK Airports,BLACKPOOL,0,1546,Null,0,1546,Null,0,0,Null,2021-01-01
4/1/2021 10:34:07 AM,202001,Other UK Airports,BOURNEMOUTH,822,43582,-98.113900,822,43582,-98.113900,0,0,Null,2021-01-01
4/1/2021 10:34:07 AM,202001,Other UK Airports,BRISTOL,18484,535312,-96.547060,18484,534796,-96.543729,0,516,Null,2021-01-01
4/1/2021 10:34:07 AM,202001,Other UK Airports,CAMPBELTOWN,67,345,-80.579710,62,345,-82.028986,5,0,Null,2021-01-01
4/1/2021 10:34:07 AM,202001,Other UK Airports,CARDIFF WALES,591,68227,-99.133774,591,68137,-99.132630,0,90,Null,2021-01-01
4/1/2021 10:34:07 AM,202001,Other UK Airports,CITY OF DERRY (EGLINTON),1111,15199,-92.690309,1111,15199,-92.690309,0,0,Null,2021-01-01
4/1/2021 10:34:07 AM,202001,Other UK Airports,DONCASTER SHEFFIELD,5153,67400,-92.354599,5130,67400,-92.388724,23,0,Null,2021-01-01
4/1/2021 10:34:07 AM,202001,Other UK Airports,DUNDEE,4,1661,-99.759181,4,1661,-99.759181,0,0,Null,2021-01-01
4/1/2021 10:34:07 AM,202001,Other UK Airports,EAST MIDLANDS INTERNATIONAL,4802,190585,-97.480389,4802,190585,-97.480389,0,0,Null,2021-01-01
4/1/2021 10:34:07 AM,202001,Other UK Airports,EDINBURGH,43413,934654,-95.355180,43413,934321,-95.353524,0,333,Null,2021-01-01
4/1/2021 10:34:07 AM,202001,Other UK Airports,EXETER,502,51091,-99.017439,502,51091,-99.017439,0,0,Null,2021-01-01
4/1/2021 10:34:07 AM,202001,London Area Airports,GATWICK,88358,2892920,-96.945716,88224,2892466,-96.949869,134,454,-70.484581,2021-01-01
4/1/2021 10:34:07 AM,202001,Other UK Airports,GLASGOW,29068,511436,-94.316395,29068,511436,-94.316395,0,0,Null,2021-01-01
4/1/2021 10:34:07 AM,202001,Non UK Reporting Airports,GUERNSEY,3305,52888,-93.750945,3305,50978,-93.516811,0,1910,Null,2021-01-01
4/1/2021 10:34:07 AM,202001,London Area Airports,HEATHROW,677356,6099240,-88.894420,677356,6099084,-88.894136,0,156,Null,2021-01-01
4/1/2021 10:34:07 AM,202001,Other UK Airports,HUMBERSIDE,1357,12736,-89.345163,1357,12712,-89.325047,0,24,Null,2021-01-01
4/1/2021 10:34:07 AM,202001,Other UK Airports,INVERNESS,1128,50437,-97.763547,1128,50437,-97.763547,0,0,Null,2021-01-01
4/1/2021 10:34:07 AM,202001,Other UK Airports,ISLAY,142,1488,-90.456989,141,1481,-90.479406,1,7,-85.714286,2021-01-01
4/1/2021 10:34:07 AM,202001,Non UK Reporting Airports,ISLE OF MAN,1218,54597,-97.769108,1218,54597,-97.769108,0,0,Null,2021-01-01
4/1/2021 10:34:07 AM,202001,Other UK Airports,ISLES OF SCILLY (ST.MARYS),627,2588,-75.772798,627,2588,-75.772798,0,0,Null,2021-01-01
4/1/2021 10:34:07 AM,202001,Non UK Reporting Airports,JERSEY,5665,96872,-94.152077,5665,94772,-94.022496,0,2100,Null,2021-01-01
4/1/2021 10:34:07 AM,202001,Other UK Airports,KIRKWALL,2722,10902,-75.032104,2073,10398,-80.063474,649,504,28.769841,2021-01-01
4/1/2021 10:34:07 AM,202001,Other UK Airports,LANDS END (ST JUST),617,2360,-73.855932,617,2333,-73.553365,0,27,Null,2021-01-01
4/1/2021 10:34:07 AM,202001,Other UK Airports,LEEDS BRADFORD,4775,174305,-97.260549,4775,174305,-97.260549,0,0,Null,2021-01-01
4/1/2021 10:34:07 AM,202001,Other UK Airports,LERWICK (TINGWALL),11,114,-90.350877,11,114,-90.350877,0,0,Null,2021-01-01
4/1/2021 10:34:07 AM,202001,Other UK Airports,LIVERPOOL (JOHN LENNON),16099,309883,-94.804813,16099,309536,-94.798989,0,347,Null,2021-01-01
4/1/2021 10:34:07 AM,202001,London Area Airports,LONDON CITY,6474,334774,-98.066158,6474,334774,-98.066158,0,0,Null,2021-01-01
4/1/2021 10:34:07 AM,202001,London Area Airports,LUTON,118405,1210489,-90.218416,118274,1210489,-90.229238,131,0,Null,2021-01-01
4/1/2021 10:34:07 AM,202001,Other UK Airports,MANCHESTER,126963,1776827,-92.854510,126921,1775043,-92.849694,42,1784,-97.645740,2021-01-01
4/1/2021 10:34:07 AM,202001,Other UK Airports,NEWCASTLE,11257,266438,-95.775002,11197,266008,-95.790728,60,430,-86.046512,2021-01-01
4/1/2021 10:34:07 AM,202001,Other UK Airports,NEWQUAY,126,19773,-99.362767,126,19773,-99.362767,0,0,Null,2021-01-01
4/1/2021 10:34:07 AM,202001,Other UK Airports,NORWICH,5604,25235,-77.792748,5604,25235,-77.792748,0,0,Null,2021-01-01
4/1/2021 10:34:07 AM,202001,Other UK Airports,OXFORD (KIDLINGTON),5,0,Null,5,0,Null,0,0,Null,2021-01-01
4/1/2021 10:34:07 AM,202001,Other UK Airports,PRESTWICK,491,17851,-97.249454,491,17849,-97.249146,0,2,Null,2021-01-01
4/1/2021 10:34:07 AM,202001,Other UK Airports,SCATSTA,0,8718,Null,0,8718,Null,0,0,Null,2021-01-01
4/1/2021 10:34:07 AM,202001,Other UK Airports,SOUTHAMPTON,2949,100912,-97.077652,2949,100912,-97.077652,0,0,Null,2021-01-01
4/1/2021 10:34:07 AM,202001,London Area Airports,SOUTHEND,447,124462,-99.640854,447,124462,-99.640854,0,0,Null,2021-01-01
4/1/2021 10:34:07 AM,202001,London Area Airports,STANSTED,104477,1903595,-94.511595,104477,1903595,-94.511595,0,0,Null,2021-01-01
4/1/2021 10:34:07 AM,202001,Other UK Airports,STORNOWAY,1488,8834,-83.155988,1403,8712,-83.895776,85,122,-30.327869,2021-01-01
4/1/2021 10:34:07 AM,202001,Other UK Airports,SUMBURGH,8756,15517,-43.571567,8704,15517,-43.906683,52,0,Null,2021-01-01
4/1/2021 10:34:07 AM,202001,Other UK Airports,TEESSIDE INTERNATIONAL AIRPORT,970,10402,-90.674870,697,10190,-93.159961,273,212,28.773585,2021-01-01
4/1/2021 10:34:07 AM,202001,Other UK Airports,TIREE,113,583,-80.617496,107,553,-80.650995,6,30,-80.000000,2021-01-01
4/1/2021 10:34:07 AM,202001,Other UK Airports,WICK JOHN O GROATS,0,697,Null,0,697,Null,0,0,Null,2021-01-01
4/15/2021 8:52:38 AM,202002,Other UK Airports,ABERDEEN,41538,193002,-78.477943,41538,193002,-78.477943,0,0,Null,2021-02-01
4/15/2021 8:52:38 AM,202002,Non UK Reporting Airports,ALDERNEY,153,2821,-94.576391,153,2821,-94.576391,0,0,Null,2021-02-01
4/15/2021 8:52:38 AM,202002,Other UK Airports,BARRA,185,829,-77.683957,183,829,-77.925211,2,0,Null,2021-02-01
4/15/2021 8:52:38 AM,202002,Other UK Airports,BELFAST CITY (GEORGE BEST),14559,148662,-90.206643,14559,148662,-90.206643,0,0,Null,2021-02-01
4/15/2021 8:52:38 AM,202002,Other UK Airports,BELFAST INTERNATIONAL,24480,394255,-93.790821,24480,394255,-93.790821,0,0,Null,2021-02-01
4/15/2021 8:52:38 AM,202002,Other UK Airports,BENBECULA,1195,2728,-56.195015,551,2728,-79.802053,644,0,Null,2021-02-01
4/15/2021 8:52:38 AM,202002,Other UK Airports,BIGGIN HILL,96,220,-56.363636,96,220,-56.363636,0,0,Null,2021-02-01
4/15/2021 8:52:38 AM,202002,Other UK Airports,BIRMINGHAM,12082,788402,-98.467533,12082,787782,-98.466327,0,620,Null,2021-02-01
4/15/2021 8:52:38 AM,202002,Other UK Airports,BLACKPOOL,0,1480,Null,0,1480,Null,0,0,Null,2021-02-01
4/15/2021 8:52:38 AM,202002,Other UK Airports,BOURNEMOUTH,41,42354,-99.903197,41,42354,-99.903197,0,0,Null,2021-02-01
4/15/2021 8:52:38 AM,202002,Other UK Airports,BRISTOL,4182,560768,-99.254237,4182,560250,-99.253548,0,518,Null,2021-02-01
4/15/2021 8:52:38 AM,202002,Other UK Airports,CAMPBELTOWN,52,372,-86.021505,49,356,-86.235955,3,16,-81.250000,2021-02-01
4/15/2021 8:52:38 AM,202002,Other UK Airports,CARDIFF WALES,1354,77681,-98.256974,1354,77028,-98.242198,0,653,Null,2021-02-01
4/15/2021 8:52:38 AM,202002,Other UK Airports,CITY OF DERRY (EGLINTON),1147,16296,-92.961463,1147,16296,-92.961463,0,0,Null,2021-02-01
4/15/2021 8:52:38 AM,202002,Other UK Airports,DONCASTER SHEFFIELD,3703,63474,-94.166115,3703,63347,-94.154419,0,127,Null,2021-02-01
4/15/2021 8:52:38 AM,202002,Other UK Airports,DUNDEE,0,1592,Null,0,1592,Null,0,0,Null,2021-02-01
4/15/2021 8:52:38 AM,202002,Other UK Airports,EAST MIDLANDS INTERNATIONAL,151,196356,-99.923099,151,196356,-99.923099,0,0,Null,2021-02-01
4/15/2021 8:52:38 AM,202002,Other UK Airports,EDINBURGH,19483,934960,-97.916168,19483,934798,-97.915806,0,162,Null,2021-02-01
4/15/2021 8:52:38 AM,202002,Other UK Airports,EXETER,238,54319,-99.561848,238,54206,-99.560934,0,113,Null,2021-02-01
4/15/2021 8:52:38 AM,202002,London Area Airports,GATWICK,32747,2959577,-98.893524,32747,2959388,-98.893454,0,189,Null,2021-02-01
4/15/2021 8:52:38 AM,202002,Other UK Airports,GLASGOW,16119,528433,-96.949661,16119,528433,-96.949661,0,0,Null,2021-02-01
4/15/2021 8:52:38 AM,202002,Non UK Reporting Airports,GUERNSEY,991,57863,-98.287334,991,55909,-98.227477,0,1954,Null,2021-02-01
4/15/2021 8:52:38 AM,202002,London Area Airports,HEATHROW,461188,5441756,-91.525015,461188,5441556,-91.524704,0,200,Null,2021-02-01
4/15/2021 8:52:38 AM,202002,Other UK Airports,HUMBERSIDE,1090,12425,-91.227364,1090,12425,-91.227364,0,0,Null,2021-02-01
4/15/2021 8:52:38 AM,202002,Other UK Airports,INVERNESS,373,54094,-99.310460,373,54094,-99.310460,0,0,Null,2021-02-01
4/15/2021 8:52:38 AM,202002,Other UK Airports,ISLAY,182,1933,-90.584584,181,1899,-90.468668,1,34,-97.058824,2021-02-01
4/15/2021 8:52:38 AM,202002,Non UK Reporting Airports,ISLE OF MAN,963,57519,-98.325771,963,57519,-98.325771,0,0,Null,2021-02-01
4/15/2021 8:52:38 AM,202002,Other UK Airports,ISLES OF SCILLY (ST.MARYS),649,2990,-78.294314,649,2990,-78.294314,0,0,Null,2021-02-01
4/15/2021 8:52:38 AM,202002,Non UK Reporting Airports,JERSEY,2864,105857,-97.294463,2864,103563,-97.234534,0,2294,Null,2021-02-01
4/15/2021 8:52:38 AM,202002,Other UK Airports,KIRKWALL,3063,11249,-72.770913,2431,10673,-77.222899,632,576,9.722222,2021-02-01
4/15/2021 8:52:38 AM,202002,Other UK Airports,LANDS END (ST JUST),649,2713,-76.078142,649,2647,-75.481677,0,66,Null,2021-02-01
4/15/2021 8:52:38 AM,202002,Other UK Airports,LEEDS BRADFORD,905,183068,-99.505648,905,183068,-99.505648,0,0,Null,2021-02-01
4/15/2021 8:52:38 AM,202002,Other UK Airports,LERWICK (TINGWALL),37,141,-73.758865,37,141,-73.758865,0,0,Null,2021-02-01
4/15/2021 8:52:38 AM,202002,Other UK Airports,LIVERPOOL (JOHN LENNON),8337,337319,-97.528452,8337,336920,-97.525525,0,399,Null,2021-02-01
4/15/2021 8:52:38 AM,202002,London Area Airports,LONDON CITY,3796,352594,-98.923408,3796,352594,-98.923408,0,0,Null,2021-02-01
4/15/2021 8:52:38 AM,202002,London Area Airports,LUTON,96972,1146483,-91.541785,96972,1146483,-91.541785,0,0,Null,2021-02-01
4/15/2021 8:52:38 AM,202002,Other UK Airports,MANCHESTER,78076,1780682,-95.615388,78060,1779116,-95.612428,16,1566,-98.978289,2021-02-01
4/15/2021 8:52:38 AM,202002,Other UK Airports,NEWCASTLE,4596,275057,-98.329074,4596,274815,-98.327602,0,242,Null,2021-02-01
4/15/2021 8:52:38 AM,202002,Other UK Airports,NEWQUAY,0,18829,Null,0,18829,Null,0,0,Null,2021-02-01
4/15/2021 8:52:38 AM,202002,Other UK Airports,NORWICH,5369,24367,-77.966102,5369,24367,-77.966102,0,0,Null,2021-02-01
4/15/2021 8:52:38 AM,202002,Other UK Airports,PRESTWICK,1,17158,-99.994172,1,16982,-99.994111,0,176,Null,2021-02-01
4/15/2021 8:52:38 AM,202002,Other UK Airports,SCATSTA,0,8090,Null,0,8090,Null,0,0,Null,2021-02-01
4/15/2021 8:52:38 AM,202002,Other UK Airports,SOUTHAMPTON,1864,107169,-98.260691,1864,107102,-98.259603,0,67,Null,2021-02-01
4/15/2021 8:52:38 AM,202002,London Area Airports,SOUTHEND,0,130246,Null,0,130246,Null,0,0,Null,2021-02-01
4/15/2021 8:52:38 AM,202002,London Area Airports,STANSTED,35058,1872261,-98.127505,35058,1872261,-98.127505,0,0,Null,2021-02-01
4/15/2021 8:52:38 AM,202002,Other UK Airports,STORNOWAY,1338,9746,-86.271291,1223,9591,-87.248462,115,155,-25.806452,2021-02-01
4/15/2021 8:52:38 AM,202002,Other UK Airports,SUMBURGH,8943,15456,-42.138975,8886,15456,-42.507764,57,0,Null,2021-02-01
4/15/2021 8:52:38 AM,202002,Other UK Airports,TEESSIDE INTERNATIONAL AIRPORT,1522,10609,-85.653690,1172,10450,-88.784689,350,159,120.125786,2021-02-01
4/15/2021 8:52:38 AM,202002,Other UK Airports,TIREE,158,610,-74.098361,142,604,-76.490066,16,6,166.666667,2021-02-01
4/15/2021 8:52:38 AM,202002,Other UK Airports,WICK JOHN O GROATS,0,794,Null,0,794,Null,0,0,Null,2021-02-01
5/25/2021 9:43:24 AM,202003,Other UK Airports,ABERDEEN,53831,114926,-53.160294,53831,114926,-53.160294,0,0,Null,2021-03-01
5/25/2021 9:43:24 AM,202003,Non UK Reporting Airports,ALDERNEY,1021,1996,-48.847695,1021,1996,-48.847695,0,0,Null,2021-03-01
5/25/2021 9:43:24 AM,202003,Other UK Airports,BARRA,221,695,-68.201439,221,695,-68.201439,0,0,Null,2021-03-01
5/25/2021 9:43:24 AM,202003,Other UK Airports,BELFAST CITY (GEORGE BEST),17166,45212,-62.032204,17166,45212,-62.032204,0,0,Null,2021-03-01
5/25/2021 9:43:24 AM,202003,Other UK Airports,BELFAST INTERNATIONAL,41776,241743,-82.718838,41776,241743,-82.718838,0,0,Null,2021-03-01
5/25/2021 9:43:24 AM,202003,Other UK Airports,BENBECULA,1598,1796,-11.024499,767,1753,-56.246435,831,43,1832.558140,2021-03-01
5/25/2021 9:43:24 AM,202003,Other UK Airports,BIGGIN HILL,253,55,360.000000,253,55,360.000000,0,0,Null,2021-03-01
5/25/2021 9:43:24 AM,202003,Other UK Airports,BIRMINGHAM,17885,388491,-95.396290,17885,388300,-95.394025,0,191,Null,2021-03-01
5/25/2021 9:43:24 AM,202003,Other UK Airports,BLACKPOOL,0,1000,Null,0,1000,Null,0,0,Null,2021-03-01
5/25/2021 9:43:24 AM,202003,Other UK Airports,BOURNEMOUTH,0,22876,Null,0,22876,Null,0,0,Null,2021-03-01
5/25/2021 9:43:24 AM,202003,Other UK Airports,BRISTOL,6102,297168,-97.946616,6102,296999,-97.945448,0,169,Null,2021-03-01
5/25/2021 9:43:24 AM,202003,Other UK Airports,CAMPBELTOWN,104,342,-69.590643,100,321,-68.847352,4,21,-80.952381,2021-03-01
5/25/2021 9:43:24 AM,202003,Other UK Airports,CARDIFF WALES,1669,29346,-94.312683,1669,29346,-94.312683,0,0,Null,2021-03-01
5/25/2021 9:43:24 AM,202003,Other UK Airports,CITY OF DERRY (EGLINTON),1831,9905,-81.514387,1831,9905,-81.514387,0,0,Null,2021-03-01
5/25/2021 9:43:24 AM,202003,Other UK Airports,DONCASTER SHEFFIELD,3771,36441,-89.651766,3771,36441,-89.651766,0,0,Null,2021-03-01
5/25/2021 9:43:24 AM,202003,Other UK Airports,DUNDEE,0,815,Null,0,815,Null,0,0,Null,2021-03-01
5/25/2021 9:43:24 AM,202003,Other UK Airports,EAST MIDLANDS INTERNATIONAL,71,106493,-99.933329,71,106430,-99.933289,0,63,Null,2021-03-01
5/25/2021 9:43:24 AM,202003,Other UK Airports,EDINBURGH,20946,498300,-95.796508,20946,498300,-95.796508,0,0,Null,2021-03-01
5/25/2021 9:43:24 AM,202003,Other UK Airports,EXETER,323,15390,-97.901235,323,15383,-97.900280,0,7,Null,2021-03-01
5/25/2021 9:43:24 AM,202003,London Area Airports,GATWICK,35417,1650987,-97.854798,35417,1650987,-97.854798,0,0,Null,2021-03-01
5/25/2021 9:43:24 AM,202003,Other UK Airports,GLASGOW,22221,293928,-92.439985,22221,293928,-92.439985,0,0,Null,2021-03-01
5/25/2021 9:43:24 AM,202003,Non UK Reporting Airports,GUERNSEY,2351,28619,-91.785178,2351,28379,-91.715705,0,240,Null,2021-03-01
5/25/2021 9:43:24 AM,202003,London Area Airports,HEATHROW,541703,3107151,-82.565926,541669,3107013,-82.566246,34,138,-75.362319,2021-03-01
5/25/2021 9:43:24 AM,202003,Other UK Airports,HUMBERSIDE,1575,6437,-75.532080,1557,6312,-75.332700,18,125,-85.600000,2021-03-01
5/25/2021 9:43:24 AM,202003,Other UK Airports,INVERNESS,476,33384,-98.574167,476,33384,-98.574167,0,0,Null,2021-03-01
5/25/2021 9:43:24 AM,202003,Other UK Airports,ISLAY,297,1296,-77.083333,292,1284,-77.258567,5,12,-58.333333,2021-03-01
5/25/2021 9:43:24 AM,202003,Non UK Reporting Airports,ISLE OF MAN,1584,27652,-94.271662,1584,27652,-94.271662,0,0,Null,2021-03-01
5/25/2021 9:43:24 AM,202003,Other UK Airports,ISLES OF SCILLY (ST.MARYS),1251,2872,-56.441504,1251,2872,-56.441504,0,0,Null,2021-03-01
5/25/2021 9:43:24 AM,202003,Non UK Reporting Airports,JERSEY,4473,55083,-91.879527,4473,54750,-91.830137,0,333,Null,2021-03-01
5/25/2021 9:43:24 AM,202003,Other UK Airports,KIRKWALL,4505,7863,-42.706346,3478,7460,-53.378016,1027,403,154.838710,2021-03-01
5/25/2021 9:43:24 AM,202003,Other UK Airports,LANDS END (ST JUST),1251,3376,-62.944313,1251,3372,-62.900356,0,4,Null,2021-03-01
5/25/2021 9:43:24 AM,202003,Other UK Airports,LEEDS BRADFORD,782,104403,-99.250979,782,104403,-99.250979,0,0,Null,2021-03-01
5/25/2021 9:43:24 AM,202003,Other UK Airports,LERWICK (TINGWALL),82,163,-49.693252,82,163,-49.693252,0,0,Null,2021-03-01
5/25/2021 9:43:24 AM,202003,Other UK Airports,LIVERPOOL (JOHN LENNON),7463,187670,-96.023339,7463,187670,-96.023339,0,0,Null,2021-03-01
5/25/2021 9:43:24 AM,202003,London Area Airports,LONDON CITY,4317,120595,-96.420250,4317,120595,-96.420250,0,0,Null,2021-03-01
5/25/2021 9:43:24 AM,202003,London Area Airports,LUTON,102107,591360,-82.733529,102107,591360,-82.733529,0,0,Null,2021-03-01
5/25/2021 9:43:24 AM,202003,Other UK Airports,MANCHESTER,94577,943219,-89.972954,94571,942255,-89.963333,6,964,-99.377593,2021-03-01
5/25/2021 9:43:24 AM,202003,Other UK Airports,NEWCASTLE,8074,160185,-94.959578,8074,160033,-94.954791,0,152,Null,2021-03-01
5/25/2021 9:43:24 AM,202003,Other UK Airports,NEWQUAY,0,5169,Null,0,5169,Null,0,0,Null,2021-03-01
5/25/2021 9:43:24 AM,202003,Other UK Airports,NORWICH,6779,14860,-54.380888,6779,14860,-54.380888,0,0,Null,2021-03-01
5/25/2021 9:43:24 AM,202003,Other UK Airports,PRESTWICK,59,10262,-99.425063,31,10262,-99.697915,28,0,Null,2021-03-01
5/25/2021 9:43:24 AM,202003,Other UK Airports,SCATSTA,0,6795,Null,0,6795,Null,0,0,Null,2021-03-01
5/25/2021 9:43:24 AM,202003,Other UK Airports,SOUTHAMPTON,2968,24186,-87.728438,2968,24186,-87.728438,0,0,Null,2021-03-01
5/25/2021 9:43:24 AM,202003,London Area Airports,SOUTHEND,0,68607,Null,0,68607,Null,0,0,Null,2021-03-01
5/25/2021 9:43:24 AM,202003,London Area Airports,STANSTED,44774,877410,-94.897026,44774,877316,-94.896480,0,94,Null,2021-03-01
5/25/2021 9:43:24 AM,202003,Other UK Airports,STORNOWAY,1817,6525,-72.153257,1709,6428,-73.413192,108,97,11.340206,2021-03-01
5/25/2021 9:43:24 AM,202003,Other UK Airports,SUMBURGH,10876,10168,6.963021,10788,10124,6.558672,88,44,100.000000,2021-03-01
5/25/2021 9:43:24 AM,202003,Other UK Airports,TEESSIDE INTERNATIONAL AIRPORT,2022,5304,-61.877828,1559,5215,-70.105465,463,89,420.224719,2021-03-01
5/25/2021 9:43:24 AM,202003,Other UK Airports,TIREE,180,674,-73.293769,173,657,-73.668189,7,17,-58.823529,2021-03-01
5/25/2021 9:43:24 AM,202003,Other UK Airports,WICK JOHN O GROATS,0,414,Null,0,414,Null,0,0,Null,2021-03-01
6/11/2021 12:18:52 PM,202004,Other UK Airports,ABERDEEN,57388,32964,74.092950,57388,32964,74.092950,0,0,Null,2021-04-01
6/11/2021 12:18:52 PM,202004,Non UK Reporting Airports,ALDERNEY,4080,120,3300.000000,4080,120,3300.000000,0,0,Null,2021-04-01
6/11/2021 12:18:52 PM,202004,Other UK Airports,BARRA,389,69,463.768116,389,69,463.768116,0,0,Null,2021-04-01
6/11/2021 12:18:52 PM,202004,Other UK Airports,BELFAST CITY (GEORGE BEST),28751,2503,1048.661606,28751,2503,1048.661606,0,0,Null,2021-04-01
6/11/2021 12:18:52 PM,202004,Other UK Airports,BELFAST INTERNATIONAL,55416,0,Null,55416,0,Null,0,0,Null,2021-04-01
6/11/2021 12:18:52 PM,202004,Other UK Airports,BENBECULA,1994,152,1211.842105,960,42,2185.714286,1034,110,840.000000,2021-04-01
6/11/2021 12:18:52 PM,202004,Other UK Airports,BIGGIN HILL,96,30,220.000000,96,30,220.000000,0,0,Null,2021-04-01
6/11/2021 12:18:52 PM,202004,Other UK Airports,BIRMINGHAM,27288,4768,472.315436,27288,4768,472.315436,0,0,Null,2021-04-01
6/11/2021 12:18:52 PM,202004,Other UK Airports,BLACKPOOL,0,650,Null,0,650,Null,0,0,Null,2021-04-01
6/11/2021 12:18:52 PM,202004,Other UK Airports,BOURNEMOUTH,85,0,Null,85,0,Null,0,0,Null,2021-04-01
6/11/2021 12:18:52 PM,202004,Other UK Airports,BRISTOL,12886,357,3509.523810,12886,357,3509.523810,0,0,Null,2021-04-01
6/11/2021 12:18:52 PM,202004,Other UK Airports,CAMPBELTOWN,119,8,1387.500000,115,7,1542.857143,4,1,300.000000,2021-04-01
6/11/2021 12:18:52 PM,202004,Other UK Airports,CARDIFF WALES,502,0,Null,502,0,Null,0,0,Null,2021-04-01
6/11/2021 12:18:52 PM,202004,Other UK Airports,CITY OF DERRY (EGLINTON),3360,166,1924.096386,3360,166,1924.096386,0,0,Null,2021-04-01
6/11/2021 12:18:52 PM,202004,Other UK Airports,DONCASTER SHEFFIELD,4297,643,568.273717,4297,643,568.273717,0,0,Null,2021-04-01
6/11/2021 12:18:52 PM,202004,Other UK Airports,DUNDEE,239,0,Null,239,0,Null,0,0,Null,2021-04-01
6/11/2021 12:18:52 PM,202004,Other UK Airports,EAST MIDLANDS INTERNATIONAL,78,59,32.203390,78,59,32.203390,0,0,Null,2021-04-01
6/11/2021 12:18:52 PM,202004,Other UK Airports,EDINBURGH,32444,5381,502.936257,32444,5381,502.936257,0,0,Null,2021-04-01
6/11/2021 12:18:52 PM,202004,Other UK Airports,EXETER,1617,0,Null,1617,0,Null,0,0,Null,2021-04-01
6/11/2021 12:18:52 PM,202004,London Area Airports,GATWICK,48687,9435,416.025437,48687,9435,416.025437,0,0,Null,2021-04-01
6/11/2021 12:18:52 PM,202004,Other UK Airports,GLASGOW,30872,4059,660.581424,30872,4059,660.581424,0,0,Null,2021-04-01
6/11/2021 12:18:52 PM,202004,Non UK Reporting Airports,GUERNSEY,5860,613,855.954323,5860,613,855.954323,0,0,Null,2021-04-01
6/11/2021 12:18:52 PM,202004,London Area Airports,HEATHROW,536040,206600,159.457890,536040,206600,159.457890,0,0,Null,2021-04-01
6/11/2021 12:18:52 PM,202004,Other UK Airports,HUMBERSIDE,1514,639,136.932707,1501,639,134.898279,13,0,Null,2021-04-01
6/11/2021 12:18:52 PM,202004,Other UK Airports,INVERNESS,1848,0,Null,1670,0,Null,178,0,Null,2021-04-01
6/11/2021 12:18:52 PM,202004,Other UK Airports,ISLAY,309,57,442.105263,304,57,433.333333,5,0,Null,2021-04-01
6/11/2021 12:18:52 PM,202004,Non UK Reporting Airports,ISLE OF MAN,1452,241,502.489627,1452,241,502.489627,0,0,Null,2021-04-01
6/11/2021 12:18:52 PM,202004,Other UK Airports,ISLES OF SCILLY (ST.MARYS),4016,135,2874.814815,4016,135,2874.814815,0,0,Null,2021-04-01
6/11/2021 12:18:52 PM,202004,Non UK Reporting Airports,JERSEY,7036,802,777.306733,7036,802,777.306733,0,0,Null,2021-04-01
6/11/2021 12:18:52 PM,202004,Other UK Airports,KIRKWALL,4317,782,452.046036,3220,617,421.880065,1097,165,564.848485,2021-04-01
6/11/2021 12:18:52 PM,202004,Other UK Airports,LANDS END (ST JUST),3181,135,2256.296296,3181,135,2256.296296,0,0,Null,2021-04-01
6/11/2021 12:18:52 PM,202004,Other UK Airports,LEEDS BRADFORD,1205,0,Null,1205,0,Null,0,0,Null,2021-04-01
6/11/2021 12:18:52 PM,202004,Other UK Airports,LERWICK (TINGWALL),141,17,729.411765,141,17,729.411765,0,0,Null,2021-04-01
6/11/2021 12:18:52 PM,202004,Other UK Airports,LIVERPOOL (JOHN LENNON),11230,862,1202.784223,11230,862,1202.784223,0,0,Null,2021-04-01
6/11/2021 12:18:52 PM,202004,London Area Airports,LONDON CITY,10839,0,Null,10839,0,Null,0,0,Null,2021-04-01
6/11/2021 12:18:52 PM,202004,London Area Airports,LUTON,108743,14183,666.713671,108743,14183,666.713671,0,0,Null,2021-04-01
6/11/2021 12:18:52 PM,202004,Other UK Airports,MANCHESTER,80822,23732,240.561267,80822,23732,240.561267,0,0,Null,2021-04-01
6/11/2021 12:18:52 PM,202004,Other UK Airports,NEWCASTLE,13120,916,1332.314410,13120,916,1332.314410,0,0,Null,2021-04-01
6/11/2021 12:18:52 PM,202004,Other UK Airports,NEWQUAY,32,0,Null,32,0,Null,0,0,Null,2021-04-01
6/11/2021 12:18:52 PM,202004,Other UK Airports,NORWICH,7414,4016,84.611554,7414,4016,84.611554,0,0,Null,2021-04-01
6/11/2021 12:18:52 PM,202004,Other UK Airports,OXFORD (KIDLINGTON),110,0,Null,110,0,Null,0,0,Null,2021-04-01
6/11/2021 12:18:52 PM,202004,Other UK Airports,PRESTWICK,0,1,Null,0,1,Null,0,0,Null,2021-04-01
6/11/2021 12:18:52 PM,202004,Other UK Airports,SCATSTA,0,4795,Null,0,4795,Null,0,0,Null,2021-04-01
6/11/2021 12:18:52 PM,202004,Other UK Airports,SOUTHAMPTON,4590,1172,291.638225,4590,1172,291.638225,0,0,Null,2021-04-01
6/11/2021 12:18:52 PM,202004,London Area Airports,SOUTHEND,0,141,Null,0,141,Null,0,0,Null,2021-04-01
6/11/2021 12:18:52 PM,202004,London Area Airports,STANSTED,84826,13721,518.220246,84826,13692,519.529652,0,29,Null,2021-04-01
6/11/2021 12:18:52 PM,202004,Other UK Airports,STORNOWAY,2184,275,694.181818,2069,265,680.754717,115,10,1050.000000,2021-04-01
6/11/2021 12:18:52 PM,202004,Other UK Airports,SUMBURGH,11453,1194,859.212730,11373,909,1151.155116,80,285,-71.929825,2021-04-01
6/11/2021 12:18:52 PM,202004,Other UK Airports,TEESSIDE INTERNATIONAL AIRPORT,2346,0,Null,1887,0,Null,459,0,Null,2021-04-01
6/11/2021 12:18:52 PM,202004,Other UK Airports,TIREE,251,18,1294.444444,244,15,1526.666667,7,3,133.333333,2021-04-01
7/14/2021 10:52:05 AM,202005,Other UK Airports,ABERDEEN,71808,33330,115.445545,71808,33330,115.445545,0,0,Null,2021-05-01
7/14/2021 10:52:05 AM,202005,Non UK Reporting Airports,ALDERNEY,4251,203,1994.088670,4251,203,1994.088670,0,0,Null,2021-05-01
7/14/2021 10:52:05 AM,202005,Other UK Airports,BARRA,1211,71,1605.633803,1211,71,1605.633803,0,0,Null,2021-05-01
7/14/2021 10:52:05 AM,202005,Other UK Airports,BELFAST CITY (GEORGE BEST),37665,5132,633.924396,37665,5132,633.924396,0,0,Null,2021-05-01
7/14/2021 10:52:05 AM,202005,Other UK Airports,BELFAST INTERNATIONAL,116925,0,Null,116925,0,Null,0,0,Null,2021-05-01
7/14/2021 10:52:05 AM,202005,Other UK Airports,BENBECULA,2092,243,760.905350,1620,94,1623.404255,472,149,216.778523,2021-05-01
7/14/2021 10:52:05 AM,202005,Other UK Airports,BIGGIN HILL,204,32,537.500000,204,32,537.500000,0,0,Null,2021-05-01
7/14/2021 10:52:05 AM,202005,Other UK Airports,BIRMINGHAM,49722,6184,704.042691,49680,6184,703.363519,42,0,Null,2021-05-01
7/14/2021 10:52:05 AM,202005,Other UK Airports,BLACKPOOL,0,341,Null,0,341,Null,0,0,Null,2021-05-01
7/14/2021 10:52:05 AM,202005,Other UK Airports,BOURNEMOUTH,1657,0,Null,1657,0,Null,0,0,Null,2021-05-01
7/14/2021 10:52:05 AM,202005,Other UK Airports,BRISTOL,42600,774,5403.875969,42600,774,5403.875969,0,0,Null,2021-05-01
7/14/2021 10:52:05 AM,202005,Other UK Airports,CAMPBELTOWN,473,20,2265.000000,305,13,2246.153846,168,7,2300.000000,2021-05-01
7/14/2021 10:52:05 AM,202005,Other UK Airports,CARDIFF WALES,1188,72,1550.000000,1188,72,1550.000000,0,0,Null,2021-05-01
7/14/2021 10:52:05 AM,202005,Other UK Airports,CITY OF DERRY (EGLINTON),4469,946,372.410148,4469,946,372.410148,0,0,Null,2021-05-01
7/14/2021 10:52:05 AM,202005,Other UK Airports,DONCASTER SHEFFIELD,8676,284,2954.929577,8676,284,2954.929577,0,0,Null,2021-05-01
7/14/2021 10:52:05 AM,202005,Other UK Airports,DUNDEE,1354,0,Null,1354,0,Null,0,0,Null,2021-05-01
7/14/2021 10:52:05 AM,202005,Other UK Airports,EAST MIDLANDS INTERNATIONAL,1971,0,Null,1971,0,Null,0,0,Null,2021-05-01
7/14/2021 10:52:05 AM,202005,Other UK Airports,EDINBURGH,80572,9566,742.274723,80572,9566,742.274723,0,0,Null,2021-05-01
7/14/2021 10:52:05 AM,202005,Other UK Airports,EXETER,4608,0,Null,4608,0,Null,0,0,Null,2021-05-01
7/14/2021 10:52:05 AM,202005,London Area Airports,GATWICK,133481,7031,1798.463945,133465,7031,1798.236382,16,0,Null,2021-05-01
7/14/2021 10:52:05 AM,202005,Other UK Airports,GLASGOW,76721,2790,2649.856631,76721,2790,2649.856631,0,0,Null,2021-05-01
7/14/2021 10:52:05 AM,202005,Non UK Reporting Airports,GUERNSEY,7687,1036,641.988417,7687,1036,641.988417,0,0,Null,2021-05-01
7/14/2021 10:52:05 AM,202005,London Area Airports,HEATHROW,675375,228158,196.011974,675214,228018,196.123113,161,140,15.000000,2021-05-01
7/14/2021 10:52:05 AM,202005,Other UK Airports,HUMBERSIDE,1661,692,140.028902,1661,692,140.028902,0,0,Null,2021-05-01
7/14/2021 10:52:05 AM,202005,Other UK Airports,INVERNESS,13627,0,Null,13423,0,Null,204,0,Null,2021-05-01
7/14/2021 10:52:05 AM,202005,Other UK Airports,ISLAY,1035,92,1025.000000,976,92,960.869565,59,0,Null,2021-05-01
7/14/2021 10:52:05 AM,202005,Non UK Reporting Airports,ISLE OF MAN,2701,414,552.415459,2701,414,552.415459,0,0,Null,2021-05-01
7/14/2021 10:52:05 AM,202005,Other UK Airports,ISLES OF SCILLY (ST.MARYS),8123,219,3609.132420,8123,219,3609.132420,0,0,Null,2021-05-01
7/14/2021 10:52:05 AM,202005,Non UK Reporting Airports,JERSEY,25990,1125,2210.222222,25990,1125,2210.222222,0,0,Null,2021-05-01
7/14/2021 10:52:05 AM,202005,Other UK Airports,KIRKWALL,5691,914,522.647702,5160,641,704.992200,531,273,94.505495,2021-05-01
7/14/2021 10:52:05 AM,202005,Other UK Airports,LANDS END (ST JUST),5562,219,2439.726027,5562,219,2439.726027,0,0,Null,2021-05-01
7/14/2021 10:52:05 AM,202005,Other UK Airports,LEEDS BRADFORD,4126,0,Null,4126,0,Null,0,0,Null,2021-05-01
7/14/2021 10:52:05 AM,202005,Other UK Airports,LERWICK (TINGWALL),242,4,5950.000000,242,4,5950.000000,0,0,Null,2021-05-01
7/14/2021 10:52:05 AM,202005,Other UK Airports,LIVERPOOL (JOHN LENNON),28298,1008,2707.341270,28298,1008,2707.341270,0,0,Null,2021-05-01
7/14/2021 10:52:05 AM,202005,London Area Airports,LONDON CITY,18981,0,Null,18981,0,Null,0,0,Null,2021-05-01
7/14/2021 10:52:05 AM,202005,London Area Airports,LUTON,184761,34731,431.977196,184761,34731,431.977196,0,0,Null,2021-05-01
7/14/2021 10:52:05 AM,202005,Other UK Airports,MANCHESTER,118770,18753,533.338666,118770,18750,533.440000,0,3,Null,2021-05-01
7/14/2021 10:52:05 AM,202005,Other UK Airports,NEWCASTLE,22687,67,33761.194030,22651,67,33707.462687,36,0,Null,2021-05-01
7/14/2021 10:52:05 AM,202005,Other UK Airports,NEWQUAY,2875,0,Null,2875,0,Null,0,0,Null,2021-05-01
7/14/2021 10:52:05 AM,202005,Other UK Airports,NORWICH,8345,4450,87.528090,8345,4450,87.528090,0,0,Null,2021-05-01
7/14/2021 10:52:05 AM,202005,Other UK Airports,OXFORD (KIDLINGTON),50,0,Null,50,0,Null,0,0,Null,2021-05-01
7/14/2021 10:52:05 AM,202005,Other UK Airports,PRESTWICK,293,4,7225.000000,293,1,29200.000000,0,3,Null,2021-05-01
7/14/2021 10:52:05 AM,202005,Other UK Airports,SCATSTA,0,4099,Null,0,4099,Null,0,0,Null,2021-05-01
7/14/2021 10:52:05 AM,202005,Other UK Airports,SOUTHAMPTON,11929,1891,530.830249,11929,1891,530.830249,0,0,Null,2021-05-01
7/14/2021 10:52:05 AM,202005,London Area Airports,SOUTHEND,107,179,-40.223464,107,179,-40.223464,0,0,Null,2021-05-01
7/14/2021 10:52:05 AM,202005,London Area Airports,STANSTED,145581,20471,611.157247,145581,20471,611.157247,0,0,Null,2021-05-01
7/14/2021 10:52:05 AM,202005,Other UK Airports,STORNOWAY,4566,362,1161.325967,4148,331,1153.172205,418,31,1248.387097,2021-05-01
7/14/2021 10:52:05 AM,202005,Other UK Airports,SUMBURGH,12892,1527,744.269810,12560,1237,915.359741,332,290,14.482759,2021-05-01
7/14/2021 10:52:05 AM,202005,Other UK Airports,TEESSIDE INTERNATIONAL AIRPORT,3787,0,Null,3216,0,Null,571,0,Null,2021-05-01
7/14/2021 10:52:05 AM,202005,Other UK Airports,TIREE,741,29,2455.172414,728,19,3731.578947,13,10,30.000000,2021-05-01
7/14/2021 10:52:05 AM,202005,Other UK Airports,WICK JOHN O GROATS,0,8,Null,0,8,Null,0,0,Null,2021-05-01
8/16/2021 11:17:33 AM,202006,Other UK Airports,ABERDEEN,88602,42525,108.352734,88602,42525,108.352734,0,0,Null,2021-06-01
8/16/2021 11:17:33 AM,202006,Non UK Reporting Airports,ALDERNEY,3617,917,294.438386,3617,917,294.438386,0,0,Null,2021-06-01
8/16/2021 11:17:33 AM,202006,Other UK Airports,BARRA,1397,143,876.923077,1397,132,958.333333,0,11,Null,2021-06-01
8/16/2021 11:17:33 AM,202006,Other UK Airports,BELFAST CITY (GEORGE BEST),68887,10856,534.552321,68887,10856,534.552321,0,0,Null,2021-06-01
8/16/2021 11:17:33 AM,202006,Other UK Airports,BELFAST INTERNATIONAL,174616,14896,1072.234157,174616,14896,1072.234157,0,0,Null,2021-06-01
8/16/2021 11:17:33 AM,202006,Other UK Airports,BENBECULA,2166,538,302.602230,2010,193,941.450777,156,345,-54.782609,2021-06-01
8/16/2021 11:17:33 AM,202006,Other UK Airports,BIGGIN HILL,184,150,22.666667,184,150,22.666667,0,0,Null,2021-06-01
8/16/2021 11:17:33 AM,202006,Other UK Airports,BIRMINGHAM,94065,13594,591.959688,93964,13568,592.541274,101,26,288.461538,2021-06-01
8/16/2021 11:17:33 AM,202006,Other UK Airports,BLACKPOOL,0,1463,Null,0,1463,Null,0,0,Null,2021-06-01
8/16/2021 11:17:33 AM,202006,Other UK Airports,BOURNEMOUTH,9501,255,3625.882353,9501,255,3625.882353,0,0,Null,2021-06-01
8/16/2021 11:17:33 AM,202006,Other UK Airports,BRISTOL,86857,4214,1961.153299,86607,4185,1969.462366,250,29,762.068966,2021-06-01
8/16/2021 11:17:33 AM,202006,Other UK Airports,CAMPBELTOWN,525,34,1444.117647,337,16,2006.250000,188,18,944.444444,2021-06-01
8/16/2021 11:17:33 AM,202006,Other UK Airports,CARDIFF WALES,4334,194,2134.020619,4334,194,2134.020619,0,0,Null,2021-06-01
8/16/2021 11:17:33 AM,202006,Other UK Airports,CITY OF DERRY (EGLINTON),7396,1454,408.665750,7396,1454,408.665750,0,0,Null,2021-06-01
8/16/2021 11:17:33 AM,202006,Other UK Airports,DONCASTER SHEFFIELD,12938,349,3607.163324,12938,349,3607.163324,0,0,Null,2021-06-01
8/16/2021 11:17:33 AM,202006,Other UK Airports,DUNDEE,2105,0,Null,2105,0,Null,0,0,Null,2021-06-01
8/16/2021 11:17:33 AM,202006,Other UK Airports,EAST MIDLANDS INTERNATIONAL,20995,1141,1740.052585,20748,1141,1718.404908,247,0,Null,2021-06-01
8/16/2021 11:17:33 AM,202006,Other UK Airports,EDINBURGH,176464,19050,826.320210,176464,19050,826.320210,0,0,Null,2021-06-01
8/16/2021 11:17:33 AM,202006,Other UK Airports,EXETER,8974,0,Null,8974,0,Null,0,0,Null,2021-06-01
8/16/2021 11:17:33 AM,202006,London Area Airports,GATWICK,233821,28910,708.789346,233672,28910,708.273954,149,0,Null,2021-06-01
8/16/2021 11:17:33 AM,202006,Other UK Airports,GLASGOW,132554,11476,1055.054026,132554,11476,1055.054026,0,0,Null,2021-06-01
8/16/2021 11:17:33 AM,202006,Non UK Reporting Airports,GUERNSEY,8645,2554,238.488645,8645,2554,238.488645,0,0,Null,2021-06-01
8/16/2021 11:17:33 AM,202006,London Area Airports,HEATHROW,956862,350425,173.057573,956681,349607,173.644692,181,818,-77.872861,2021-06-01
8/16/2021 11:17:33 AM,202006,Other UK Airports,HUMBERSIDE,2263,1023,121.212121,2263,1023,121.212121,0,0,Null,2021-06-01
8/16/2021 11:17:33 AM,202006,Other UK Airports,INVERNESS,35413,749,4628.037383,35394,749,4625.500668,19,0,Null,2021-06-01
8/16/2021 11:17:33 AM,202006,Other UK Airports,ISLAY,1300,137,848.905109,1222,131,832.824427,78,6,1200.000000,2021-06-01
8/16/2021 11:17:33 AM,202006,Non UK Reporting Airports,ISLE OF MAN,5230,871,500.459242,5230,871,500.459242,0,0,Null,2021-06-01
8/16/2021 11:17:33 AM,202006,Other UK Airports,ISLES OF SCILLY (ST.MARYS),8995,476,1789.705882,8995,476,1789.705882,0,0,Null,2021-06-01
8/16/2021 11:17:33 AM,202006,Non UK Reporting Airports,JERSEY,56967,2451,2224.235006,56967,2451,2224.235006,0,0,Null,2021-06-01
8/16/2021 11:17:33 AM,202006,Other UK Airports,KIRKWALL,8669,1502,477.163782,7346,1034,610.444874,1323,468,182.692308,2021-06-01
8/16/2021 11:17:33 AM,202006,Other UK Airports,LANDS END (ST JUST),5998,476,1160.084034,5972,476,1154.621849,26,0,Null,2021-06-01
8/16/2021 11:17:33 AM,202006,Other UK Airports,LEEDS BRADFORD,14359,234,6036.324786,14359,234,6036.324786,0,0,Null,2021-06-01
8/16/2021 11:17:33 AM,202006,Other UK Airports,LERWICK (TINGWALL),369,30,1130.000000,369,30,1130.000000,0,0,Null,2021-06-01
8/16/2021 11:17:33 AM,202006,Other UK Airports,LIVERPOOL (JOHN LENNON),63320,7544,739.342524,63320,7544,739.342524,0,0,Null,2021-06-01
8/16/2021 11:17:33 AM,202006,London Area Airports,LONDON CITY,31530,103,30511.650485,31530,103,30511.650485,0,0,Null,2021-06-01
8/16/2021 11:17:33 AM,202006,London Area Airports,LUTON,261999,63457,312.876436,261999,63457,312.876436,0,0,Null,2021-06-01
8/16/2021 11:17:33 AM,202006,Other UK Airports,MANCHESTER,204947,39924,413.342851,204947,39924,413.342851,0,0,Null,2021-06-01
8/16/2021 11:17:33 AM,202006,Other UK Airports,NEWCASTLE,39032,4840,706.446281,38987,4809,710.709087,45,31,45.161290,2021-06-01
8/16/2021 11:17:33 AM,202006,Other UK Airports,NEWQUAY,10999,0,Null,10999,0,Null,0,0,Null,2021-06-01
8/16/2021 11:17:33 AM,202006,Other UK Airports,NORWICH,9549,4834,97.538271,9549,4834,97.538271,0,0,Null,2021-06-01
8/16/2021 11:17:33 AM,202006,Other UK Airports,OXFORD (KIDLINGTON),44,58,-24.137931,44,58,-24.137931,0,0,Null,2021-06-01
8/16/2021 11:17:33 AM,202006,Other UK Airports,PRESTWICK,2812,192,1364.583333,2812,192,1364.583333,0,0,Null,2021-06-01
8/16/2021 11:17:33 AM,202006,Other UK Airports,SCATSTA,0,3127,Null,0,3127,Null,0,0,Null,2021-06-01
8/16/2021 11:17:33 AM,202006,Other UK Airports,SOUTHAMPTON,17256,3942,337.747336,17256,3942,337.747336,0,0,Null,2021-06-01
8/16/2021 11:17:33 AM,202006,London Area Airports,SOUTHEND,4523,38,11802.631579,4523,38,11802.631579,0,0,Null,2021-06-01
8/16/2021 11:17:33 AM,202006,London Area Airports,STANSTED,351686,59192,494.144479,351686,59138,494.687003,0,54,Null,2021-06-01
8/16/2021 11:17:33 AM,202006,Other UK Airports,STORNOWAY,6075,658,823.252280,5775,641,800.936037,300,17,1664.705882,2021-06-01
8/16/2021 11:17:33 AM,202006,Other UK Airports,SUMBURGH,17588,3828,359.456635,16996,3498,385.877644,592,330,79.393939,2021-06-01
8/16/2021 11:17:33 AM,202006,Other UK Airports,TEESSIDE INTERNATIONAL AIRPORT,8371,178,4602.808989,7297,178,3999.438202,1074,0,Null,2021-06-01
8/16/2021 11:17:33 AM,202006,Other UK Airports,TIREE,1010,87,1060.919540,1004,54,1759.259259,6,33,-81.818182,2021-06-01
9/14/2021 4:37:27 PM,202007,Other UK Airports,ABERDEEN,101799,59338,71.557855,101799,59338,71.557855,0,0,Null,2021-07-01
9/14/2021 4:37:27 PM,202007,Non UK Reporting Airports,ALDERNEY,4783,2705,76.820702,4783,2705,76.820702,0,0,Null,2021-07-01
9/14/2021 4:37:27 PM,202007,Other UK Airports,BARRA,1448,429,237.529138,1448,424,241.509434,0,5,Null,2021-07-01
9/14/2021 4:37:27 PM,202007,Other UK Airports,BELFAST CITY (GEORGE BEST),97626,22976,324.904248,97626,22976,324.904248,0,0,Null,2021-07-01
9/14/2021 4:37:27 PM,202007,Other UK Airports,BELFAST INTERNATIONAL,275310,103921,164.922393,275270,103921,164.883902,40,0,Null,2021-07-01
9/14/2021 4:37:27 PM,202007,Other UK Airports,BENBECULA,2747,1027,167.478092,2684,634,323.343849,63,393,-83.969466,2021-07-01
9/14/2021 4:37:27 PM,202007,Other UK Airports,BIGGIN HILL,207,275,-24.727273,207,275,-24.727273,0,0,Null,2021-07-01
9/14/2021 4:37:27 PM,202007,Other UK Airports,BIRMINGHAM,205113,135145,51.772541,203642,135115,50.717537,1471,30,4803.333333,2021-07-01
9/14/2021 4:37:27 PM,202007,Other UK Airports,BLACKPOOL,0,530,Null,0,530,Null,0,0,Null,2021-07-01
9/14/2021 4:37:27 PM,202007,Other UK Airports,BOURNEMOUTH,18183,16280,11.689189,18172,16280,11.621622,11,0,Null,2021-07-01
9/14/2021 4:37:27 PM,202007,Other UK Airports,BRISTOL,183068,121115,51.152211,182464,121051,50.733162,604,64,843.750000,2021-07-01
9/14/2021 4:37:27 PM,202007,Other UK Airports,CAMPBELTOWN,463,162,185.802469,463,39,1087.179487,0,123,Null,2021-07-01
9/14/2021 4:37:27 PM,202007,Other UK Airports,CARDIFF WALES,10462,3506,198.402738,10169,3506,190.045636,293,0,Null,2021-07-01
9/14/2021 4:37:27 PM,202007,Other UK Airports,CITY OF DERRY (EGLINTON),9330,6683,39.607960,9330,6683,39.607960,0,0,Null,2021-07-01
9/14/2021 4:37:27 PM,202007,Other UK Airports,DONCASTER SHEFFIELD,18655,26530,-29.683377,18655,26530,-29.683377,0,0,Null,2021-07-01
9/14/2021 4:37:27 PM,202007,Other UK Airports,DUNDEE,2756,383,619.582245,2756,383,619.582245,0,0,Null,2021-07-01
9/14/2021 4:37:27 PM,202007,Other UK Airports,EAST MIDLANDS INTERNATIONAL,75278,79447,-5.247524,74487,79447,-6.243156,791,0,Null,2021-07-01
9/14/2021 4:37:27 PM,202007,Other UK Airports,EDINBURGH,269306,168976,59.375296,269306,168976,59.375296,0,0,Null,2021-07-01
9/14/2021 4:37:27 PM,202007,Other UK Airports,EXETER,13510,2150,528.372093,13493,2150,527.581395,17,0,Null,2021-07-01
9/14/2021 4:37:27 PM,202007,London Area Airports,GATWICK,494635,280475,76.356181,494633,280475,76.355468,2,0,Null,2021-07-01
9/14/2021 4:37:27 PM,202007,Other UK Airports,GLASGOW,200667,68952,191.024191,200334,68952,190.541246,333,0,Null,2021-07-01
9/14/2021 4:37:27 PM,202007,Non UK Reporting Airports,GUERNSEY,26775,5962,349.094264,26775,5962,349.094264,0,0,Null,2021-07-01
9/14/2021 4:37:27 PM,202007,London Area Airports,HEATHROW,1510623,866655,74.305000,1510623,866655,74.305000,0,0,Null,2021-07-01
9/14/2021 4:37:27 PM,202007,Other UK Airports,HUMBERSIDE,2858,1372,108.309038,2858,1372,108.309038,0,0,Null,2021-07-01
9/14/2021 4:37:27 PM,202007,Other UK Airports,INVERNESS,48397,11568,318.369640,48355,11401,324.129462,42,167,-74.850299,2021-07-01
9/14/2021 4:37:27 PM,202007,Other UK Airports,ISLAY,1440,304,373.684211,1425,302,371.854305,15,2,650.000000,2021-07-01
9/14/2021 4:37:27 PM,202007,Non UK Reporting Airports,ISLE OF MAN,15217,2611,482.803524,15217,2611,482.803524,0,0,Null,2021-07-01
9/14/2021 4:37:27 PM,202007,Other UK Airports,ISLES OF SCILLY (ST.MARYS),12337,5003,146.592045,12337,5003,146.592045,0,0,Null,2021-07-01
9/14/2021 4:37:27 PM,202007,Non UK Reporting Airports,JERSEY,80001,21845,266.221103,80001,21845,266.221103,0,0,Null,2021-07-01
9/14/2021 4:37:27 PM,202007,Other UK Airports,KIRKWALL,9401,3393,177.070439,8475,2930,189.249147,926,463,100.000000,2021-07-01
9/14/2021 4:37:27 PM,202007,Other UK Airports,LANDS END (ST JUST),8628,4172,106.807287,8595,4172,106.016299,33,0,Null,2021-07-01
9/14/2021 4:37:27 PM,202007,Other UK Airports,LEEDS BRADFORD,67156,52631,27.597804,66096,52631,25.583781,1060,0,Null,2021-07-01
9/14/2021 4:37:27 PM,202007,Other UK Airports,LERWICK (TINGWALL),243,79,207.594937,243,79,207.594937,0,0,Null,2021-07-01
9/14/2021 4:37:27 PM,202007,Other UK Airports,LIVERPOOL (JOHN LENNON),116983,81890,42.853828,116983,81890,42.853828,0,0,Null,2021-07-01
9/14/2021 4:37:27 PM,202007,London Area Airports,LONDON CITY,53898,12653,325.970126,53898,12653,325.970126,0,0,Null,2021-07-01
9/14/2021 4:37:27 PM,202007,London Area Airports,LUTON,419527,467605,-10.281755,419425,467605,-10.303568,102,0,Null,2021-07-01
9/14/2021 4:37:27 PM,202007,Other UK Airports,LYDD,31,0,Null,31,0,Null,0,0,Null,2021-07-01
9/14/2021 4:37:27 PM,202007,Other UK Airports,MANCHESTER,447973,332158,34.867443,447673,332158,34.777124,300,0,Null,2021-07-01
9/14/2021 4:37:27 PM,202007,Other UK Airports,NEWCASTLE,83539,49623,68.347339,83216,49562,67.902829,323,61,429.508197,2021-07-01
9/14/2021 4:37:27 PM,202007,Other UK Airports,NEWQUAY,23265,2387,874.654378,23253,2387,874.151655,12,0,Null,2021-07-01
9/14/2021 4:37:27 PM,202007,Other UK Airports,NORWICH,12670,6715,88.682055,12670,6715,88.682055,0,0,Null,2021-07-01
9/14/2021 4:37:27 PM,202007,Other UK Airports,OXFORD (KIDLINGTON),50,61,-18.032787,50,61,-18.032787,0,0,Null,2021-07-01
9/14/2021 4:37:27 PM,202007,Other UK Airports,PRESTWICK,7126,13851,-48.552451,7126,13851,-48.552451,0,0,Null,2021-07-01
9/14/2021 4:37:27 PM,202007,Other UK Airports,SOUTHAMPTON,28293,7594,272.570450,28293,7594,272.570450,0,0,Null,2021-07-01
9/14/2021 4:37:27 PM,202007,London Area Airports,SOUTHEND,14479,20819,-30.452952,14479,20819,-30.452952,0,0,Null,2021-07-01
9/14/2021 4:37:27 PM,202007,London Area Airports,STANSTED,692910,468537,47.888000,691728,468537,47.635726,1182,0,Null,2021-07-01
9/14/2021 4:37:27 PM,202007,Other UK Airports,STORNOWAY,7768,2359,229.292073,7569,2106,259.401709,199,253,-21.343874,2021-07-01
9/14/2021 4:37:27 PM,202007,Other UK Airports,SUMBURGH,18160,9962,82.292712,18032,9630,87.248183,128,332,-61.445783,2021-07-01
9/14/2021 4:37:27 PM,202007,Other UK Airports,TEESSIDE INTERNATIONAL AIRPORT,10541,1429,637.648705,9390,1429,557.102869,1151,0,Null,2021-07-01
9/14/2021 4:37:27 PM,202007,Other UK Airports,TIREE,1399,514,172.178988,1354,470,188.085106,45,44,2.272727,2021-07-01
2/9/2022 9:04:36 AM,202008,Other UK Airports,ABERDEEN,119572,66112,80.862778,119572,66112,80.862778,0,0,Null,2021-08-01
2/9/2022 9:04:36 AM,202008,Non UK Reporting Airports,ALDERNEY,5767,3644,58.260154,5767,3644,58.260154,0,0,Null,2021-08-01
2/9/2022 9:04:36 AM,202008,Other UK Airports,BARRA,1518,1048,44.847328,1518,1048,44.847328,0,0,Null,2021-08-01
2/9/2022 9:04:36 AM,202008,Other UK Airports,BELFAST CITY (GEORGE BEST),124156,30243,310.528056,124156,30243,310.528056,0,0,Null,2021-08-01
2/9/2022 9:04:36 AM,202008,Other UK Airports,BELFAST INTERNATIONAL,343462,215215,59.590177,343112,215215,59.427549,350,0,Null,2021-08-01
2/9/2022 9:04:36 AM,202008,Other UK Airports,BENBECULA,2442,1362,79.295154,2409,1133,112.621359,33,229,-85.589520,2021-08-01
2/9/2022 9:04:36 AM,202008,Other UK Airports,BIGGIN HILL,563,413,36.319613,563,413,36.319613,0,0,Null,2021-08-01
2/9/2022 9:04:36 AM,202008,Other UK Airports,BIRMINGHAM,392166,248155,58.032681,389029,248079,56.816579,3137,76,4027.631579,2021-08-01
2/9/2022 9:04:36 AM,202008,Other UK Airports,BLACKPOOL,0,1424,Null,0,1424,Null,0,0,Null,2021-08-01
2/9/2022 9:04:36 AM,202008,Other UK Airports,BOURNEMOUTH,38489,22309,72.526783,38489,22309,72.526783,0,0,Null,2021-08-01
2/9/2022 9:04:36 AM,202008,Other UK Airports,BRISTOL,332387,273373,21.587355,331842,273280,21.429303,545,93,486.021505,2021-08-01
2/9/2022 9:04:36 AM,202008,Other UK Airports,CAMPBELTOWN,508,175,190.285714,508,166,206.024096,0,9,Null,2021-08-01
2/9/2022 9:04:36 AM,202008,Other UK Airports,CARDIFF WALES,18099,15443,17.198731,17724,15399,15.098383,375,44,752.272727,2021-08-01
2/9/2022 9:04:36 AM,202008,Other UK Airports,CITY OF DERRY (EGLINTON),10719,9074,18.128719,10719,9074,18.128719,0,0,Null,2021-08-01
2/9/2022 9:04:36 AM,202008,Other UK Airports,DONCASTER SHEFFIELD,58696,57418,2.225783,58635,57418,2.119544,61,0,Null,2021-08-01
2/9/2022 9:04:36 AM,202008,Other UK Airports,DUNDEE,2885,1039,177.670837,2885,1039,177.670837,0,0,Null,2021-08-01
2/9/2022 9:04:36 AM,202008,Other UK Airports,EAST MIDLANDS INTERNATIONAL,159732,127792,24.993740,156546,127792,22.500626,3186,0,Null,2021-08-01
2/9/2022 9:04:36 AM,202008,Other UK Airports,EDINBURGH,380847,315008,20.900739,380583,315008,20.816932,264,0,Null,2021-08-01
2/9/2022 9:04:36 AM,202008,Other UK Airports,EXETER,19024,8422,125.884588,19024,8422,125.884588,0,0,Null,2021-08-01
2/9/2022 9:04:36 AM,202008,London Area Airports,GATWICK,1023222,900682,13.605246,1022985,900682,13.578932,237,0,Null,2021-08-01
2/9/2022 9:04:36 AM,202008,Other UK Airports,GLASGOW,251995,163252,54.359518,251537,162726,54.577019,458,526,-12.927757,2021-08-01
2/9/2022 9:04:36 AM,202008,Non UK Reporting Airports,GUERNSEY,37132,11129,233.650822,37120,11129,233.542996,12,0,Null,2021-08-01
2/9/2022 9:04:36 AM,202008,London Area Airports,HEATHROW,2232752,1418659,57.384685,2232284,1418659,57.351696,468,0,Null,2021-08-01
2/9/2022 9:04:36 AM,202008,Other UK Airports,HUMBERSIDE,3740,2496,49.839744,3740,2496,49.839744,0,0,Null,2021-08-01
2/9/2022 9:04:36 AM,202008,Other UK Airports,INVERNESS,60711,30619,98.278846,60711,30352,100.023063,0,267,Null,2021-08-01
2/9/2022 9:04:36 AM,202008,Other UK Airports,ISLAY,1683,865,94.566474,1673,836,100.119617,10,29,-65.517241,2021-08-01
2/9/2022 9:04:36 AM,202008,Non UK Reporting Airports,ISLE OF MAN,22933,7184,219.223274,22933,7184,219.223274,0,0,Null,2021-08-01
2/9/2022 9:04:36 AM,202008,Other UK Airports,ISLES OF SCILLY (ST.MARYS),12073,7963,51.613713,12073,7963,51.613713,0,0,Null,2021-08-01
2/9/2022 9:04:36 AM,202008,Non UK Reporting Airports,JERSEY,121316,61317,97.850515,121316,61317,97.850515,0,0,Null,2021-08-01
2/9/2022 9:04:36 AM,202008,Other UK Airports,KIRKWALL,10146,5320,90.714286,9428,4324,118.038853,718,996,-27.911647,2021-08-01
2/9/2022 9:04:36 AM,202008,Other UK Airports,LANDS END (ST JUST),8510,5908,44.041977,8463,5908,43.246445,47,0,Null,2021-08-01
2/9/2022 9:04:36 AM,202008,Other UK Airports,LEEDS BRADFORD,134053,85560,56.677186,130956,85560,53.057504,3097,0,Null,2021-08-01
2/9/2022 9:04:36 AM,202008,Other UK Airports,LERWICK (TINGWALL),342,153,123.529412,342,153,123.529412,0,0,Null,2021-08-01
2/9/2022 9:04:36 AM,202008,Other UK Airports,LIVERPOOL (JOHN LENNON),203779,171186,19.039524,203779,171186,19.039524,0,0,Null,2021-08-01
2/9/2022 9:04:36 AM,202008,London Area Airports,LONDON CITY,86583,21826,296.696600,86583,21826,296.696600,0,0,Null,2021-08-01
2/9/2022 9:04:36 AM,202008,London Area Airports,LUTON,772808,835310,-7.482492,772528,835310,-7.516012,280,0,Null,2021-08-01
2/9/2022 9:04:36 AM,202008,Other UK Airports,MANCHESTER,865320,677821,27.662023,864534,677626,27.582767,786,195,303.076923,2021-08-01
2/9/2022 9:04:36 AM,202008,Other UK Airports,NEWCASTLE,148212,104989,41.169075,147008,104936,40.093009,1204,53,2171.698113,2021-08-01
2/9/2022 9:04:36 AM,202008,Other UK Airports,NEWQUAY,29110,7412,292.741500,29092,7412,292.498651,18,0,Null,2021-08-01
2/9/2022 9:04:36 AM,202008,Other UK Airports,NORWICH,14299,2784,413.613506,14299,2784,413.613506,0,0,Null,2021-08-01
2/9/2022 9:04:36 AM,202008,Other UK Airports,OXFORD (KIDLINGTON),247,191,29.319372,247,191,29.319372,0,0,Null,2021-08-01
2/9/2022 9:04:36 AM,202008,Other UK Airports,PRESTWICK,12031,12527,-3.959448,12031,12527,-3.959448,0,0,Null,2021-08-01
2/9/2022 9:04:36 AM,202008,Other UK Airports,SOUTHAMPTON,40745,11807,245.091895,40745,11807,245.091895,0,0,Null,2021-08-01
2/9/2022 9:04:36 AM,202008,London Area Airports,SOUTHEND,26675,34680,-23.082468,26675,34680,-23.082468,0,0,Null,2021-08-01
2/9/2022 9:04:36 AM,202008,London Area Airports,STANSTED,1143922,901742,26.856906,1143232,901664,26.791355,690,78,784.615385,2021-08-01
2/9/2022 9:04:36 AM,202008,Other UK Airports,STORNOWAY,7726,3822,102.145474,7548,3601,109.608442,178,221,-19.457014,2021-08-01
2/9/2022 9:04:36 AM,202008,Other UK Airports,SUMBURGH,19909,11266,76.717557,19898,10804,84.172529,11,462,-97.619048,2021-08-01
2/9/2022 9:04:36 AM,202008,Other UK Airports,TEESSIDE INTERNATIONAL AIRPORT,12822,2529,406.998814,11756,2529,364.847766,1066,0,Null,2021-08-01
2/9/2022 9:04:36 AM,202008,Other UK Airports,TIREE,1349,914,47.592998,1339,894,49.776286,10,20,-50.000000,2021-08-01
2/10/2022 4:31:58 PM,202009,Other UK Airports,ABERDEEN,126394,71159,77.621945,126394,71159,77.621945,0,0,Null,2021-09-01
2/10/2022 4:31:58 PM,202009,Non UK Reporting Airports,ALDERNEY,5139,4005,28.314607,5139,4005,28.314607,0,0,Null,2021-09-01
2/10/2022 4:31:58 PM,202009,Other UK Airports,BARRA,1206,930,29.677419,1206,930,29.677419,0,0,Null,2021-09-01
2/10/2022 4:31:58 PM,202009,Other UK Airports,BELFAST CITY (GEORGE BEST),101343,37011,173.818594,101343,36988,173.988861,0,23,Null,2021-09-01
2/10/2022 4:31:58 PM,202009,Other UK Airports,BELFAST INTERNATIONAL,312091,173407,79.976010,311344,173407,79.545232,747,0,Null,2021-09-01
2/10/2022 4:31:58 PM,202009,Other UK Airports,BENBECULA,2284,1279,78.577013,2270,1259,80.301827,14,20,-30.000000,2021-09-01
2/10/2022 4:31:58 PM,202009,Other UK Airports,BIGGIN HILL,269,225,19.555556,269,225,19.555556,0,0,Null,2021-09-01
2/10/2022 4:31:58 PM,202009,Other UK Airports,BIRMINGHAM,409568,225131,81.924302,409305,224890,82.002312,263,241,9.128631,2021-09-01
2/10/2022 4:31:58 PM,202009,Other UK Airports,BLACKPOOL,0,1341,Null,0,1341,Null,0,0,Null,2021-09-01
2/10/2022 4:31:58 PM,202009,Other UK Airports,BOURNEMOUTH,38201,15971,139.189781,38201,15971,139.189781,0,0,Null,2021-09-01
2/10/2022 4:31:58 PM,202009,Other UK Airports,BRISTOL,369448,219719,68.145677,369204,219701,68.048393,244,18,1255.555556,2021-09-01
2/10/2022 4:31:58 PM,202009,Other UK Airports,CAMPBELTOWN,439,314,39.808917,432,285,51.578947,7,29,-75.862069,2021-09-01
2/10/2022 4:31:58 PM,202009,Other UK Airports,CARDIFF WALES,24003,13725,74.885246,23907,13725,74.185792,96,0,Null,2021-09-01
2/10/2022 4:31:58 PM,202009,Other UK Airports,CITY OF DERRY (EGLINTON),7630,5596,36.347391,7630,5596,36.347391,0,0,Null,2021-09-01
2/10/2022 4:31:58 PM,202009,Other UK Airports,DONCASTER SHEFFIELD,55099,45531,21.014254,54997,45531,20.790231,102,0,Null,2021-09-01
2/10/2022 4:31:58 PM,202009,Other UK Airports,DUNDEE,2613,1317,98.405467,2613,1317,98.405467,0,0,Null,2021-09-01
2/10/2022 4:31:58 PM,202009,Other UK Airports,EAST MIDLANDS INTERNATIONAL,168247,104045,61.705993,168247,104045,61.705993,0,0,Null,2021-09-01
2/10/2022 4:31:58 PM,202009,Other UK Airports,EDINBURGH,458307,265630,72.535858,457324,265630,72.165795,983,0,Null,2021-09-01
2/10/2022 4:31:58 PM,202009,Other UK Airports,EXETER,20731,9528,117.579765,20731,9528,117.579765,0,0,Null,2021-09-01
2/10/2022 4:31:58 PM,202009,London Area Airports,GATWICK,1033092,735307,40.498050,1032281,735307,40.387756,811,0,Null,2021-09-01
2/10/2022 4:31:58 PM,202009,Other UK Airports,GLASGOW,303714,150736,101.487369,303385,150521,101.556593,329,215,53.023256,2021-09-01
2/10/2022 4:31:58 PM,202009,Non UK Reporting Airports,GUERNSEY,38934,10396,274.509427,38934,10396,274.509427,0,0,Null,2021-09-01
2/10/2022 4:31:58 PM,202009,London Area Airports,HEATHROW,2571198,1256617,104.612702,2571017,1256479,104.620770,181,138,31.159420,2021-09-01
2/10/2022 4:31:58 PM,202009,Other UK Airports,HUMBERSIDE,3877,2654,46.081387,3877,2605,48.829175,0,49,Null,2021-09-01
2/10/2022 4:31:58 PM,202009,Other UK Airports,INVERNESS,55619,28154,97.552746,55619,28050,98.285205,0,104,Null,2021-09-01
2/10/2022 4:31:58 PM,202009,Other UK Airports,ISLAY,1811,939,92.864750,1792,914,96.061269,19,25,-24.000000,2021-09-01
2/10/2022 4:31:58 PM,202009,Non UK Reporting Airports,ISLE OF MAN,24856,5046,392.588189,24856,5046,392.588189,0,0,Null,2021-09-01
2/10/2022 4:31:58 PM,202009,Other UK Airports,ISLES OF SCILLY (ST.MARYS),9871,8724,13.147639,9871,8724,13.147639,0,0,Null,2021-09-01
2/10/2022 4:31:58 PM,202009,Non UK Reporting Airports,JERSEY,114686,44148,159.776207,114682,44148,159.767147,4,0,Null,2021-09-01
2/10/2022 4:31:58 PM,202009,Other UK Airports,KIRKWALL,9849,6175,59.497976,9177,5174,77.367607,672,1001,-32.867133,2021-09-01
2/10/2022 4:31:58 PM,202009,Other UK Airports,LANDS END (ST JUST),7213,6337,13.823576,7213,6330,13.949447,0,7,Null,2021-09-01
2/10/2022 4:31:58 PM,202009,Other UK Airports,LEEDS BRADFORD,146750,81482,80.101127,146750,81474,80.118811,0,8,Null,2021-09-01
2/10/2022 4:31:58 PM,202009,Other UK Airports,LERWICK (TINGWALL),294,157,87.261146,294,157,87.261146,0,0,Null,2021-09-01
2/10/2022 4:31:58 PM,202009,Other UK Airports,LIVERPOOL (JOHN LENNON),189022,119783,57.803695,189022,119783,57.803695,0,0,Null,2021-09-01
2/10/2022 4:31:58 PM,202009,London Area Airports,LONDON CITY,121602,28472,327.093285,121602,28472,327.093285,0,0,Null,2021-09-01
2/10/2022 4:31:58 PM,202009,London Area Airports,LUTON,697931,586038,19.093130,697300,585641,19.066117,631,397,58.942065,2021-09-01
2/10/2022 4:31:58 PM,202009,Other UK Airports,MANCHESTER,974924,629834,54.790627,974781,629761,54.785863,143,73,95.890411,2021-09-01
2/10/2022 4:31:58 PM,202009,Other UK Airports,NEWCASTLE,179488,95560,87.827543,179240,95453,87.778278,248,107,131.775701,2021-09-01
2/10/2022 4:31:58 PM,202009,Other UK Airports,NEWQUAY,16659,6507,156.016598,16659,6507,156.016598,0,0,Null,2021-09-01
2/10/2022 4:31:58 PM,202009,Other UK Airports,NORWICH,15577,9635,61.670991,15577,9635,61.670991,0,0,Null,2021-09-01
2/10/2022 4:31:58 PM,202009,Other UK Airports,OXFORD (KIDLINGTON),50,74,-32.432432,50,74,-32.432432,0,0,Null,2021-09-01
2/10/2022 4:31:58 PM,202009,Other UK Airports,PRESTWICK,16303,9023,80.682700,16303,9023,80.682700,0,0,Null,2021-09-01
2/10/2022 4:31:58 PM,202009,Other UK Airports,SOUTHAMPTON,42152,16699,152.422301,42152,16699,152.422301,0,0,Null,2021-09-01
2/10/2022 4:31:58 PM,202009,London Area Airports,SOUTHEND,23581,13202,78.616876,23581,13202,78.616876,0,0,Null,2021-09-01
2/10/2022 4:31:58 PM,202009,London Area Airports,STANSTED,1116992,663683,68.302036,1116585,663683,68.240711,407,0,Null,2021-09-01
2/10/2022 4:31:58 PM,202009,Other UK Airports,STORNOWAY,7531,3996,88.463463,7392,3869,91.057121,139,127,9.448819,2021-09-01
2/10/2022 4:31:58 PM,202009,Other UK Airports,SUMBURGH,19475,12262,58.824009,19401,11897,63.074725,74,365,-79.726027,2021-09-01
2/10/2022 4:31:58 PM,202009,Other UK Airports,TEESSIDE INTERNATIONAL AIRPORT,11172,3333,235.193519,10610,3199,231.666146,562,134,319.402985,2021-09-01
2/10/2022 4:31:58 PM,202009,Other UK Airports,TIREE,1065,896,18.861607,1035,883,17.214043,30,13,130.769231,2021-09-01
2/10/2022 4:31:58 PM,202009,Other UK Airports,WICK JOHN O GROATS,18,0,Null,0,0,Null,18,0,Null,2021-09-01
2/15/2022 5:04:25 PM,202010,Other UK Airports,ABERDEEN,139315,70224,98.386591,139315,70223,98.389417,0,1,Null,2021-10-01
2/15/2022 5:04:25 PM,202010,Non UK Reporting Airports,ALDERNEY,4666,3441,35.600116,4666,3441,35.600116,0,0,Null,2021-10-01
2/15/2022 5:04:25 PM,202010,Other UK Airports,BARRA,928,647,43.431221,928,647,43.431221,0,0,Null,2021-10-01
2/15/2022 5:04:25 PM,202010,Other UK Airports,BELFAST CITY (GEORGE BEST),111897,37139,201.292442,111897,37139,201.292442,0,0,Null,2021-10-01
2/15/2022 5:04:25 PM,202010,Other UK Airports,BELFAST INTERNATIONAL,371310,109789,238.203281,371310,109789,238.203281,0,0,Null,2021-10-01
2/15/2022 5:04:25 PM,202010,Other UK Airports,BENBECULA,2459,916,168.449782,2459,916,168.449782,0,0,Null,2021-10-01
2/15/2022 5:04:25 PM,202010,Other UK Airports,BIGGIN HILL,331,60,451.666667,331,60,451.666667,0,0,Null,2021-10-01
2/15/2022 5:04:25 PM,202010,Other UK Airports,BIRMINGHAM,502285,144353,247.956052,501961,144240,248.004021,324,113,186.725664,2021-10-01
2/15/2022 5:04:25 PM,202010,Other UK Airports,BLACKPOOL,0,852,Null,0,852,Null,0,0,Null,2021-10-01
2/15/2022 5:04:25 PM,202010,Other UK Airports,BOURNEMOUTH,47422,7362,544.145613,47281,7362,542.230372,141,0,Null,2021-10-01
2/15/2022 5:04:25 PM,202010,Other UK Airports,BRISTOL,446082,105965,320.971075,445796,105965,320.701175,286,0,Null,2021-10-01
2/15/2022 5:04:25 PM,202010,Other UK Airports,CAMPBELTOWN,33,256,-87.109375,33,225,-85.333333,0,31,Null,2021-10-01
2/15/2022 5:04:25 PM,202010,Other UK Airports,CARDIFF WALES,24712,8417,193.596293,24571,8417,191.921112,141,0,Null,2021-10-01
2/15/2022 5:04:25 PM,202010,Other UK Airports,CITY OF DERRY (EGLINTON),7752,3631,113.494905,7752,3631,113.494905,0,0,Null,2021-10-01
2/15/2022 5:04:25 PM,202010,Other UK Airports,DONCASTER SHEFFIELD,61181,22831,167.973370,61181,22738,169.069399,0,93,Null,2021-10-01
2/15/2022 5:04:25 PM,202010,Other UK Airports,DUNDEE,2912,908,220.704846,2912,908,220.704846,0,0,Null,2021-10-01
2/15/2022 5:04:25 PM,202010,Other UK Airports,EAST MIDLANDS INTERNATIONAL,212960,65826,223.519582,212879,65826,223.396530,81,0,Null,2021-10-01
2/15/2022 5:04:25 PM,202010,Other UK Airports,EDINBURGH,587376,164389,257.308579,587277,163888,258.340452,99,501,-80.239521,2021-10-01
2/15/2022 5:04:25 PM,202010,Other UK Airports,EXETER,25301,4280,491.144860,25301,4280,491.144860,0,0,Null,2021-10-01
2/15/2022 5:04:25 PM,202010,London Area Airports,GATWICK,1131302,401240,181.951451,1131190,401196,181.954456,112,44,154.545455,2021-10-01
2/15/2022 5:04:25 PM,202010,Other UK Airports,GLASGOW,386666,106181,264.157429,386349,105871,264.924295,317,310,2.258065,2021-10-01
2/15/2022 5:04:25 PM,202010,Other UK Airports,GLOUCESTERSHIRE,0,5,Null,0,5,Null,0,0,Null,2021-10-01
2/15/2022 5:04:25 PM,202010,Non UK Reporting Airports,GUERNSEY,46272,7145,547.613716,46220,7145,546.885934,52,0,Null,2021-10-01
2/15/2022 5:04:25 PM,202010,London Area Airports,HEATHROW,3043580,1245550,144.356308,3043258,1245508,144.338696,322,42,666.666667,2021-10-01
2/15/2022 5:04:25 PM,202010,Other UK Airports,HUMBERSIDE,3315,2322,42.764858,3315,2322,42.764858,0,0,Null,2021-10-01
2/15/2022 5:04:25 PM,202010,Other UK Airports,INVERNESS,59900,22318,168.393225,59900,22009,172.161389,0,309,Null,2021-10-01
2/15/2022 5:04:25 PM,202010,Other UK Airports,ISLAY,2037,793,156.872636,2029,781,159.795134,8,12,-33.333333,2021-10-01
2/15/2022 5:04:25 PM,202010,Non UK Reporting Airports,ISLE OF MAN,33129,3096,970.058140,33129,3096,970.058140,0,0,Null,2021-10-01
2/15/2022 5:04:25 PM,202010,Other UK Airports,ISLES OF SCILLY (ST.MARYS),8688,7522,15.501196,8688,7522,15.501196,0,0,Null,2021-10-01
2/15/2022 5:04:25 PM,202010,Non UK Reporting Airports,JERSEY,111471,21322,422.798049,111459,21322,422.741769,12,0,Null,2021-10-01
2/15/2022 5:04:25 PM,202010,Other UK Airports,KIRKWALL,10510,5270,99.430740,9560,4445,115.073116,950,825,15.151515,2021-10-01
2/15/2022 5:04:25 PM,202010,Other UK Airports,LANDS END (ST JUST),6540,5692,14.898103,6540,5679,15.161120,0,13,Null,2021-10-01
2/15/2022 5:04:25 PM,202010,Other UK Airports,LEEDS BRADFORD,177258,41447,327.673897,177168,41447,327.456752,90,0,Null,2021-10-01
2/15/2022 5:04:25 PM,202010,Other UK Airports,LERWICK (TINGWALL),267,171,56.140351,267,171,56.140351,0,0,Null,2021-10-01
2/15/2022 5:04:25 PM,202010,Other UK Airports,LIVERPOOL (JOHN LENNON),216899,66247,227.409543,216899,66247,227.409543,0,0,Null,2021-10-01
2/15/2022 5:04:25 PM,202010,London Area Airports,LONDON CITY,148889,17966,728.726483,148889,17966,728.726483,0,0,Null,2021-10-01
2/15/2022 5:04:25 PM,202010,London Area Airports,LUTON,766115,302882,152.941740,766115,302882,152.941740,0,0,Null,2021-10-01
2/15/2022 5:04:25 PM,202010,Other UK Airports,MANCHESTER,1202621,398175,202.033277,1202502,398110,202.052699,119,65,83.076923,2021-10-01
2/15/2022 5:04:25 PM,202010,Other UK Airports,NEWCASTLE,224517,58909,281.125125,224371,57238,291.996576,146,1671,-91.262717,2021-10-01
2/15/2022 5:04:25 PM,202010,Other UK Airports,NEWQUAY,12873,6386,101.581585,12828,6386,100.876918,45,0,Null,2021-10-01
2/15/2022 5:04:25 PM,202010,Other UK Airports,NORWICH,15857,8929,77.589876,15857,8929,77.589876,0,0,Null,2021-10-01
2/15/2022 5:04:25 PM,202010,Other UK Airports,OXFORD (KIDLINGTON),0,130,Null,0,130,Null,0,0,Null,2021-10-01
2/15/2022 5:04:25 PM,202010,Other UK Airports,PRESTWICK,19054,6146,210.022779,18820,6146,206.215425,234,0,Null,2021-10-01
2/15/2022 5:04:25 PM,202010,Other UK Airports,SOUTHAMPTON,44204,10897,305.652932,44204,10897,305.652932,0,0,Null,2021-10-01
2/15/2022 5:04:25 PM,202010,London Area Airports,SOUTHEND,24555,6335,287.608524,24555,6335,287.608524,0,0,Null,2021-10-01
2/15/2022 5:04:25 PM,202010,London Area Airports,STANSTED,1340168,399713,235.282565,1340097,397500,237.131321,71,2213,-96.791685,2021-10-01
2/15/2022 5:04:25 PM,202010,Other UK Airports,STORNOWAY,8144,3132,160.025543,8005,3052,162.287025,139,80,73.750000,2021-10-01
2/15/2022 5:04:25 PM,202010,Other UK Airports,SUMBURGH,19844,12723,55.969504,19748,12398,59.283755,96,325,-70.461538,2021-10-01
2/15/2022 5:04:25 PM,202010,Other UK Airports,TEESSIDE INTERNATIONAL AIRPORT,12210,2101,481.151832,11810,2007,488.440458,400,94,325.531915,2021-10-01
2/15/2022 5:04:25 PM,202010,Other UK Airports,TIREE,916,540,69.629630,906,527,71.916509,10,13,-23.076923,2021-10-01
3/2/2022 11:55:09 AM,202011,Other UK Airports,ABERDEEN,117677,53310,120.740949,117677,53310,120.740949,0,0,Null,2021-11-01
3/2/2022 11:55:09 AM,202011,Non UK Reporting Airports,ALDERNEY,3417,2944,16.066576,3417,2944,16.066576,0,0,Null,2021-11-01
3/2/2022 11:55:09 AM,202011,Other UK Airports,BARRA,570,298,91.275168,570,298,91.275168,0,0,Null,2021-11-01
3/2/2022 11:55:09 AM,202011,Other UK Airports,BELFAST CITY (GEORGE BEST),97699,26944,262.600208,97699,26943,262.613666,0,1,Null,2021-11-01
3/2/2022 11:55:09 AM,202011,Other UK Airports,BELFAST INTERNATIONAL,297082,36039,724.334748,297082,36034,724.449131,0,5,Null,2021-11-01
3/2/2022 11:55:09 AM,202011,Other UK Airports,BENBECULA,1925,755,154.966887,1925,755,154.966887,0,0,Null,2021-11-01
3/2/2022 11:55:09 AM,202011,Other UK Airports,BIGGIN HILL,100,71,40.845070,100,71,40.845070,0,0,Null,2021-11-01
3/2/2022 11:55:09 AM,202011,Other UK Airports,BIRMINGHAM,397637,54915,624.095420,397428,54379,630.848305,209,536,-61.007463,2021-11-01
3/2/2022 11:55:09 AM,202011,Other UK Airports,BLACKPOOL,0,785,Null,0,785,Null,0,0,Null,2021-11-01
3/2/2022 11:55:09 AM,202011,Other UK Airports,BOURNEMOUTH,26823,2449,995.263373,26823,2449,995.263373,0,0,Null,2021-11-01
3/2/2022 11:55:09 AM,202011,Other UK Airports,BRISTOL,313885,25055,1152.783875,313885,24895,1160.835509,0,160,Null,2021-11-01
3/2/2022 11:55:09 AM,202011,Other UK Airports,CAMPBELTOWN,196,286,-31.468531,185,195,-5.128205,11,91,-87.912088,2021-11-01
3/2/2022 11:55:09 AM,202011,Other UK Airports,CARDIFF WALES,21426,2541,743.211334,21330,2541,739.433294,96,0,Null,2021-11-01
3/2/2022 11:55:09 AM,202011,Other UK Airports,CITY OF DERRY (EGLINTON),6938,5580,24.336918,6938,5580,24.336918,0,0,Null,2021-11-01
3/2/2022 11:55:09 AM,202011,Other UK Airports,DONCASTER SHEFFIELD,36880,6706,449.955264,36880,6706,449.955264,0,0,Null,2021-11-01
3/2/2022 11:55:09 AM,202011,Other UK Airports,DUNDEE,2524,434,481.566820,2524,434,481.566820,0,0,Null,2021-11-01
3/2/2022 11:55:09 AM,202011,Other UK Airports,EAST MIDLANDS INTERNATIONAL,111885,14136,691.489813,111885,14136,691.489813,0,0,Null,2021-11-01
3/2/2022 11:55:09 AM,202011,Other UK Airports,EDINBURGH,518700,71664,623.794374,518700,71606,624.380638,0,58,Null,2021-11-01
3/2/2022 11:55:09 AM,202011,Other UK Airports,EXETER,16927,1200,1310.583333,16927,1171,1345.516652,0,29,Null,2021-11-01
3/2/2022 11:55:09 AM,202011,London Area Airports,GATWICK,970267,101945,851.755358,970267,101342,857.418444,0,603,Null,2021-11-01
3/2/2022 11:55:09 AM,202011,Other UK Airports,GLASGOW,343556,50439,581.131664,343556,50246,583.747960,0,193,Null,2021-11-01
3/2/2022 11:55:09 AM,202011,Non UK Reporting Airports,GUERNSEY,38396,5027,663.795504,38396,5027,663.795504,0,0,Null,2021-11-01
3/2/2022 11:55:09 AM,202011,London Area Airports,HEATHROW,3065774,746954,310.436787,3065774,746954,310.436787,0,0,Null,2021-11-01
3/2/2022 11:55:09 AM,202011,Other UK Airports,HUMBERSIDE,3772,1247,202.485966,3772,1247,202.485966,0,0,Null,2021-11-01
3/2/2022 11:55:09 AM,202011,Other UK Airports,INVERNESS,40933,4578,794.124072,40933,4463,817.163343,0,115,Null,2021-11-01
3/2/2022 11:55:09 AM,202011,Other UK Airports,ISLAY,1564,595,162.857143,1564,542,188.560886,0,53,Null,2021-11-01
3/2/2022 11:55:09 AM,202011,Non UK Reporting Airports,ISLE OF MAN,37806,1878,1913.099042,37806,1878,1913.099042,0,0,Null,2021-11-01
3/2/2022 11:55:09 AM,202011,Other UK Airports,ISLES OF SCILLY (ST.MARYS),3375,1326,154.524887,3375,1326,154.524887,0,0,Null,2021-11-01
3/2/2022 11:55:09 AM,202011,Non UK Reporting Airports,JERSEY,72940,5117,1325.444596,72935,5117,1325.346883,5,0,Null,2021-11-01
3/2/2022 11:55:09 AM,202011,Other UK Airports,KIRKWALL,8376,4006,109.086370,7638,3611,111.520354,738,395,86.835443,2021-11-01
3/2/2022 11:55:09 AM,202011,Other UK Airports,LANDS END (ST JUST),2902,1314,120.852359,2902,1314,120.852359,0,0,Null,2021-11-01
3/2/2022 11:55:09 AM,202011,Other UK Airports,LEEDS BRADFORD,113069,11221,907.655289,113069,11221,907.655289,0,0,Null,2021-11-01
3/2/2022 11:55:09 AM,202011,Other UK Airports,LERWICK (TINGWALL),134,111,20.720721,134,111,20.720721,0,0,Null,2021-11-01
3/2/2022 11:55:09 AM,202011,Other UK Airports,LIVERPOOL (JOHN LENNON),160164,21081,659.755230,160164,21081,659.755230,0,0,Null,2021-11-01
3/2/2022 11:55:09 AM,202011,London Area Airports,LONDON CITY,145990,7934,1740.055458,145990,7934,1740.055458,0,0,Null,2021-11-01
3/2/2022 11:55:09 AM,202011,London Area Airports,LUTON,549882,106894,414.418022,549882,106894,414.418022,0,0,Null,2021-11-01
3/2/2022 11:55:09 AM,202011,Other UK Airports,MANCHESTER,982865,166002,492.080216,982817,165820,492.701122,48,182,-73.626374,2021-11-01
3/2/2022 11:55:09 AM,202011,Other UK Airports,NEWCASTLE,156061,17305,801.826062,155977,17056,814.499296,84,249,-66.265060,2021-11-01
3/2/2022 11:55:09 AM,202011,Other UK Airports,NEWQUAY,4790,550,770.909091,4790,550,770.909091,0,0,Null,2021-11-01
3/2/2022 11:55:09 AM,202011,Other UK Airports,NORWICH,13513,7602,77.755854,13513,7602,77.755854,0,0,Null,2021-11-01
3/2/2022 11:55:09 AM,202011,Other UK Airports,PRESTWICK,13000,2252,477.264654,13000,2251,477.521102,0,1,Null,2021-11-01
3/2/2022 11:55:09 AM,202011,Other UK Airports,SOUTHAMPTON,35241,4925,615.553299,35241,4925,615.553299,0,0,Null,2021-11-01
3/2/2022 11:55:09 AM,202011,London Area Airports,SOUTHEND,0,1190,Null,0,1190,Null,0,0,Null,2021-11-01
3/2/2022 11:55:09 AM,202011,London Area Airports,STANSTED,1185580,160991,636.426260,1185580,160758,637.493624,0,233,Null,2021-11-01
3/2/2022 11:55:09 AM,202011,Other UK Airports,STORNOWAY,7262,2353,208.627284,7160,2276,214.586995,102,77,32.467532,2021-11-01
3/2/2022 11:55:09 AM,202011,Other UK Airports,SUMBURGH,18242,11616,57.042011,18227,11426,59.522142,15,190,-92.105263,2021-11-01
3/2/2022 11:55:09 AM,202011,Other UK Airports,TEESSIDE INTERNATIONAL AIRPORT,6959,1353,414.338507,6959,1008,590.376984,0,345,Null,2021-11-01
3/2/2022 11:55:09 AM,202011,Other UK Airports,TIREE,640,336,90.476190,620,315,96.825397,20,21,-4.761905,2021-11-01
2/18/2022 1:04:30 PM,202012,Other UK Airports,ABERDEEN,111899,58939,89.855613,111899,58939,89.855613,0,0,Null,2021-12-01
2/18/2022 1:04:30 PM,202012,Non UK Reporting Airports,ALDERNEY,2864,2392,19.732441,2864,2392,19.732441,0,0,Null,2021-12-01
2/18/2022 1:04:30 PM,202012,Other UK Airports,BARRA,739,256,188.671875,739,256,188.671875,0,0,Null,2021-12-01
2/18/2022 1:04:30 PM,202012,Other UK Airports,BELFAST CITY (GEORGE BEST),94204,34333,174.383246,94177,34333,174.304605,27,0,Null,2021-12-01
2/18/2022 1:04:30 PM,202012,Other UK Airports,BELFAST INTERNATIONAL,286645,77765,268.604128,286645,77635,269.221356,0,130,Null,2021-12-01
2/18/2022 1:04:30 PM,202012,Other UK Airports,BENBECULA,2063,1081,90.841813,2048,884,131.674208,15,197,-92.385787,2021-12-01
2/18/2022 1:04:30 PM,202012,Other UK Airports,BIGGIN HILL,226,200,13.000000,226,200,13.000000,0,0,Null,2021-12-01
2/18/2022 1:04:30 PM,202012,Other UK Airports,BIRMINGHAM,340652,83740,306.797230,340353,82710,311.501632,299,1030,-70.970874,2021-12-01
2/18/2022 1:04:30 PM,202012,Other UK Airports,BOURNEMOUTH,19416,2469,686.391252,19416,2469,686.391252,0,0,Null,2021-12-01
2/18/2022 1:04:30 PM,202012,Other UK Airports,BRISTOL,271791,50704,436.034632,271693,50472,438.304406,98,232,-57.758621,2021-12-01
2/18/2022 1:04:30 PM,202012,Other UK Airports,CAMPBELTOWN,303,206,47.087379,292,140,108.571429,11,66,-83.333333,2021-12-01
2/18/2022 1:04:30 PM,202012,Other UK Airports,CARDIFF WALES,15485,832,1761.177885,15390,832,1749.759615,95,0,Null,2021-12-01
2/18/2022 1:04:30 PM,202012,Other UK Airports,CITY OF DERRY (EGLINTON),11341,5964,90.157612,11341,5964,90.157612,0,0,Null,2021-12-01
2/18/2022 1:04:30 PM,202012,Other UK Airports,DONCASTER SHEFFIELD,40463,11222,260.568526,40463,11199,261.309045,0,23,Null,2021-12-01
2/18/2022 1:04:30 PM,202012,Other UK Airports,DUNDEE,2266,498,355.020080,2266,498,355.020080,0,0,Null,2021-12-01
2/18/2022 1:04:30 PM,202012,Other UK Airports,EAST MIDLANDS INTERNATIONAL,76359,15357,397.226021,76359,15015,408.551449,0,342,Null,2021-12-01
2/18/2022 1:04:30 PM,202012,Other UK Airports,EDINBURGH,437102,87301,400.683841,437102,87128,401.677991,0,173,Null,2021-12-01
2/18/2022 1:04:30 PM,202012,Other UK Airports,EXETER,15099,1871,707.001603,15099,1690,793.431953,0,181,Null,2021-12-01
2/18/2022 1:04:30 PM,202012,London Area Airports,GATWICK,1036785,204922,405.941285,1036504,204648,406.481373,281,274,2.554745,2021-12-01
2/18/2022 1:04:30 PM,202012,Other UK Airports,GLASGOW,278393,54792,408.090597,278292,54543,410.224960,101,249,-59.437751,2021-12-01
2/18/2022 1:04:30 PM,202012,Non UK Reporting Airports,GUERNSEY,34178,5375,535.869767,34178,5375,535.869767,0,0,Null,2021-12-01
2/18/2022 1:04:30 PM,202012,London Area Airports,HEATHROW,3121435,1143561,172.957455,3121074,1143417,172.960259,361,144,150.694444,2021-12-01
2/18/2022 1:04:30 PM,202012,Other UK Airports,HUMBERSIDE,4512,1230,266.829268,4512,1230,266.829268,0,0,Null,2021-12-01
2/18/2022 1:04:30 PM,202012,Other UK Airports,INVERNESS,39159,5266,643.619445,39159,5048,675.732964,0,218,Null,2021-12-01
2/18/2022 1:04:30 PM,202012,Other UK Airports,ISLAY,1181,408,189.460784,1162,374,210.695187,19,34,-44.117647,2021-12-01
2/18/2022 1:04:30 PM,202012,Non UK Reporting Airports,ISLE OF MAN,35282,1789,1872.163220,35282,1789,1872.163220,0,0,Null,2021-12-01
2/18/2022 1:04:30 PM,202012,Other UK Airports,ISLES OF SCILLY (ST.MARYS),2286,1948,17.351129,2286,1948,17.351129,0,0,Null,2021-12-01
2/18/2022 1:04:30 PM,202012,Non UK Reporting Airports,JERSEY,74742,8983,732.038295,74679,8983,731.336970,63,0,Null,2021-12-01
2/18/2022 1:04:30 PM,202012,Other UK Airports,KIRKWALL,8416,3801,121.415417,7791,3331,133.893726,625,470,32.978723,2021-12-01
2/18/2022 1:04:30 PM,202012,Other UK Airports,LANDS END (ST JUST),2160,1971,9.589041,2160,1971,9.589041,0,0,Null,2021-12-01
2/18/2022 1:04:30 PM,202012,Other UK Airports,LEEDS BRADFORD,74693,16740,346.194743,74639,16705,346.806345,54,35,54.285714,2021-12-01
2/18/2022 1:04:30 PM,202012,Other UK Airports,LERWICK (TINGWALL),138,87,58.620690,138,87,58.620690,0,0,Null,2021-12-01
2/18/2022 1:04:30 PM,202012,Other UK Airports,LIVERPOOL (JOHN LENNON),143914,33942,323.999764,143914,33942,323.999764,0,0,Null,2021-12-01
2/18/2022 1:04:30 PM,202012,London Area Airports,LONDON CITY,87681,11188,683.705756,87681,11188,683.705756,0,0,Null,2021-12-01
2/18/2022 1:04:30 PM,202012,London Area Airports,LUTON,595550,191389,211.172533,595550,191366,211.209933,0,23,Null,2021-12-01
2/18/2022 1:04:30 PM,202012,Other UK Airports,MANCHESTER,907245,247729,266.224786,906507,247089,266.874689,738,640,15.312500,2021-12-01
2/18/2022 1:04:30 PM,202012,Other UK Airports,NEWCASTLE,134347,30385,342.149087,134103,30253,343.271742,244,132,84.848485,2021-12-01
2/18/2022 1:04:30 PM,202012,Other UK Airports,NEWQUAY,4825,864,458.449074,4825,864,458.449074,0,0,Null,2021-12-01
2/18/2022 1:04:30 PM,202012,Other UK Airports,NORWICH,12232,6831,79.066023,12232,6831,79.066023,0,0,Null,2021-12-01
2/18/2022 1:04:30 PM,202012,Other UK Airports,PRESTWICK,6899,1523,352.987525,6899,1523,352.987525,0,0,Null,2021-12-01
2/18/2022 1:04:30 PM,202012,Other UK Airports,SOUTHAMPTON,30940,4967,522.911214,30940,4967,522.911214,0,0,Null,2021-12-01
2/18/2022 1:04:30 PM,202012,London Area Airports,SOUTHEND,0,1244,Null,0,1244,Null,0,0,Null,2021-12-01
2/18/2022 1:04:30 PM,202012,London Area Airports,STANSTED,902226,198373,354.812903,902178,198254,355.061689,48,119,-59.663866,2021-12-01
2/18/2022 1:04:30 PM,202012,Other UK Airports,STORNOWAY,6892,2325,196.430108,6783,2221,205.402972,109,104,4.807692,2021-12-01
2/18/2022 1:04:30 PM,202012,Other UK Airports,SUMBURGH,17765,11226,58.248708,17707,11055,60.171868,58,171,-66.081871,2021-12-01
2/18/2022 1:04:30 PM,202012,Other UK Airports,TEESSIDE INTERNATIONAL AIRPORT,5798,1302,345.314900,5798,936,519.444444,0,366,Null,2021-12-01
2/18/2022 1:04:30 PM,202012,Other UK Airports,TIREE,565,242,133.471074,544,230,136.521739,21,12,75.000000,2021-12-01
3/17/2022 11:49:27 AM,202101,Other UK Airports,ABERDEEN,90979,45816,98.574734,90740,45816,98.053082,239,0,Null,2022-01-01
3/17/2022 11:49:27 AM,202101,Non UK Reporting Airports,ALDERNEY,2409,1521,58.382643,2409,1521,58.382643,0,0,Null,2022-01-01
3/17/2022 11:49:27 AM,202101,Other UK Airports,BARRA,630,144,337.500000,630,144,337.500000,0,0,Null,2022-01-01
3/17/2022 11:49:27 AM,202101,Other UK Airports,BELFAST CITY (GEORGE BEST),63213,18471,242.228358,63213,18471,242.228358,0,0,Null,2022-01-01
3/17/2022 11:49:27 AM,202101,Other UK Airports,BELFAST INTERNATIONAL,220502,29163,656.101910,220502,29163,656.101910,0,0,Null,2022-01-01
3/17/2022 11:49:27 AM,202101,Other UK Airports,BENBECULA,1457,1237,17.784964,1457,617,136.142626,0,620,Null,2022-01-01
3/17/2022 11:49:27 AM,202101,Other UK Airports,BIGGIN HILL,128,83,54.216867,128,83,54.216867,0,0,Null,2022-01-01
3/17/2022 11:49:27 AM,202101,Other UK Airports,BIRMINGHAM,264906,33967,679.892248,264094,33967,677.501693,812,0,Null,2022-01-01
3/17/2022 11:49:27 AM,202101,Other UK Airports,BOURNEMOUTH,15576,822,1794.890511,15576,822,1794.890511,0,0,Null,2022-01-01
3/17/2022 11:49:27 AM,202101,Other UK Airports,BRISTOL,197409,18484,967.999351,196434,18484,962.724519,975,0,Null,2022-01-01
3/17/2022 11:49:27 AM,202101,Other UK Airports,CAMPBELTOWN,366,67,446.268657,274,62,341.935484,92,5,1740.000000,2022-01-01
3/17/2022 11:49:27 AM,202101,Other UK Airports,CARDIFF WALES,11191,591,1793.570220,10664,591,1704.399323,527,0,Null,2022-01-01
3/17/2022 11:49:27 AM,202101,Other UK Airports,CITY OF DERRY (EGLINTON),7292,1111,556.345635,7292,1111,556.345635,0,0,Null,2022-01-01
3/17/2022 11:49:27 AM,202101,Other UK Airports,DONCASTER SHEFFIELD,27696,5153,437.473317,27659,5130,439.161793,37,23,60.869565,2022-01-01
3/17/2022 11:49:27 AM,202101,Other UK Airports,DUNDEE,1238,4,30850.000000,1238,4,30850.000000,0,0,Null,2022-01-01
3/17/2022 11:49:27 AM,202101,Other UK Airports,EAST MIDLANDS INTERNATIONAL,57972,4802,1107.246980,57972,4802,1107.246980,0,0,Null,2022-01-01
3/17/2022 11:49:27 AM,202101,Other UK Airports,EDINBURGH,316778,43413,629.684657,316687,43413,629.475042,91,0,Null,2022-01-01
3/17/2022 11:49:27 AM,202101,Other UK Airports,EXETER,10511,502,1993.824701,10511,502,1993.824701,0,0,Null,2022-01-01
3/17/2022 11:49:27 AM,202101,London Area Airports,GATWICK,799043,88358,804.324453,798346,88224,804.907962,697,134,420.149254,2022-01-01
3/17/2022 11:49:27 AM,202101,Other UK Airports,GLASGOW,214779,29068,638.884684,214739,29068,638.747076,40,0,Null,2022-01-01
3/17/2022 11:49:27 AM,202101,Non UK Reporting Airports,GUERNSEY,23922,3305,623.812405,23896,3305,623.025719,26,0,Null,2022-01-01
3/17/2022 11:49:27 AM,202101,London Area Airports,HEATHROW,2598595,677356,283.637998,2598278,677356,283.591199,317,0,Null,2022-01-01
3/17/2022 11:49:27 AM,202101,Other UK Airports,HUMBERSIDE,2885,1357,112.601326,2885,1357,112.601326,0,0,Null,2022-01-01
3/17/2022 11:49:27 AM,202101,Other UK Airports,INVERNESS,21696,1128,1823.404255,21696,1128,1823.404255,0,0,Null,2022-01-01
3/17/2022 11:49:27 AM,202101,Other UK Airports,ISLAY,876,142,516.901408,855,141,506.382979,21,1,2000.000000,2022-01-01
3/17/2022 11:49:27 AM,202101,Non UK Reporting Airports,ISLE OF MAN,25103,1218,1961.001642,25103,1218,1961.001642,0,0,Null,2022-01-01
3/17/2022 11:49:27 AM,202101,Other UK Airports,ISLES OF SCILLY (ST.MARYS),1888,627,201.116427,1888,627,201.116427,0,0,Null,2022-01-01
3/17/2022 11:49:27 AM,202101,Non UK Reporting Airports,JERSEY,50361,5665,788.984996,50355,5665,788.879082,6,0,Null,2022-01-01
3/17/2022 11:49:27 AM,202101,Other UK Airports,KIRKWALL,6972,2722,156.135195,5867,2073,183.019778,1105,649,70.261941,2022-01-01
3/17/2022 11:49:27 AM,202101,Other UK Airports,LANDS END (ST JUST),1873,617,203.565640,1873,617,203.565640,0,0,Null,2022-01-01
3/17/2022 11:49:27 AM,202101,Other UK Airports,LEEDS BRADFORD,62480,4775,1208.481675,62283,4775,1204.356021,197,0,Null,2022-01-01
3/17/2022 11:49:27 AM,202101,Other UK Airports,LERWICK (TINGWALL),80,11,627.272727,80,11,627.272727,0,0,Null,2022-01-01
3/17/2022 11:49:27 AM,202101,Other UK Airports,LIVERPOOL (JOHN LENNON),103322,16099,541.791416,103322,16099,541.791416,0,0,Null,2022-01-01
3/17/2022 11:49:27 AM,202101,London Area Airports,LONDON CITY,66837,6474,932.391103,66837,6474,932.391103,0,0,Null,2022-01-01
3/17/2022 11:49:27 AM,202101,London Area Airports,LUTON,451606,118405,281.407880,451465,118274,281.711111,141,131,7.633588,2022-01-01
3/17/2022 11:49:27 AM,202101,Other UK Airports,MANCHESTER,745217,126963,486.956042,744330,126921,486.451415,887,42,2011.904762,2022-01-01
3/17/2022 11:49:27 AM,202101,Other UK Airports,NEWCASTLE,105452,11257,836.768233,105071,11197,838.385282,381,60,535.000000,2022-01-01
3/17/2022 11:49:27 AM,202101,Other UK Airports,NEWQUAY,2843,126,2156.349206,2843,126,2156.349206,0,0,Null,2022-01-01
3/17/2022 11:49:27 AM,202101,Other UK Airports,NORWICH,9855,5604,75.856531,9855,5604,75.856531,0,0,Null,2022-01-01
3/17/2022 11:49:27 AM,202101,Other UK Airports,OXFORD (KIDLINGTON),0,5,Null,0,5,Null,0,0,Null,2022-01-01
3/17/2022 11:49:27 AM,202101,Other UK Airports,PRESTWICK,6725,491,1269.653768,6725,491,1269.653768,0,0,Null,2022-01-01
3/17/2022 11:49:27 AM,202101,Other UK Airports,SOUTHAMPTON,20128,2949,582.536453,20070,2949,580.569685,58,0,Null,2022-01-01
3/17/2022 11:49:27 AM,202101,London Area Airports,SOUTHEND,0,447,Null,0,447,Null,0,0,Null,2022-01-01
3/17/2022 11:49:27 AM,202101,London Area Airports,STANSTED,665365,104477,536.853087,664920,104477,536.427156,445,0,Null,2022-01-01
3/17/2022 11:49:27 AM,202101,Other UK Airports,STORNOWAY,4852,1488,226.075269,4757,1403,239.059159,95,85,11.764706,2022-01-01
3/17/2022 11:49:27 AM,202101,Other UK Airports,SUMBURGH,14518,8756,65.806304,14165,8704,62.741268,353,52,578.846154,2022-01-01
3/17/2022 11:49:27 AM,202101,Other UK Airports,TEESSIDE INTERNATIONAL AIRPORT,2882,970,197.113402,2882,697,313.486370,0,273,Null,2022-01-01
3/17/2022 11:49:27 AM,202101,Other UK Airports,TIREE,480,113,324.778761,465,107,334.579439,15,6,150.000000,2022-01-01
4/13/2022 11:47:26 AM,202102,Other UK Airports,ABERDEEN,106150,41538,155.549136,106150,41538,155.549136,0,0,Null,2022-02-01
4/13/2022 11:47:26 AM,202102,Non UK Reporting Airports,ALDERNEY,2707,153,1669.281046,2707,153,1669.281046,0,0,Null,2022-02-01
4/13/2022 11:47:26 AM,202102,Other UK Airports,BARRA,774,185,318.378378,774,183,322.950820,0,2,Null,2022-02-01
4/13/2022 11:47:26 AM,202102,Other UK Airports,BELFAST CITY (GEORGE BEST),88604,14559,508.585755,88604,14559,508.585755,0,0,Null,2022-02-01
4/13/2022 11:47:26 AM,202102,Other UK Airports,BELFAST INTERNATIONAL,304896,24480,1145.490196,304896,24480,1145.490196,0,0,Null,2022-02-01
4/13/2022 11:47:26 AM,202102,Other UK Airports,BENBECULA,2066,1195,72.887029,2050,551,272.050817,16,644,-97.515528,2022-02-01
4/13/2022 11:47:26 AM,202102,Other UK Airports,BIGGIN HILL,359,96,273.958333,359,96,273.958333,0,0,Null,2022-02-01
4/13/2022 11:47:26 AM,202102,Other UK Airports,BIRMINGHAM,424227,12082,3411.231584,424227,12082,3411.231584,0,0,Null,2022-02-01
4/13/2022 11:47:26 AM,202102,Other UK Airports,BOURNEMOUTH,31776,41,77402.439024,31776,41,77402.439024,0,0,Null,2022-02-01
4/13/2022 11:47:26 AM,202102,Other UK Airports,BRISTOL,363485,4182,8591.654711,363287,4182,8586.920134,198,0,Null,2022-02-01
4/13/2022 11:47:26 AM,202102,Other UK Airports,CAMPBELTOWN,283,52,444.230769,177,49,261.224490,106,3,3433.333333,2022-02-01
4/13/2022 11:47:26 AM,202102,Other UK Airports,CARDIFF WALES,18674,1354,1279.172821,18674,1354,1279.172821,0,0,Null,2022-02-01
4/13/2022 11:47:26 AM,202102,Other UK Airports,CITY OF DERRY (EGLINTON),10171,1147,786.748038,10171,1147,786.748038,0,0,Null,2022-02-01
4/13/2022 11:47:26 AM,202102,Other UK Airports,DONCASTER SHEFFIELD,30763,3703,730.758844,30763,3703,730.758844,0,0,Null,2022-02-01
4/13/2022 11:47:26 AM,202102,Other UK Airports,DUNDEE,1834,0,Null,1834,0,Null,0,0,Null,2022-02-01
4/13/2022 11:47:26 AM,202102,Other UK Airports,EAST MIDLANDS INTERNATIONAL,110775,151,73260.927152,110775,151,73260.927152,0,0,Null,2022-02-01
4/13/2022 11:47:26 AM,202102,Other UK Airports,EDINBURGH,514047,19483,2538.438639,514047,19483,2538.438639,0,0,Null,2022-02-01
4/13/2022 11:47:26 AM,202102,Other UK Airports,EXETER,15233,238,6300.420168,15233,238,6300.420168,0,0,Null,2022-02-01
4/13/2022 11:47:26 AM,202102,London Area Airports,GATWICK,1267829,32747,3771.588237,1267829,32747,3771.588237,0,0,Null,2022-02-01
4/13/2022 11:47:26 AM,202102,Other UK Airports,GLASGOW,306643,16119,1802.369874,306643,16119,1802.369874,0,0,Null,2022-02-01
4/13/2022 11:47:26 AM,202102,Non UK Reporting Airports,GUERNSEY,33387,991,3269.021191,33387,991,3269.021191,0,0,Null,2022-02-01
4/13/2022 11:47:26 AM,202102,London Area Airports,HEATHROW,2863496,461188,520.895600,2863496,461188,520.895600,0,0,Null,2022-02-01
4/13/2022 11:47:26 AM,202102,Other UK Airports,HUMBERSIDE,2392,1090,119.449541,2392,1090,119.449541,0,0,Null,2022-02-01
4/13/2022 11:47:26 AM,202102,Other UK Airports,INVERNESS,28668,373,7585.790885,28638,373,7577.747989,30,0,Null,2022-02-01
4/13/2022 11:47:26 AM,202102,Other UK Airports,ISLAY,1255,182,589.560440,1227,181,577.900552,28,1,2700.000000,2022-02-01
4/13/2022 11:47:26 AM,202102,Non UK Reporting Airports,ISLE OF MAN,34570,963,3489.823468,34570,963,3489.823468,0,0,Null,2022-02-01
4/13/2022 11:47:26 AM,202102,Other UK Airports,ISLES OF SCILLY (ST.MARYS),2342,649,260.862866,2342,649,260.862866,0,0,Null,2022-02-01
4/13/2022 11:47:26 AM,202102,Non UK Reporting Airports,JERSEY,66883,2864,2235.300279,66883,2864,2235.300279,0,0,Null,2022-02-01
4/13/2022 11:47:26 AM,202102,Other UK Airports,KIRKWALL,8344,3063,172.412667,7357,2431,202.632661,987,632,56.170886,2022-02-01
4/13/2022 11:47:26 AM,202102,Other UK Airports,LANDS END (ST JUST),2329,649,258.859784,2329,649,258.859784,0,0,Null,2022-02-01
4/13/2022 11:47:26 AM,202102,Other UK Airports,LEEDS BRADFORD,111138,905,12180.441989,111138,905,12180.441989,0,0,Null,2022-02-01
4/13/2022 11:47:26 AM,202102,Other UK Airports,LERWICK (TINGWALL),110,37,197.297297,110,37,197.297297,0,0,Null,2022-02-01
4/13/2022 11:47:26 AM,202102,Other UK Airports,LIVERPOOL (JOHN LENNON),174015,8337,1987.261605,174015,8337,1987.261605,0,0,Null,2022-02-01
4/13/2022 11:47:26 AM,202102,London Area Airports,LONDON CITY,124066,3796,3168.335090,124066,3796,3168.335090,0,0,Null,2022-02-01
4/13/2022 11:47:26 AM,202102,London Area Airports,LUTON,618623,96972,537.939818,618623,96972,537.939818,0,0,Null,2022-02-01
4/13/2022 11:47:26 AM,202102,Other UK Airports,MANCHESTER,1134172,78076,1352.651263,1133092,78060,1351.565462,1080,16,6650.000000,2022-02-01
4/13/2022 11:47:26 AM,202102,Other UK Airports,NEWCASTLE,153315,4596,3235.835509,153027,4596,3229.569191,288,0,Null,2022-02-01
4/13/2022 11:47:26 AM,202102,Other UK Airports,NEWQUAY,5511,0,Null,5511,0,Null,0,0,Null,2022-02-01
4/13/2022 11:47:26 AM,202102,Other UK Airports,NORWICH,10276,5369,91.395046,10276,5369,91.395046,0,0,Null,2022-02-01
4/13/2022 11:47:26 AM,202102,Other UK Airports,PRESTWICK,14070,1,1406900.000000,14070,1,1406900.000000,0,0,Null,2022-02-01
4/13/2022 11:47:26 AM,202102,Other UK Airports,SOUTHAMPTON,29973,1864,1507.993562,29973,1864,1507.993562,0,0,Null,2022-02-01
4/13/2022 11:47:26 AM,202102,London Area Airports,STANSTED,1151740,35058,3185.241600,1151740,35058,3185.241600,0,0,Null,2022-02-01
4/13/2022 11:47:26 AM,202102,Other UK Airports,STORNOWAY,6537,1338,388.565022,6422,1223,425.102208,115,115,(None),2022-02-01
4/13/2022 11:47:26 AM,202102,Other UK Airports,SUMBURGH,15127,8943,69.149055,14825,8886,66.835472,302,57,429.824561,2022-02-01
4/13/2022 11:47:26 AM,202102,Other UK Airports,TEESSIDE INTERNATIONAL AIRPORT,5346,1522,251.248357,5346,1172,356.143345,0,350,Null,2022-02-01
4/13/2022 11:47:26 AM,202102,Other UK Airports,TIREE,560,158,254.430380,549,142,286.619718,11,16,-31.250000,2022-02-01
5/20/2022 5:10:06 PM,202103,Other UK Airports,ABERDEEN,142661,53831,165.016440,142661,53831,165.016440,0,0,Null,2022-03-01
5/20/2022 5:10:06 PM,202103,Non UK Reporting Airports,ALDERNEY,3681,1021,260.528893,3681,1021,260.528893,0,0,Null,2022-03-01
5/20/2022 5:10:06 PM,202103,Other UK Airports,BARRA,1004,221,354.298643,1004,221,354.298643,0,0,Null,2022-03-01
5/20/2022 5:10:06 PM,202103,Other UK Airports,BELFAST CITY (GEORGE BEST),104971,17166,511.505301,104971,17166,511.505301,0,0,Null,2022-03-01
5/20/2022 5:10:06 PM,202103,Other UK Airports,BELFAST INTERNATIONAL,365707,41776,775.399751,365707,41776,775.399751,0,0,Null,2022-03-01
5/20/2022 5:10:06 PM,202103,Other UK Airports,BENBECULA,2372,1598,48.435544,2300,767,199.869622,72,831,-91.335740,2022-03-01
5/20/2022 5:10:06 PM,202103,Other UK Airports,BIGGIN HILL,190,253,-24.901186,190,253,-24.901186,0,0,Null,2022-03-01
5/20/2022 5:10:06 PM,202103,Other UK Airports,BIRMINGHAM,566647,17885,3068.280682,566647,17885,3068.280682,0,0,Null,2022-03-01
5/20/2022 5:10:06 PM,202103,Other UK Airports,BOURNEMOUTH,37435,0,Null,37435,0,Null,0,0,Null,2022-03-01
5/20/2022 5:10:06 PM,202103,Other UK Airports,BRISTOL,481851,6102,7796.607670,481687,6102,7793.920026,164,0,Null,2022-03-01
5/20/2022 5:10:06 PM,202103,Other UK Airports,CAMPBELTOWN,402,104,286.538462,347,100,247.000000,55,4,1275.000000,2022-03-01
5/20/2022 5:10:06 PM,202103,Other UK Airports,CARDIFF WALES,37617,1669,2153.864590,37617,1669,2153.864590,0,0,Null,2022-03-01
5/20/2022 5:10:06 PM,202103,Other UK Airports,CITY OF DERRY (EGLINTON),11060,1831,504.041507,11060,1831,504.041507,0,0,Null,2022-03-01
5/20/2022 5:10:06 PM,202103,Other UK Airports,DONCASTER SHEFFIELD,48552,3771,1187.509944,48552,3771,1187.509944,0,0,Null,2022-03-01
5/20/2022 5:10:06 PM,202103,Other UK Airports,DUNDEE,2541,0,Null,2541,0,Null,0,0,Null,2022-03-01
5/20/2022 5:10:06 PM,202103,Other UK Airports,EAST MIDLANDS INTERNATIONAL,148152,71,208564.788732,148152,71,208564.788732,0,0,Null,2022-03-01
5/20/2022 5:10:06 PM,202103,Other UK Airports,EDINBURGH,680097,20946,3146.906331,680097,20946,3146.906331,0,0,Null,2022-03-01
5/20/2022 5:10:06 PM,202103,Other UK Airports,EXETER,18428,323,5605.263158,18428,323,5605.263158,0,0,Null,2022-03-01
5/20/2022 5:10:06 PM,202103,London Area Airports,GATWICK,1745510,35417,4828.452438,1745510,35417,4828.452438,0,0,Null,2022-03-01
5/20/2022 5:10:06 PM,202103,Other UK Airports,GLASGOW,425551,22221,1815.084830,425551,22221,1815.084830,0,0,Null,2022-03-01
5/20/2022 5:10:06 PM,202103,Non UK Reporting Airports,GUERNSEY,42437,2351,1705.061676,42437,2351,1705.061676,0,0,Null,2022-03-01
5/20/2022 5:10:06 PM,202103,London Area Airports,HEATHROW,4196820,541703,674.745571,4196237,541669,674.686571,583,34,1614.705882,2022-03-01
5/20/2022 5:10:06 PM,202103,Other UK Airports,HUMBERSIDE,3491,1575,121.650794,3491,1557,124.213231,0,18,Null,2022-03-01
5/20/2022 5:10:06 PM,202103,Other UK Airports,INVERNESS,43665,476,9073.319328,43665,476,9073.319328,0,0,Null,2022-03-01
5/20/2022 5:10:06 PM,202103,Other UK Airports,ISLAY,2208,297,643.434343,2188,292,649.315068,20,5,300.000000,2022-03-01
5/20/2022 5:10:06 PM,202103,Non UK Reporting Airports,ISLE OF MAN,42646,1584,2592.297980,42646,1584,2592.297980,0,0,Null,2022-03-01
5/20/2022 5:10:06 PM,202103,Other UK Airports,ISLES OF SCILLY (ST.MARYS),4600,1251,267.705835,4600,1251,267.705835,0,0,Null,2022-03-01
5/20/2022 5:10:06 PM,202103,Non UK Reporting Airports,JERSEY,87963,4473,1866.532529,87899,4473,1865.101721,64,0,Null,2022-03-01
5/20/2022 5:10:06 PM,202103,Other UK Airports,KIRKWALL,9505,4505,110.987791,8603,3478,147.354802,902,1027,-12.171373,2022-03-01
5/20/2022 5:10:06 PM,202103,Other UK Airports,LANDS END (ST JUST),3850,1251,207.753797,3845,1251,207.354117,5,0,Null,2022-03-01
5/20/2022 5:10:06 PM,202103,Other UK Airports,LEEDS BRADFORD,164800,782,20974.168798,164800,782,20974.168798,0,0,Null,2022-03-01
5/20/2022 5:10:06 PM,202103,Other UK Airports,LERWICK (TINGWALL),192,82,134.146341,192,82,134.146341,0,0,Null,2022-03-01
5/20/2022 5:10:06 PM,202103,Other UK Airports,LIVERPOOL (JOHN LENNON),225474,7463,2921.224709,225474,7463,2921.224709,0,0,Null,2022-03-01
5/20/2022 5:10:06 PM,202103,London Area Airports,LONDON CITY,190880,4317,4321.589066,190880,4317,4321.589066,0,0,Null,2022-03-01
5/20/2022 5:10:06 PM,202103,London Area Airports,LUTON,837114,102107,719.839972,837114,102107,719.839972,0,0,Null,2022-03-01
5/20/2022 5:10:06 PM,202103,Other UK Airports,MANCHESTER,1465390,94577,1449.414763,1463509,94571,1447.524082,1881,6,31250.000000,2022-03-01
5/20/2022 5:10:06 PM,202103,Other UK Airports,NEWCASTLE,211516,8074,2519.717612,211455,8074,2518.962101,61,0,Null,2022-03-01
5/20/2022 5:10:06 PM,202103,Other UK Airports,NEWQUAY,9341,0,Null,9341,0,Null,0,0,Null,2022-03-01
5/20/2022 5:10:06 PM,202103,Other UK Airports,NORWICH,15489,6779,128.485027,15489,6779,128.485027,0,0,Null,2022-03-01
5/20/2022 5:10:06 PM,202103,Other UK Airports,PRESTWICK,19974,59,33754.237288,19974,31,64332.258065,0,28,Null,2022-03-01
5/20/2022 5:10:06 PM,202103,Other UK Airports,SOUTHAMPTON,41468,2968,1297.169811,41468,2968,1297.169811,0,0,Null,2022-03-01
5/20/2022 5:10:06 PM,202103,London Area Airports,STANSTED,1492960,44774,3234.435163,1492960,44774,3234.435163,0,0,Null,2022-03-01
5/20/2022 5:10:06 PM,202103,Other UK Airports,STORNOWAY,7769,1817,327.572922,7622,1709,345.991808,147,108,36.111111,2022-03-01
5/20/2022 5:10:06 PM,202103,Other UK Airports,SUMBURGH,19211,10876,76.636631,19071,10788,76.779755,140,88,59.090909,2022-03-01
5/20/2022 5:10:06 PM,202103,Other UK Airports,TEESSIDE INTERNATIONAL AIRPORT,6970,2022,244.708210,6970,1559,347.081462,0,463,Null,2022-03-01
5/20/2022 5:10:06 PM,202103,Other UK Airports,TIREE,828,180,360.000000,748,173,332.369942,80,7,1042.857143,2022-03-01
6/28/2022 2:48:11 PM,202104,Other UK Airports,ABERDEEN,164336,57388,186.359518,164336,57388,186.359518,0,0,Null,2022-04-01
6/28/2022 2:48:11 PM,202104,Non UK Reporting Airports,ALDERNEY,4075,4080,-0.122549,4075,4080,-0.122549,0,0,Null,2022-04-01
6/28/2022 2:48:11 PM,202104,Other UK Airports,BARRA,1008,389,159.125964,1008,389,159.125964,0,0,Null,2022-04-01
6/28/2022 2:48:11 PM,202104,Other UK Airports,BELFAST CITY (GEORGE BEST),111236,28751,286.894369,111236,28751,286.894369,0,0,Null,2022-04-01
6/28/2022 2:48:11 PM,202104,Other UK Airports,BELFAST INTERNATIONAL,431468,55416,678.598239,431468,55416,678.598239,0,0,Null,2022-04-01
6/28/2022 2:48:11 PM,202104,Other UK Airports,BENBECULA,2368,1994,18.756269,2344,960,144.166667,24,1034,-97.678917,2022-04-01
6/28/2022 2:48:11 PM,202104,Other UK Airports,BIGGIN HILL,329,96,242.708333,329,96,242.708333,0,0,Null,2022-04-01
6/28/2022 2:48:11 PM,202104,Other UK Airports,BIRMINGHAM,745257,27288,2631.079595,745257,27288,2631.079595,0,0,Null,2022-04-01
6/28/2022 2:48:11 PM,202104,Other UK Airports,BOURNEMOUTH,60772,85,71396.470588,60770,85,71394.117647,2,0,Null,2022-04-01
6/28/2022 2:48:11 PM,202104,Other UK Airports,BRISTOL,655873,12886,4989.810647,655617,12886,4987.823995,256,0,Null,2022-04-01
6/28/2022 2:48:11 PM,202104,Other UK Airports,CAMPBELTOWN,409,119,243.697479,391,115,240.000000,18,4,350.000000,2022-04-01
6/28/2022 2:48:11 PM,202104,Other UK Airports,CARDIFF WALES,54334,502,10723.505976,54334,502,10723.505976,0,0,Null,2022-04-01
6/28/2022 2:48:11 PM,202104,Other UK Airports,CITY OF DERRY (EGLINTON),12810,3360,281.250000,12810,3360,281.250000,0,0,Null,2022-04-01
6/28/2022 2:48:11 PM,202104,Other UK Airports,DONCASTER SHEFFIELD,81756,4297,1802.629742,81756,4297,1802.629742,0,0,Null,2022-04-01
6/28/2022 2:48:11 PM,202104,Other UK Airports,DUNDEE,2907,239,1116.317992,2907,239,1116.317992,0,0,Null,2022-04-01
6/28/2022 2:48:11 PM,202104,Other UK Airports,EAST MIDLANDS INTERNATIONAL,249034,78,319174.358974,249034,78,319174.358974,0,0,Null,2022-04-01
6/28/2022 2:48:11 PM,202104,Other UK Airports,EDINBURGH,931883,32444,2772.281470,931709,32444,2771.745161,174,0,Null,2022-04-01
6/28/2022 2:48:11 PM,202104,Other UK Airports,EXETER,27154,1617,1579.282622,27154,1617,1579.282622,0,0,Null,2022-04-01
6/28/2022 2:48:11 PM,202104,London Area Airports,GATWICK,2776461,48687,5602.674225,2775387,48687,5600.468297,1074,0,Null,2022-04-01
6/28/2022 2:48:11 PM,202104,Other UK Airports,GLASGOW,518536,30872,1579.632029,518284,30872,1578.815755,252,0,Null,2022-04-01
6/28/2022 2:48:11 PM,202104,Non UK Reporting Airports,GUERNSEY,57193,5860,875.989761,57193,5860,875.989761,0,0,Null,2022-04-01
6/28/2022 2:48:11 PM,202104,London Area Airports,HEATHROW,5081252,536040,847.924036,5081252,536040,847.924036,0,0,Null,2022-04-01
6/28/2022 2:48:11 PM,202104,Other UK Airports,HUMBERSIDE,5021,1514,231.638045,5021,1501,234.510326,0,13,Null,2022-04-01
6/28/2022 2:48:11 PM,202104,Other UK Airports,INVERNESS,64207,1848,3374.404762,64207,1670,3744.730539,0,178,Null,2022-04-01
6/28/2022 2:48:11 PM,202104,Other UK Airports,ISLAY,2119,309,585.760518,2113,304,595.065789,6,5,20.000000,2022-04-01
6/28/2022 2:48:11 PM,202104,Non UK Reporting Airports,ISLE OF MAN,49196,1452,3288.154270,49196,1452,3288.154270,0,0,Null,2022-04-01
6/28/2022 2:48:11 PM,202104,Other UK Airports,ISLES OF SCILLY (ST.MARYS),9812,4016,144.322709,9812,4016,144.322709,0,0,Null,2022-04-01
6/28/2022 2:48:11 PM,202104,Non UK Reporting Airports,JERSEY,119602,7036,1599.857874,119502,7036,1598.436612,100,0,Null,2022-04-01
6/28/2022 2:48:11 PM,202104,Other UK Airports,KIRKWALL,11395,4317,163.956451,10471,3220,225.186335,924,1097,-15.770283,2022-04-01
6/28/2022 2:48:11 PM,202104,Other UK Airports,LANDS END (ST JUST),6743,3181,111.977366,6732,3181,111.631562,11,0,Null,2022-04-01
6/28/2022 2:48:11 PM,202104,Other UK Airports,LEEDS BRADFORD,251780,1205,20794.605809,251780,1205,20794.605809,0,0,Null,2022-04-01
6/28/2022 2:48:11 PM,202104,Other UK Airports,LERWICK (TINGWALL),302,141,114.184397,302,141,114.184397,0,0,Null,2022-04-01
6/28/2022 2:48:11 PM,202104,Other UK Airports,LIVERPOOL (JOHN LENNON),318901,11230,2739.723954,318901,11230,2739.723954,0,0,Null,2022-04-01
6/28/2022 2:48:11 PM,202104,London Area Airports,LONDON CITY,257849,10839,2278.900268,257849,10839,2278.900268,0,0,Null,2022-04-01
6/28/2022 2:48:11 PM,202104,London Area Airports,LUTON,1188388,108743,992.840918,1188236,108743,992.701139,152,0,Null,2022-04-01
6/28/2022 2:48:11 PM,202104,Other UK Airports,MANCHESTER,1887592,80822,2235.492811,1885877,80822,2233.370864,1715,0,Null,2022-04-01
6/28/2022 2:48:11 PM,202104,Other UK Airports,NEWCASTLE,310941,13120,2269.977134,310863,13120,2269.382622,78,0,Null,2022-04-01
6/28/2022 2:48:11 PM,202104,Other UK Airports,NEWQUAY,18824,32,58725.000000,18824,32,58725.000000,0,0,Null,2022-04-01
6/28/2022 2:48:11 PM,202104,Other UK Airports,NORWICH,17814,7414,140.275155,17814,7414,140.275155,0,0,Null,2022-04-01
6/28/2022 2:48:11 PM,202104,Other UK Airports,OXFORD (KIDLINGTON),0,110,Null,0,110,Null,0,0,Null,2022-04-01
6/28/2022 2:48:11 PM,202104,Other UK Airports,PRESTWICK,47180,0,Null,47180,0,Null,0,0,Null,2022-04-01
6/28/2022 2:48:11 PM,202104,Other UK Airports,SOUTHAMPTON,48160,4590,949.237473,48160,4590,949.237473,0,0,Null,2022-04-01
6/28/2022 2:48:11 PM,202104,London Area Airports,STANSTED,2021090,84826,2282.630326,2021090,84826,2282.630326,0,0,Null,2022-04-01
6/28/2022 2:48:11 PM,202104,Other UK Airports,STORNOWAY,8410,2184,285.073260,8338,2069,302.996617,72,115,-37.391304,2022-04-01
6/28/2022 2:48:11 PM,202104,Other UK Airports,SUMBURGH,20846,11453,82.013446,20658,11373,81.640728,188,80,135.000000,2022-04-01
6/28/2022 2:48:11 PM,202104,Other UK Airports,TEESSIDE INTERNATIONAL AIRPORT,14216,2346,505.967604,13861,1887,634.552199,355,459,-22.657952,2022-04-01
6/28/2022 2:48:11 PM,202104,Other UK Airports,TIREE,920,251,266.533865,907,244,271.721311,13,7,85.714286,2022-04-01
6/28/2022 2:48:11 PM,202104,Other UK Airports,WICK JOHN O GROATS,522,0,Null,522,0,Null,0,0,Null,2022-04-01
7/20/2022 1:54:52 PM,202105,Other UK Airports,ABERDEEN,182234,71808,153.779523,182234,71808,153.779523,0,0,Null,2022-05-01
7/20/2022 1:54:52 PM,202105,Non UK Reporting Airports,ALDERNEY,4866,4251,14.467184,4866,4251,14.467184,0,0,Null,2022-05-01
7/20/2022 1:54:52 PM,202105,Other UK Airports,BARRA,1406,1211,16.102395,1406,1211,16.102395,0,0,Null,2022-05-01
7/20/2022 1:54:52 PM,202105,Other UK Airports,BELFAST CITY (GEORGE BEST),130431,37665,246.292314,130431,37665,246.292314,0,0,Null,2022-05-01
7/20/2022 1:54:52 PM,202105,Other UK Airports,BELFAST INTERNATIONAL,472142,116925,303.799016,472142,116925,303.799016,0,0,Null,2022-05-01
7/20/2022 1:54:52 PM,202105,Other UK Airports,BENBECULA,2746,2092,31.261950,2746,1620,69.506173,0,472,Null,2022-05-01
7/20/2022 1:54:52 PM,202105,Other UK Airports,BIGGIN HILL,527,204,158.333333,527,204,158.333333,0,0,Null,2022-05-01
7/20/2022 1:54:52 PM,202105,Other UK Airports,BIRMINGHAM,882907,49722,1675.686819,882820,49680,1677.012882,87,42,107.142857,2022-05-01
7/20/2022 1:54:52 PM,202105,Other UK Airports,BOURNEMOUTH,73755,1657,4351.116476,73755,1657,4351.116476,0,0,Null,2022-05-01
7/20/2022 1:54:52 PM,202105,Other UK Airports,BRISTOL,800292,42600,1778.619718,800186,42600,1778.370892,106,0,Null,2022-05-01
7/20/2022 1:54:52 PM,202105,Other UK Airports,CAMPBELTOWN,680,473,43.763214,672,305,120.327869,8,168,-95.238095,2022-05-01
7/20/2022 1:54:52 PM,202105,Other UK Airports,CARDIFF WALES,98779,1188,8214.730640,98557,1188,8196.043771,222,0,Null,2022-05-01
7/20/2022 1:54:52 PM,202105,Other UK Airports,CITY OF DERRY (EGLINTON),13910,4469,211.255314,13910,4469,211.255314,0,0,Null,2022-05-01
7/20/2022 1:54:52 PM,202105,Other UK Airports,DONCASTER SHEFFIELD,112045,8676,1191.436146,111969,8676,1190.560166,76,0,Null,2022-05-01
7/20/2022 1:54:52 PM,202105,Other UK Airports,DUNDEE,3316,1354,144.903988,3187,1354,135.376662,129,0,Null,2022-05-01
7/20/2022 1:54:52 PM,202105,Other UK Airports,EAST MIDLANDS INTERNATIONAL,350875,1971,17701.877220,350875,1971,17701.877220,0,0,Null,2022-05-01
7/20/2022 1:54:52 PM,202105,Other UK Airports,EDINBURGH,1067915,80572,1225.417018,1067915,80572,1225.417018,0,0,Null,2022-05-01
7/20/2022 1:54:52 PM,202105,Other UK Airports,EXETER,39854,4608,764.887153,39854,4608,764.887153,0,0,Null,2022-05-01
7/20/2022 1:54:52 PM,202105,London Area Airports,GATWICK,3080370,133481,2207.721698,3080370,133465,2207.998352,0,16,Null,2022-05-01
7/20/2022 1:54:52 PM,202105,Other UK Airports,GLASGOW,656965,76721,756.304011,656965,76721,756.304011,0,0,Null,2022-05-01
7/20/2022 1:54:52 PM,202105,Non UK Reporting Airports,GUERNSEY,60230,7687,683.530636,60040,7687,681.058931,190,0,Null,2022-05-01
7/20/2022 1:54:52 PM,202105,London Area Airports,HEATHROW,5341348,675375,690.871442,5341073,675214,691.019292,275,161,70.807453,2022-05-01
7/20/2022 1:54:52 PM,202105,Other UK Airports,HUMBERSIDE,8632,1661,419.686936,8632,1661,419.686936,0,0,Null,2022-05-01
7/20/2022 1:54:52 PM,202105,Other UK Airports,INVERNESS,70764,13627,419.292581,70764,13423,427.184683,0,204,Null,2022-05-01
7/20/2022 1:54:52 PM,202105,Other UK Airports,ISLAY,2820,1035,172.463768,2814,976,188.319672,6,59,-89.830508,2022-05-01
7/20/2022 1:54:52 PM,202105,Non UK Reporting Airports,ISLE OF MAN,48382,2701,1691.262495,48382,2701,1691.262495,0,0,Null,2022-05-01
7/20/2022 1:54:52 PM,202105,Other UK Airports,ISLES OF SCILLY (ST.MARYS),10831,8123,33.337437,10831,8123,33.337437,0,0,Null,2022-05-01
7/20/2022 1:54:52 PM,202105,Non UK Reporting Airports,JERSEY,128737,25990,395.332820,128728,25990,395.298192,9,0,Null,2022-05-01
7/20/2022 1:54:52 PM,202105,Other UK Airports,KIRKWALL,12539,5691,120.330346,11698,5160,126.705426,841,531,58.380414,2022-05-01
7/20/2022 1:54:52 PM,202105,Other UK Airports,LANDS END (ST JUST),7444,5562,33.836749,7440,5562,33.764833,4,0,Null,2022-05-01
7/20/2022 1:54:52 PM,202105,Other UK Airports,LEEDS BRADFORD,345529,4126,8274.430441,345529,4126,8274.430441,0,0,Null,2022-05-01
7/20/2022 1:54:52 PM,202105,Other UK Airports,LERWICK (TINGWALL),372,242,53.719008,372,242,53.719008,0,0,Null,2022-05-01
7/20/2022 1:54:52 PM,202105,Other UK Airports,LIVERPOOL (JOHN LENNON),329550,28298,1064.569934,329550,28298,1064.569934,0,0,Null,2022-05-01
7/20/2022 1:54:52 PM,202105,London Area Airports,LONDON CITY,291121,18981,1433.749539,291121,18981,1433.749539,0,0,Null,2022-05-01
7/20/2022 1:54:52 PM,202105,London Area Airports,LUTON,1229218,184761,565.301660,1229152,184761,565.265938,66,0,Null,2022-05-01
7/20/2022 1:54:52 PM,202105,Other UK Airports,MANCHESTER,2166440,118770,1724.063316,2163307,118770,1721.425444,3133,0,Null,2022-05-01
7/20/2022 1:54:52 PM,202105,Other UK Airports,NEWCASTLE,422970,22687,1764.371667,422885,22651,1766.959516,85,36,136.111111,2022-05-01
7/20/2022 1:54:52 PM,202105,Other UK Airports,NEWQUAY,24573,2875,754.713043,24572,2875,754.678261,1,0,Null,2022-05-01
7/20/2022 1:54:52 PM,202105,Other UK Airports,NORWICH,33871,8345,305.883763,33871,8345,305.883763,0,0,Null,2022-05-01
7/20/2022 1:54:52 PM,202105,Other UK Airports,OXFORD (KIDLINGTON),0,50,Null,0,50,Null,0,0,Null,2022-05-01
7/20/2022 1:54:52 PM,202105,Other UK Airports,PRESTWICK,51993,293,17645.051195,51993,293,17645.051195,0,0,Null,2022-05-01
7/20/2022 1:54:52 PM,202105,Other UK Airports,SOUTHAMPTON,54920,11929,360.390645,54920,11929,360.390645,0,0,Null,2022-05-01
7/20/2022 1:54:52 PM,202105,London Area Airports,SOUTHEND,13871,107,12863.551402,13871,107,12863.551402,0,0,Null,2022-05-01
7/20/2022 1:54:52 PM,202105,London Area Airports,STANSTED,2142246,145581,1371.514827,2142246,145581,1371.514827,0,0,Null,2022-05-01
7/20/2022 1:54:52 PM,202105,Other UK Airports,STORNOWAY,9358,4566,104.949628,9239,4148,122.733848,119,418,-71.531100,2022-05-01
7/20/2022 1:54:52 PM,202105,Other UK Airports,SUMBURGH,22641,12892,75.620540,22605,12560,79.976115,36,332,-89.156627,2022-05-01
7/20/2022 1:54:52 PM,202105,Other UK Airports,TEESSIDE INTERNATIONAL AIRPORT,17836,3787,370.979667,17459,3216,442.879353,377,571,-33.975482,2022-05-01
7/20/2022 1:54:52 PM,202105,Other UK Airports,TIREE,1218,741,64.372470,1199,728,64.697802,19,13,46.153846,2022-05-01
7/20/2022 1:54:52 PM,202105,Other UK Airports,WICK JOHN O GROATS,792,0,Null,792,0,Null,0,0,Null,2022-05-01
8/16/2022 6:12:28 PM,202106,Other UK Airports,ABERDEEN,191138,88602,115.726507,191138,88602,115.726507,0,0,Null,2022-06-01
8/16/2022 6:12:28 PM,202106,Non UK Reporting Airports,ALDERNEY,5502,3617,52.115012,5502,3617,52.115012,0,0,Null,2022-06-01
8/16/2022 6:12:28 PM,202106,Other UK Airports,BARRA,1375,1397,-1.574803,1375,1397,-1.574803,0,0,Null,2022-06-01
8/16/2022 6:12:28 PM,202106,Other UK Airports,BELFAST CITY (GEORGE BEST),140666,68887,104.198180,140658,68887,104.186566,8,0,Null,2022-06-01
8/16/2022 6:12:28 PM,202106,Other UK Airports,BELFAST INTERNATIONAL,478551,174616,174.059078,478551,174616,174.059078,0,0,Null,2022-06-01
8/16/2022 6:12:28 PM,202106,Other UK Airports,BENBECULA,2794,2166,28.993536,2794,2010,39.004975,0,156,Null,2022-06-01
8/16/2022 6:12:28 PM,202106,Other UK Airports,BIGGIN HILL,248,184,34.782609,248,184,34.782609,0,0,Null,2022-06-01
8/16/2022 6:12:28 PM,202106,Other UK Airports,BIRMINGHAM,1043756,94065,1009.611439,1043756,93964,1010.804138,0,101,Null,2022-06-01
8/16/2022 6:12:28 PM,202106,Other UK Airports,BLACKPOOL,1578,0,Null,1578,0,Null,0,0,Null,2022-06-01
8/16/2022 6:12:28 PM,202106,Other UK Airports,BOURNEMOUTH,87349,9501,819.366382,87349,9501,819.366382,0,0,Null,2022-06-01
8/16/2022 6:12:28 PM,202106,Other UK Airports,BRISTOL,893822,86857,929.073074,893654,86607,931.849620,168,250,-32.800000,2022-06-01
8/16/2022 6:12:28 PM,202106,Other UK Airports,CAMPBELTOWN,603,525,14.857143,600,337,78.041543,3,188,-98.404255,2022-06-01
8/16/2022 6:12:28 PM,202106,Other UK Airports,CARDIFF WALES,115440,4334,2563.590217,115397,4334,2562.598062,43,0,Null,2022-06-01
8/16/2022 6:12:28 PM,202106,Other UK Airports,CITY OF DERRY (EGLINTON),15360,7396,107.679827,15360,7396,107.679827,0,0,Null,2022-06-01
8/16/2022 6:12:28 PM,202106,Other UK Airports,DONCASTER SHEFFIELD,130822,12938,911.145463,130590,12938,909.352296,232,0,Null,2022-06-01
8/16/2022 6:12:28 PM,202106,Other UK Airports,DUNDEE,4036,2105,91.733967,3800,2105,80.522565,236,0,Null,2022-06-01
8/16/2022 6:12:28 PM,202106,Other UK Airports,EAST MIDLANDS INTERNATIONAL,398846,20995,1799.718981,398846,20748,1822.334683,0,247,Null,2022-06-01
8/16/2022 6:12:28 PM,202106,Other UK Airports,EDINBURGH,1185154,176464,571.612340,1185154,176464,571.612340,0,0,Null,2022-06-01
8/16/2022 6:12:28 PM,202106,Other UK Airports,EXETER,47474,8974,429.017161,47449,8974,428.738578,25,0,Null,2022-06-01
8/16/2022 6:12:28 PM,202106,London Area Airports,GATWICK,3470376,233821,1384.202018,3470283,233672,1385.108614,93,149,-37.583893,2022-06-01
8/16/2022 6:12:28 PM,202106,Other UK Airports,GLASGOW,692076,132554,422.108726,692076,132554,422.108726,0,0,Null,2022-06-01
8/16/2022 6:12:28 PM,202106,Non UK Reporting Airports,GUERNSEY,64389,8645,644.812030,64137,8645,641.897050,252,0,Null,2022-06-01
8/16/2022 6:12:28 PM,202106,London Area Airports,HEATHROW,5990285,956862,526.034371,5989431,956681,526.063547,854,181,371.823204,2022-06-01
8/16/2022 6:12:28 PM,202106,Other UK Airports,HUMBERSIDE,11050,2263,388.289881,10865,2263,380.114892,185,0,Null,2022-06-01
8/16/2022 6:12:28 PM,202106,Other UK Airports,INVERNESS,68981,35413,94.790049,68981,35394,94.894615,0,19,Null,2022-06-01
8/16/2022 6:12:28 PM,202106,Other UK Airports,ISLAY,2626,1300,102.000000,2626,1222,114.893617,0,78,Null,2022-06-01
8/16/2022 6:12:28 PM,202106,Non UK Reporting Airports,ISLE OF MAN,58709,5230,1022.543021,58709,5230,1022.543021,0,0,Null,2022-06-01
8/16/2022 6:12:28 PM,202106,Other UK Airports,ISLES OF SCILLY (ST.MARYS),10212,8995,13.529739,10212,8995,13.529739,0,0,Null,2022-06-01
8/16/2022 6:12:28 PM,202106,Non UK Reporting Airports,JERSEY,134120,56967,135.434550,134118,56967,135.431039,2,0,Null,2022-06-01
8/16/2022 6:12:28 PM,202106,Other UK Airports,KIRKWALL,13350,8669,53.997001,12590,7346,71.385788,760,1323,-42.554800,2022-06-01
8/16/2022 6:12:28 PM,202106,Other UK Airports,LANDS END (ST JUST),6607,5998,10.153384,6593,5972,10.398526,14,26,-46.153846,2022-06-01
8/16/2022 6:12:28 PM,202106,Other UK Airports,LEEDS BRADFORD,404307,14359,2715.704436,404307,14359,2715.704436,0,0,Null,2022-06-01
8/16/2022 6:12:28 PM,202106,Other UK Airports,LERWICK (TINGWALL),318,369,-13.821138,318,369,-13.821138,0,0,Null,2022-06-01
8/16/2022 6:12:28 PM,202106,Other UK Airports,LIVERPOOL (JOHN LENNON),349335,63320,451.697726,349146,63320,451.399242,189,0,Null,2022-06-01
8/16/2022 6:12:28 PM,202106,London Area Airports,LONDON CITY,314197,31530,896.501744,314197,31530,896.501744,0,0,Null,2022-06-01
8/16/2022 6:12:28 PM,202106,London Area Airports,LUTON,1353962,261999,416.781362,1353962,261999,416.781362,0,0,Null,2022-06-01
8/16/2022 6:12:28 PM,202106,Other UK Airports,MANCHESTER,2425713,204947,1083.580633,2422337,204947,1081.933378,3376,0,Null,2022-06-01
8/16/2022 6:12:28 PM,202106,Other UK Airports,NEWCASTLE,486230,39032,1145.721459,486143,38987,1146.936158,87,45,93.333333,2022-06-01
8/16/2022 6:12:28 PM,202106,Other UK Airports,NEWQUAY,26382,10999,139.858169,26382,10999,139.858169,0,0,Null,2022-06-01
8/16/2022 6:12:28 PM,202106,Other UK Airports,NORWICH,38523,9549,303.424442,38523,9549,303.424442,0,0,Null,2022-06-01
8/16/2022 6:12:28 PM,202106,Other UK Airports,OXFORD (KIDLINGTON),0,44,Null,0,44,Null,0,0,Null,2022-06-01
8/16/2022 6:12:28 PM,202106,Other UK Airports,PRESTWICK,54969,2812,1854.800853,54955,2812,1854.302987,14,0,Null,2022-06-01
8/16/2022 6:12:28 PM,202106,Other UK Airports,SOUTHAMPTON,58955,17256,241.649281,58955,17256,241.649281,0,0,Null,2022-06-01
8/16/2022 6:12:28 PM,202106,London Area Airports,SOUTHEND,15367,4523,239.752377,15367,4523,239.752377,0,0,Null,2022-06-01
8/16/2022 6:12:28 PM,202106,London Area Airports,STANSTED,2338113,351686,564.829706,2338113,351686,564.829706,0,0,Null,2022-06-01
8/16/2022 6:12:28 PM,202106,Other UK Airports,STORNOWAY,9379,6075,54.386831,9276,5775,60.623377,103,300,-65.666667,2022-06-01
8/16/2022 6:12:28 PM,202106,Other UK Airports,SUMBURGH,23204,17588,31.930862,23186,16996,36.420334,18,592,-96.959459,2022-06-01
8/16/2022 6:12:28 PM,202106,Other UK Airports,TEESSIDE INTERNATIONAL AIRPORT,20756,8371,147.951260,20755,7297,184.431958,1,1074,-99.906890,2022-06-01
8/16/2022 6:12:28 PM,202106,Other UK Airports,TIREE,1194,1010,18.217822,1176,1004,17.131474,18,6,200.000000,2022-06-01
8/16/2022 6:12:28 PM,202106,Other UK Airports,WICK JOHN O GROATS,801,0,Null,801,0,Null,0,0,Null,2022-06-01
10/6/2022 5:00:28 PM,202107,Other UK Airports,ABERDEEN,190236,101799,86.874134,190236,101799,86.874134,0,0,Null,2022-07-01
10/6/2022 5:00:28 PM,202107,Non UK Reporting Airports,ALDERNEY,5602,4783,17.123144,5602,4783,17.123144,0,0,Null,2022-07-01
10/6/2022 5:00:28 PM,202107,Other UK Airports,BARRA,1556,1448,7.458564,1556,1448,7.458564,0,0,Null,2022-07-01
10/6/2022 5:00:28 PM,202107,Other UK Airports,BELFAST CITY (GEORGE BEST),164835,97626,68.843341,164835,97626,68.843341,0,0,Null,2022-07-01
10/6/2022 5:00:28 PM,202107,Other UK Airports,BELFAST INTERNATIONAL,510114,275310,85.287131,510114,275270,85.314055,0,40,Null,2022-07-01
10/6/2022 5:00:28 PM,202107,Other UK Airports,BENBECULA,2831,2747,3.057881,2831,2684,5.476900,0,63,Null,2022-07-01
10/6/2022 5:00:28 PM,202107,Other UK Airports,BIGGIN HILL,793,207,283.091787,793,207,283.091787,0,0,Null,2022-07-01
10/6/2022 5:00:28 PM,202107,Other UK Airports,BIRMINGHAM,1102288,205113,437.405235,1102288,203642,441.287161,0,1471,Null,2022-07-01
10/6/2022 5:00:28 PM,202107,Other UK Airports,BLACKPOOL,1169,0,Null,1169,0,Null,0,0,Null,2022-07-01
10/6/2022 5:00:28 PM,202107,Other UK Airports,BOURNEMOUTH,97283,18183,435.021724,97148,18172,434.602685,135,11,1127.272727,2022-07-01
10/6/2022 5:00:28 PM,202107,Other UK Airports,BRISTOL,933525,183068,409.933467,933161,182464,411.421979,364,604,-39.735099,2022-07-01
10/6/2022 5:00:28 PM,202107,Other UK Airports,CAMPBELTOWN,523,463,12.958963,523,463,12.958963,0,0,Null,2022-07-01
10/6/2022 5:00:28 PM,202107,Other UK Airports,CARDIFF WALES,122626,10462,1072.108583,122312,10169,1102.792802,314,293,7.167235,2022-07-01
10/6/2022 5:00:28 PM,202107,Other UK Airports,CITY OF DERRY (EGLINTON),20889,9330,123.890675,20889,9330,123.890675,0,0,Null,2022-07-01
10/6/2022 5:00:28 PM,202107,Other UK Airports,DONCASTER SHEFFIELD,136372,18655,631.021174,136372,18655,631.021174,0,0,Null,2022-07-01
10/6/2022 5:00:28 PM,202107,Other UK Airports,DUNDEE,4224,2756,53.265602,3959,2756,43.650218,265,0,Null,2022-07-01
10/6/2022 5:00:28 PM,202107,Other UK Airports,EAST MIDLANDS INTERNATIONAL,417415,75278,454.497994,417415,74487,460.386376,0,791,Null,2022-07-01
10/6/2022 5:00:28 PM,202107,Other UK Airports,EDINBURGH,1256769,269306,366.669513,1256469,269306,366.558116,300,0,Null,2022-07-01
10/6/2022 5:00:28 PM,202107,Other UK Airports,EXETER,47449,13510,251.213916,47449,13493,251.656414,0,17,Null,2022-07-01
10/6/2022 5:00:28 PM,202107,London Area Airports,GATWICK,3847852,494635,677.917454,3847316,494633,677.812237,536,2,26700.000000,2022-07-01
10/6/2022 5:00:28 PM,202107,Other UK Airports,GLASGOW,745809,200667,271.664997,745554,200334,272.155500,255,333,-23.423423,2022-07-01
10/6/2022 5:00:28 PM,202107,Non UK Reporting Airports,GUERNSEY,70490,26775,163.267974,70181,26775,162.113912,309,0,Null,2022-07-01
10/6/2022 5:00:28 PM,202107,London Area Airports,HEATHROW,6311765,1510623,317.825295,6311538,1510623,317.810268,227,0,Null,2022-07-01
10/6/2022 5:00:28 PM,202107,Other UK Airports,HUMBERSIDE,10576,2858,270.048985,10576,2858,270.048985,0,0,Null,2022-07-01
10/6/2022 5:00:28 PM,202107,Other UK Airports,INVERNESS,78152,48397,61.481084,78152,48355,61.621342,0,42,Null,2022-07-01
10/6/2022 5:00:28 PM,202107,Other UK Airports,ISLAY,2469,1440,71.458333,2469,1425,73.263158,0,15,Null,2022-07-01
10/6/2022 5:00:28 PM,202107,Non UK Reporting Airports,ISLE OF MAN,48606,15217,219.419071,48606,15217,219.419071,0,0,Null,2022-07-01
10/6/2022 5:00:28 PM,202107,Other UK Airports,ISLES OF SCILLY (ST.MARYS),10374,12337,-15.911486,10374,12337,-15.911486,0,0,Null,2022-07-01
10/6/2022 5:00:28 PM,202107,Non UK Reporting Airports,JERSEY,152373,80001,90.463869,152373,80001,90.463869,0,0,Null,2022-07-01
10/6/2022 5:00:28 PM,202107,Other UK Airports,KIRKWALL,13754,9401,46.303585,12829,8475,51.374631,925,926,-0.107991,2022-07-01
10/6/2022 5:00:28 PM,202107,Other UK Airports,LANDS END (ST JUST),7990,8628,-7.394529,7990,8595,-7.038976,0,33,Null,2022-07-01
10/6/2022 5:00:28 PM,202107,Other UK Airports,LEEDS BRADFORD,416784,67156,520.620644,416663,66096,530.390644,121,1060,-88.584906,2022-07-01
10/6/2022 5:00:28 PM,202107,Other UK Airports,LERWICK (TINGWALL),342,243,40.740741,342,243,40.740741,0,0,Null,2022-07-01
10/6/2022 5:00:28 PM,202107,Other UK Airports,LIVERPOOL (JOHN LENNON),385021,116983,229.125599,385021,116983,229.125599,0,0,Null,2022-07-01
10/6/2022 5:00:28 PM,202107,London Area Airports,LONDON CITY,327753,53898,508.098631,327753,53898,508.098631,0,0,Null,2022-07-01
10/6/2022 5:00:28 PM,202107,London Area Airports,LUTON,1443241,419527,244.016237,1442912,419425,244.021458,329,102,222.549020,2022-07-01
10/6/2022 5:00:28 PM,202107,Other UK Airports,LYDD,0,31,Null,0,31,Null,0,0,Null,2022-07-01
10/6/2022 5:00:28 PM,202107,Other UK Airports,MANCHESTER,2610219,447973,482.673286,2607064,447673,482.358999,3155,300,951.666667,2022-07-01
10/6/2022 5:00:28 PM,202107,Other UK Airports,NEWCASTLE,503376,83539,502.564072,503320,83216,504.835609,56,323,-82.662539,2022-07-01
10/6/2022 5:00:28 PM,202107,Other UK Airports,NEWQUAY,37749,23265,62.256609,37749,23253,62.340343,0,12,Null,2022-07-01
10/6/2022 5:00:28 PM,202107,Other UK Airports,NORWICH,36876,12670,191.049724,36876,12670,191.049724,0,0,Null,2022-07-01
10/6/2022 5:00:28 PM,202107,Other UK Airports,OXFORD (KIDLINGTON),0,50,Null,0,50,Null,0,0,Null,2022-07-01
10/6/2022 5:00:28 PM,202107,Other UK Airports,PRESTWICK,56313,7126,690.246983,56299,7126,690.050519,14,0,Null,2022-07-01
10/6/2022 5:00:28 PM,202107,Other UK Airports,SOUTHAMPTON,71353,28293,152.193122,71353,28293,152.193122,0,0,Null,2022-07-01
10/6/2022 5:00:28 PM,202107,London Area Airports,SOUTHEND,16163,14479,11.630637,16163,14479,11.630637,0,0,Null,2022-07-01
10/6/2022 5:00:28 PM,202107,London Area Airports,STANSTED,2472875,692910,256.882568,2472875,691728,257.492396,0,1182,Null,2022-07-01
10/6/2022 5:00:28 PM,202107,Other UK Airports,STORNOWAY,9946,7768,28.038105,9855,7569,30.202140,91,199,-54.271357,2022-07-01
10/6/2022 5:00:28 PM,202107,Other UK Airports,SUMBURGH,24644,18160,35.704846,24644,18032,36.668146,0,128,Null,2022-07-01
10/6/2022 5:00:28 PM,202107,Other UK Airports,TEESSIDE INTERNATIONAL AIRPORT,21632,10541,105.217721,21632,9390,130.372737,0,1151,Null,2022-07-01
10/6/2022 5:00:28 PM,202107,Other UK Airports,TIREE,1446,1399,3.359543,1442,1354,6.499261,4,45,-91.111111,2022-07-01
10/6/2022 5:00:28 PM,202107,Other UK Airports,WICK JOHN O GROATS,788,0,Null,788,0,Null,0,0,Null,2022-07-01
10/21/2022 12:37:37 PM,202108,Other UK Airports,ABERDEEN,183451,119572,53.423042,183451,119572,53.423042,0,0,Null,2022-08-01
10/21/2022 12:37:37 PM,202108,Non UK Reporting Airports,ALDERNEY,5524,5767,-4.213629,5524,5767,-4.213629,0,0,Null,2022-08-01
10/21/2022 12:37:37 PM,202108,Other UK Airports,BARRA,1493,1518,-1.646904,1493,1518,-1.646904,0,0,Null,2022-08-01
10/21/2022 12:37:37 PM,202108,Other UK Airports,BELFAST CITY (GEORGE BEST),174713,124156,40.720545,174713,124156,40.720545,0,0,Null,2022-08-01
10/21/2022 12:37:37 PM,202108,Other UK Airports,BELFAST INTERNATIONAL,520708,343462,51.605709,520708,343112,51.760358,0,350,Null,2022-08-01
10/21/2022 12:37:37 PM,202108,Other UK Airports,BENBECULA,2831,2442,15.929566,2815,2409,16.853466,16,33,-51.515152,2022-08-01
10/21/2022 12:37:37 PM,202108,Other UK Airports,BIGGIN HILL,297,563,-47.246892,297,563,-47.246892,0,0,Null,2022-08-01
10/21/2022 12:37:37 PM,202108,Other UK Airports,BIRMINGHAM,1172123,392166,198.884401,1171941,389029,201.247722,182,3137,-94.198279,2022-08-01
10/21/2022 12:37:37 PM,202108,Other UK Airports,BLACKPOOL,1220,0,Null,1220,0,Null,0,0,Null,2022-08-01
10/21/2022 12:37:37 PM,202108,Other UK Airports,BOURNEMOUTH,99071,38489,157.400816,99071,38489,157.400816,0,0,Null,2022-08-01
10/21/2022 12:37:37 PM,202108,Other UK Airports,BRISTOL,973302,332387,192.821921,973005,331842,193.213336,297,545,-45.504587,2022-08-01
10/21/2022 12:37:37 PM,202108,Other UK Airports,CAMPBELTOWN,822,508,61.811024,822,508,61.811024,0,0,Null,2022-08-01
10/21/2022 12:37:37 PM,202108,Other UK Airports,CARDIFF WALES,133734,18099,638.902702,133370,17724,652.482510,364,375,-2.933333,2022-08-01
10/21/2022 12:37:37 PM,202108,Other UK Airports,CITY OF DERRY (EGLINTON),19448,10719,81.434835,19448,10719,81.434835,0,0,Null,2022-08-01
10/21/2022 12:37:37 PM,202108,Other UK Airports,DONCASTER SHEFFIELD,160816,58696,173.981191,160629,58635,173.947301,187,61,206.557377,2022-08-01
10/21/2022 12:37:37 PM,202108,Other UK Airports,DUNDEE,3931,2885,36.256499,3678,2885,27.487002,253,0,Null,2022-08-01
10/21/2022 12:37:37 PM,202108,Other UK Airports,EAST MIDLANDS INTERNATIONAL,428554,159732,168.295645,428554,156546,173.755957,0,3186,Null,2022-08-01
10/21/2022 12:37:37 PM,202108,Other UK Airports,EDINBURGH,1199075,380847,214.844281,1199075,380583,215.062680,0,264,Null,2022-08-01
10/21/2022 12:37:37 PM,202108,Other UK Airports,EXETER,50399,19024,164.923255,50399,19024,164.923255,0,0,Null,2022-08-01
10/21/2022 12:37:37 PM,202108,London Area Airports,GATWICK,4089241,1023222,299.643577,4088505,1022985,299.664218,736,237,210.548523,2022-08-01
10/21/2022 12:37:37 PM,202108,Other UK Airports,GLASGOW,698374,251995,177.138038,697879,251537,177.445863,495,458,8.078603,2022-08-01
10/21/2022 12:37:37 PM,202108,Non UK Reporting Airports,GUERNSEY,74224,37132,99.892276,73934,37120,99.175647,290,12,2316.666667,2022-08-01
10/21/2022 12:37:37 PM,202108,London Area Airports,HEATHROW,6040270,2232752,170.530269,6039987,2232284,170.574309,283,468,-39.529915,2022-08-01
10/21/2022 12:37:37 PM,202108,Other UK Airports,HUMBERSIDE,11546,3740,208.716578,11546,3740,208.716578,0,0,Null,2022-08-01
10/21/2022 12:37:37 PM,202108,Other UK Airports,INVERNESS,76564,60711,26.112237,76564,60711,26.112237,0,0,Null,2022-08-01
10/21/2022 12:37:37 PM,202108,Other UK Airports,ISLAY,2690,1683,59.833630,2678,1673,60.071727,12,10,20.000000,2022-08-01
10/21/2022 12:37:37 PM,202108,Non UK Reporting Airports,ISLE OF MAN,51428,22933,124.253259,51428,22933,124.253259,0,0,Null,2022-08-01
10/21/2022 12:37:37 PM,202108,Other UK Airports,ISLES OF SCILLY (ST.MARYS),12038,12073,-0.289903,12038,12073,-0.289903,0,0,Null,2022-08-01
10/21/2022 12:37:37 PM,202108,Non UK Reporting Airports,JERSEY,157311,121316,29.670447,157301,121316,29.662204,10,0,Null,2022-08-01
10/21/2022 12:37:37 PM,202108,Other UK Airports,KIRKWALL,13640,10146,34.437217,12783,9428,35.585490,857,718,19.359331,2022-08-01
10/21/2022 12:37:37 PM,202108,Other UK Airports,LANDS END (ST JUST),8185,8510,-3.819036,8157,8463,-3.615739,28,47,-40.425532,2022-08-01
10/21/2022 12:37:37 PM,202108,Other UK Airports,LEEDS BRADFORD,435307,134053,224.727533,435307,130956,232.407068,0,3097,Null,2022-08-01
10/21/2022 12:37:37 PM,202108,Other UK Airports,LERWICK (TINGWALL),458,342,33.918129,458,342,33.918129,0,0,Null,2022-08-01
10/21/2022 12:37:37 PM,202108,Other UK Airports,LIVERPOOL (JOHN LENNON),401742,203779,97.145928,401742,203779,97.145928,0,0,Null,2022-08-01
10/21/2022 12:37:37 PM,202108,London Area Airports,LONDON CITY,299526,86583,245.940889,299526,86583,245.940889,0,0,Null,2022-08-01
10/21/2022 12:37:37 PM,202108,London Area Airports,LUTON,1520604,772808,96.763491,1520222,772528,96.785359,382,280,36.428571,2022-08-01
10/21/2022 12:37:37 PM,202108,Other UK Airports,MANCHESTER,2731641,865320,215.679864,2729451,864534,215.713552,2190,786,178.625954,2022-08-01
10/21/2022 12:37:37 PM,202108,Other UK Airports,NEWCASTLE,515857,148212,248.053464,515656,147008,250.767305,201,1204,-83.305648,2022-08-01
10/21/2022 12:37:37 PM,202108,Other UK Airports,NEWQUAY,36768,29110,26.307111,36768,29092,26.385261,0,18,Null,2022-08-01
10/21/2022 12:37:37 PM,202108,Other UK Airports,NORWICH,39262,14299,174.578642,39262,14299,174.578642,0,0,Null,2022-08-01
10/21/2022 12:37:37 PM,202108,Other UK Airports,OXFORD (KIDLINGTON),120,247,-51.417004,120,247,-51.417004,0,0,Null,2022-08-01
10/21/2022 12:37:37 PM,202108,Other UK Airports,PRESTWICK,55489,12031,361.216856,55488,12031,361.208545,1,0,Null,2022-08-01
10/21/2022 12:37:37 PM,202108,Other UK Airports,SOUTHAMPTON,70579,40745,73.221254,70579,40745,73.221254,0,0,Null,2022-08-01
10/21/2022 12:37:37 PM,202108,London Area Airports,SOUTHEND,15506,26675,-41.870665,15506,26675,-41.870665,0,0,Null,2022-08-01
10/21/2022 12:37:37 PM,202108,London Area Airports,STANSTED,2605863,1143922,127.800759,2605863,1143232,127.938249,0,690,Null,2022-08-01
10/21/2022 12:37:37 PM,202108,Other UK Airports,STORNOWAY,9854,7726,27.543360,9733,7548,28.948066,121,178,-32.022472,2022-08-01
10/21/2022 12:37:37 PM,202108,Other UK Airports,SUMBURGH,24927,19909,25.204681,24927,19898,25.273897,0,11,Null,2022-08-01
10/21/2022 12:37:37 PM,202108,Other UK Airports,TEESSIDE INTERNATIONAL AIRPORT,23358,12822,82.171268,23358,11756,98.690031,0,1066,Null,2022-08-01
10/21/2022 12:37:37 PM,202108,Other UK Airports,TIREE,1377,1349,2.075612,1368,1339,2.165795,9,10,-10.000000,2022-08-01
10/21/2022 12:37:37 PM,202108,Other UK Airports,WICK JOHN O GROATS,773,0,Null,773,0,Null,0,0,Null,2022-08-01
11/18/2022 2:18:21 PM,202109,Other UK Airports,ABERDEEN,185991,126394,47.151764,185991,126394,47.151764,0,0,Null,2022-09-01
11/18/2022 2:18:21 PM,202109,Non UK Reporting Airports,ALDERNEY,5375,5139,4.592333,5375,5139,4.592333,0,0,Null,2022-09-01
11/18/2022 2:18:21 PM,202109,Other UK Airports,BARRA,1365,1206,13.184080,1365,1206,13.184080,0,0,Null,2022-09-01
11/18/2022 2:18:21 PM,202109,Other UK Airports,BELFAST CITY (GEORGE BEST),164938,101343,62.752237,164938,101343,62.752237,0,0,Null,2022-09-01
11/18/2022 2:18:21 PM,202109,Other UK Airports,BELFAST INTERNATIONAL,461149,312091,47.761070,461149,311344,48.115589,0,747,Null,2022-09-01
11/18/2022 2:18:21 PM,202109,Other UK Airports,BENBECULA,2959,2284,29.553415,2937,2270,29.383260,22,14,57.142857,2022-09-01
11/18/2022 2:18:21 PM,202109,Other UK Airports,BIGGIN HILL,318,269,18.215613,318,269,18.215613,0,0,Null,2022-09-01
11/18/2022 2:18:21 PM,202109,Other UK Airports,BIRMINGHAM,1076828,409568,162.918001,1076693,409305,163.053957,135,263,-48.669202,2022-09-01
11/18/2022 2:18:21 PM,202109,Other UK Airports,BLACKPOOL,1497,0,Null,1497,0,Null,0,0,Null,2022-09-01
11/18/2022 2:18:21 PM,202109,Other UK Airports,BOURNEMOUTH,89227,38201,133.572420,89227,38201,133.572420,0,0,Null,2022-09-01
11/18/2022 2:18:21 PM,202109,Other UK Airports,BRISTOL,877571,369448,137.535729,876669,369204,137.448403,902,244,269.672131,2022-09-01
11/18/2022 2:18:21 PM,202109,Other UK Airports,CAMPBELTOWN,762,439,73.576310,762,432,76.388889,0,7,Null,2022-09-01
11/18/2022 2:18:21 PM,202109,Other UK Airports,CARDIFF WALES,111325,24003,363.796192,110618,23907,362.701301,707,96,636.458333,2022-09-01
11/18/2022 2:18:21 PM,202109,Other UK Airports,CITY OF DERRY (EGLINTON),13534,7630,77.378768,13534,7630,77.378768,0,0,Null,2022-09-01
11/18/2022 2:18:21 PM,202109,Other UK Airports,DONCASTER SHEFFIELD,139070,55099,152.400225,138960,54997,152.668327,110,102,7.843137,2022-09-01
11/18/2022 2:18:21 PM,202109,Other UK Airports,DUNDEE,3760,2613,43.895905,3532,2613,35.170302,228,0,Null,2022-09-01
11/18/2022 2:18:21 PM,202109,Other UK Airports,EAST MIDLANDS INTERNATIONAL,371767,168247,120.965010,371767,168247,120.965010,0,0,Null,2022-09-01
11/18/2022 2:18:21 PM,202109,Other UK Airports,EDINBURGH,1181049,458307,157.698224,1180233,457324,158.073707,816,983,-16.988810,2022-09-01
11/18/2022 2:18:21 PM,202109,Other UK Airports,EXETER,44286,20731,113.622112,44286,20731,113.622112,0,0,Null,2022-09-01
11/18/2022 2:18:21 PM,202109,London Area Airports,GATWICK,3627709,1033092,251.150624,3627394,1032281,251.395986,315,811,-61.159063,2022-09-01
11/18/2022 2:18:21 PM,202109,Other UK Airports,GLASGOW,700548,303714,130.660424,700548,303385,130.910559,0,329,Null,2022-09-01
11/18/2022 2:18:21 PM,202109,Non UK Reporting Airports,GUERNSEY,66494,38934,70.786459,66342,38934,70.396055,152,0,Null,2022-09-01
11/18/2022 2:18:21 PM,202109,London Area Airports,HEATHROW,5780628,2571198,124.822359,5780445,2571017,124.831069,183,181,1.104972,2022-09-01
11/18/2022 2:18:21 PM,202109,Other UK Airports,HUMBERSIDE,11001,3877,183.750322,11001,3877,183.750322,0,0,Null,2022-09-01
11/18/2022 2:18:21 PM,202109,Other UK Airports,INVERNESS,72083,55619,29.601395,72083,55619,29.601395,0,0,Null,2022-09-01
11/18/2022 2:18:21 PM,202109,Other UK Airports,ISLAY,2846,1811,57.150745,2840,1792,58.482143,6,19,-68.421053,2022-09-01
11/18/2022 2:18:21 PM,202109,Non UK Reporting Airports,ISLE OF MAN,48425,24856,94.822176,48425,24856,94.822176,0,0,Null,2022-09-01
11/18/2022 2:18:21 PM,202109,Other UK Airports,ISLES OF SCILLY (ST.MARYS),11628,9871,17.799615,11628,9871,17.799615,0,0,Null,2022-09-01
11/18/2022 2:18:21 PM,202109,Non UK Reporting Airports,JERSEY,139029,114686,21.225782,138969,114682,21.177691,60,4,1400.000000,2022-09-01
11/18/2022 2:18:21 PM,202109,Other UK Airports,KIRKWALL,12316,9849,25.048228,11540,9177,25.749155,776,672,15.476190,2022-09-01
11/18/2022 2:18:21 PM,202109,Other UK Airports,LANDS END (ST JUST),7588,7213,5.198946,7567,7213,4.907805,21,0,Null,2022-09-01
11/18/2022 2:18:21 PM,202109,Other UK Airports,LEEDS BRADFORD,389723,146750,165.569336,389543,146750,165.446678,180,0,Null,2022-09-01
11/18/2022 2:18:21 PM,202109,Other UK Airports,LERWICK (TINGWALL),343,294,16.666667,343,294,16.666667,0,0,Null,2022-09-01
11/18/2022 2:18:21 PM,202109,Other UK Airports,LIVERPOOL (JOHN LENNON),353449,189022,86.988287,353449,189022,86.988287,0,0,Null,2022-09-01
11/18/2022 2:18:21 PM,202109,London Area Airports,LONDON CITY,310369,121602,155.233467,310369,121602,155.233467,0,0,Null,2022-09-01
11/18/2022 2:18:21 PM,202109,London Area Airports,LUTON,1354773,697931,94.112742,1354224,697300,94.209666,549,631,-12.995246,2022-09-01
11/18/2022 2:18:21 PM,202109,Other UK Airports,MANCHESTER,2523947,974924,158.886539,2522732,974781,158.799874,1215,143,749.650350,2022-09-01
11/18/2022 2:18:21 PM,202109,Other UK Airports,NEWCASTLE,477651,179488,166.118626,477577,179240,166.445548,74,248,-70.161290,2022-09-01
11/18/2022 2:18:21 PM,202109,Other UK Airports,NEWQUAY,26906,16659,61.510295,26906,16659,61.510295,0,0,Null,2022-09-01
11/18/2022 2:18:21 PM,202109,Other UK Airports,NORWICH,40885,15577,162.470309,40885,15577,162.470309,0,0,Null,2022-09-01
11/18/2022 2:18:21 PM,202109,Other UK Airports,OXFORD (KIDLINGTON),0,50,Null,0,50,Null,0,0,Null,2022-09-01
11/18/2022 2:18:21 PM,202109,Other UK Airports,PRESTWICK,53240,16303,226.565663,53075,16303,225.553579,165,0,Null,2022-09-01
11/18/2022 2:18:21 PM,202109,Other UK Airports,SOUTHAMPTON,65169,42152,54.604764,65169,42152,54.604764,0,0,Null,2022-09-01
11/18/2022 2:18:21 PM,202109,London Area Airports,SOUTHEND,15284,23581,-35.185107,15284,23581,-35.185107,0,0,Null,2022-09-01
11/18/2022 2:18:21 PM,202109,London Area Airports,STANSTED,2374367,1116992,112.567950,2374367,1116585,112.645432,0,407,Null,2022-09-01
11/18/2022 2:18:21 PM,202109,Other UK Airports,STORNOWAY,9669,7531,28.389324,9608,7392,29.978355,61,139,-56.115108,2022-09-01
11/18/2022 2:18:21 PM,202109,Other UK Airports,SUMBURGH,22297,19475,14.490372,22283,19401,14.854904,14,74,-81.081081,2022-09-01
11/18/2022 2:18:21 PM,202109,Other UK Airports,TEESSIDE INTERNATIONAL AIRPORT,21894,11172,95.972073,21890,10610,106.314797,4,562,-99.288256,2022-09-01
11/18/2022 2:18:21 PM,202109,Other UK Airports,TIREE,1156,1065,8.544601,1147,1035,10.821256,9,30,-70.000000,2022-09-01
11/18/2022 2:18:21 PM,202109,Other UK Airports,WICK JOHN O GROATS,790,18,4288.888889,790,0,Null,0,18,Null,2022-09-01
12/21/2022 5:12:58 PM,202110,Other UK Airports,ABERDEEN,194594,139315,39.679144,194409,139315,39.546352,185,0,Null,2022-10-01
12/21/2022 5:12:58 PM,202110,Non UK Reporting Airports,ALDERNEY,4305,4666,-7.736820,4305,4666,-7.736820,0,0,Null,2022-10-01
12/21/2022 5:12:58 PM,202110,Other UK Airports,BARRA,1042,928,12.284483,1042,928,12.284483,0,0,Null,2022-10-01
12/21/2022 5:12:58 PM,202110,Other UK Airports,BELFAST CITY (GEORGE BEST),175105,111897,56.487663,175105,111897,56.487663,0,0,Null,2022-10-01
12/21/2022 5:12:58 PM,202110,Other UK Airports,BELFAST INTERNATIONAL,438274,371310,18.034526,438274,371310,18.034526,0,0,Null,2022-10-01
12/21/2022 5:12:58 PM,202110,Other UK Airports,BENBECULA,3060,2459,24.440830,3060,2459,24.440830,0,0,Null,2022-10-01
12/21/2022 5:12:58 PM,202110,Other UK Airports,BIGGIN HILL,302,331,-8.761329,302,331,-8.761329,0,0,Null,2022-10-01
12/21/2022 5:12:58 PM,202110,Other UK Airports,BIRMINGHAM,967609,502285,92.641429,967197,501961,92.683695,412,324,27.160494,2022-10-01
12/21/2022 5:12:58 PM,202110,Other UK Airports,BLACKPOOL,1537,0,Null,1537,0,Null,0,0,Null,2022-10-01
12/21/2022 5:12:58 PM,202110,Other UK Airports,BOURNEMOUTH,75960,47422,60.178820,75911,47281,60.552865,49,141,-65.248227,2022-10-01
12/21/2022 5:12:58 PM,202110,Other UK Airports,BRISTOL,801940,446082,79.774122,801754,445796,79.847733,186,286,-34.965035,2022-10-01
12/21/2022 5:12:58 PM,202110,Other UK Airports,CAMPBELTOWN,501,33,1418.181818,501,33,1418.181818,0,0,Null,2022-10-01
12/21/2022 5:12:58 PM,202110,Other UK Airports,CARDIFF WALES,73572,24712,197.717708,73572,24571,199.426153,0,141,Null,2022-10-01
12/21/2022 5:12:58 PM,202110,Other UK Airports,CITY OF DERRY (EGLINTON),14677,7752,89.331785,14677,7752,89.331785,0,0,Null,2022-10-01
12/21/2022 5:12:58 PM,202110,Other UK Airports,DONCASTER SHEFFIELD,89824,61181,46.816822,89824,61181,46.816822,0,0,Null,2022-10-01
12/21/2022 5:12:58 PM,202110,Other UK Airports,DUNDEE,4075,2912,39.938187,3813,2912,30.940934,262,0,Null,2022-10-01
12/21/2022 5:12:58 PM,202110,Other UK Airports,EAST MIDLANDS INTERNATIONAL,353217,212960,65.860725,353217,212879,65.923835,0,81,Null,2022-10-01
12/21/2022 5:12:58 PM,202110,Other UK Airports,EDINBURGH,1172305,587376,99.583401,1172081,587277,99.578904,224,99,126.262626,2022-10-01
12/21/2022 5:12:58 PM,202110,Other UK Airports,EXETER,36117,25301,42.749298,36117,25301,42.749298,0,0,Null,2022-10-01
12/21/2022 5:12:58 PM,202110,London Area Airports,GATWICK,3357779,1131302,196.806600,3357649,1131190,196.824495,130,112,16.071429,2022-10-01
12/21/2022 5:12:58 PM,202110,Other UK Airports,GLASGOW,684379,386666,76.994874,684379,386349,77.140099,0,317,Null,2022-10-01
12/21/2022 5:12:58 PM,202110,Non UK Reporting Airports,GUERNSEY,61596,46272,33.117220,61421,46220,32.888360,175,52,236.538462,2022-10-01
12/21/2022 5:12:58 PM,202110,London Area Airports,HEATHROW,5893221,3043580,93.627932,5892869,3043258,93.636852,352,322,9.316770,2022-10-01
12/21/2022 5:12:58 PM,202110,Other UK Airports,HUMBERSIDE,8941,3315,169.713424,8941,3315,169.713424,0,0,Null,2022-10-01
12/21/2022 5:12:58 PM,202110,Other UK Airports,INVERNESS,74522,59900,24.410684,74522,59900,24.410684,0,0,Null,2022-10-01
12/21/2022 5:12:58 PM,202110,Other UK Airports,ISLAY,2654,2037,30.289642,2651,2029,30.655495,3,8,-62.500000,2022-10-01
12/21/2022 5:12:58 PM,202110,Non UK Reporting Airports,ISLE OF MAN,50288,33129,51.794500,50288,33129,51.794500,0,0,Null,2022-10-01
12/21/2022 5:12:58 PM,202110,Other UK Airports,ISLES OF SCILLY (ST.MARYS),7305,8688,-15.918508,7305,8688,-15.918508,0,0,Null,2022-10-01
12/21/2022 5:12:58 PM,202110,Non UK Reporting Airports,JERSEY,122062,111471,9.501126,122062,111459,9.512915,0,12,Null,2022-10-01
12/21/2022 5:12:58 PM,202110,Other UK Airports,KIRKWALL,12006,10510,14.234063,10969,9560,14.738494,1037,950,9.157895,2022-10-01
12/21/2022 5:12:58 PM,202110,Other UK Airports,LANDS END (ST JUST),5525,6540,-15.519878,5500,6540,-15.902141,25,0,Null,2022-10-01
12/21/2022 5:12:58 PM,202110,Other UK Airports,LEEDS BRADFORD,336376,177258,89.766329,336376,177168,89.862729,0,90,Null,2022-10-01
12/21/2022 5:12:58 PM,202110,Other UK Airports,LERWICK (TINGWALL),262,267,-1.872659,262,267,-1.872659,0,0,Null,2022-10-01
12/21/2022 5:12:58 PM,202110,Other UK Airports,LIVERPOOL (JOHN LENNON),360621,216899,66.262177,360621,216899,66.262177,0,0,Null,2022-10-01
12/21/2022 5:12:58 PM,202110,London Area Airports,LONDON CITY,301737,148889,102.659028,301737,148889,102.659028,0,0,Null,2022-10-01
12/21/2022 5:12:58 PM,202110,London Area Airports,LUTON,1328090,766115,73.353870,1327454,766115,73.270854,636,0,Null,2022-10-01
12/21/2022 5:12:58 PM,202110,Other UK Airports,MANCHESTER,2316232,1202621,92.598666,2314593,1202502,92.481426,1639,119,1277.310924,2022-10-01
12/21/2022 5:12:58 PM,202110,Other UK Airports,NEWCASTLE,439216,224517,95.627057,439216,224371,95.754353,0,146,Null,2022-10-01
12/21/2022 5:12:58 PM,202110,Other UK Airports,NEWQUAY,23248,12873,80.595044,23248,12828,81.228563,0,45,Null,2022-10-01
12/21/2022 5:12:58 PM,202110,Other UK Airports,NORWICH,34559,15857,117.941603,34559,15857,117.941603,0,0,Null,2022-10-01
12/21/2022 5:12:58 PM,202110,Other UK Airports,PRESTWICK,52275,19054,174.351842,52275,18820,177.763018,0,234,Null,2022-10-01
12/21/2022 5:12:58 PM,202110,Other UK Airports,SOUTHAMPTON,61929,44204,40.098181,61929,44204,40.098181,0,0,Null,2022-10-01
12/21/2022 5:12:58 PM,202110,London Area Airports,SOUTHEND,13124,24555,-46.552637,13124,24555,-46.552637,0,0,Null,2022-10-01
12/21/2022 5:12:58 PM,202110,London Area Airports,STANSTED,2338638,1340168,74.503346,2338638,1340097,74.512591,0,71,Null,2022-10-01
12/21/2022 5:12:58 PM,202110,Other UK Airports,STORNOWAY,9751,8144,19.732318,9658,8005,20.649594,93,139,-33.093525,2022-10-01
12/21/2022 5:12:58 PM,202110,Other UK Airports,SUMBURGH,23387,19844,17.854263,23378,19748,18.381608,9,96,-90.625000,2022-10-01
12/21/2022 5:12:58 PM,202110,Other UK Airports,TEESSIDE INTERNATIONAL AIRPORT,16662,12210,36.461916,16661,11810,41.075360,1,400,-99.750000,2022-10-01
12/21/2022 5:12:58 PM,202110,Other UK Airports,TIREE,809,916,-11.681223,805,906,-11.147903,4,10,-60.000000,2022-10-01
12/21/2022 5:12:58 PM,202110,Other UK Airports,WICK JOHN O GROATS,926,0,Null,926,0,Null,0,0,Null,2022-10-01
1/13/2023 9:57:28 AM,202111,Other UK Airports,ABERDEEN,170410,117677,44.811645,170410,117677,44.811645,0,0,Null,2022-11-01
1/13/2023 9:57:28 AM,202111,Non UK Reporting Airports,ALDERNEY,3466,3417,1.434006,3466,3417,1.434006,0,0,Null,2022-11-01
1/13/2023 9:57:28 AM,202111,Other UK Airports,BARRA,758,570,32.982456,758,570,32.982456,0,0,Null,2022-11-01
1/13/2023 9:57:28 AM,202111,Other UK Airports,BELFAST CITY (GEORGE BEST),171154,97699,75.185007,171154,97699,75.185007,0,0,Null,2022-11-01
1/13/2023 9:57:28 AM,202111,Other UK Airports,BELFAST INTERNATIONAL,301791,297082,1.585084,301791,297082,1.585084,0,0,Null,2022-11-01
1/13/2023 9:57:28 AM,202111,Other UK Airports,BENBECULA,2579,1925,33.974026,2545,1925,32.207792,34,0,Null,2022-11-01
1/13/2023 9:57:28 AM,202111,Other UK Airports,BIGGIN HILL,240,100,140.000000,240,100,140.000000,0,0,Null,2022-11-01
1/13/2023 9:57:28 AM,202111,Other UK Airports,BIRMINGHAM,652130,397637,64.001338,651937,397428,64.039021,193,209,-7.655502,2022-11-01
1/13/2023 9:57:28 AM,202111,Other UK Airports,BLACKPOOL,1295,0,Null,1295,0,Null,0,0,Null,2022-11-01
1/13/2023 9:57:28 AM,202111,Other UK Airports,BOURNEMOUTH,29313,26823,9.283078,29313,26823,9.283078,0,0,Null,2022-11-01
1/13/2023 9:57:28 AM,202111,Other UK Airports,BRISTOL,455994,313885,45.274225,455818,313885,45.218153,176,0,Null,2022-11-01
1/13/2023 9:57:28 AM,202111,Other UK Airports,CAMPBELTOWN,400,196,104.081633,400,185,116.216216,0,11,Null,2022-11-01
1/13/2023 9:57:28 AM,202111,Other UK Airports,CARDIFF WALES,44111,21426,105.876038,44111,21330,106.802625,0,96,Null,2022-11-01
1/13/2023 9:57:28 AM,202111,Other UK Airports,CITY OF DERRY (EGLINTON),11332,6938,63.332372,11332,6938,63.332372,0,0,Null,2022-11-01
1/13/2023 9:57:28 AM,202111,Other UK Airports,DONCASTER SHEFFIELD,2247,36880,-93.907267,2247,36880,-93.907267,0,0,Null,2022-11-01
1/13/2023 9:57:28 AM,202111,Other UK Airports,DUNDEE,3628,2524,43.740095,3490,2524,38.272583,138,0,Null,2022-11-01
1/13/2023 9:57:28 AM,202111,Other UK Airports,EAST MIDLANDS INTERNATIONAL,145838,111885,30.346338,145838,111885,30.346338,0,0,Null,2022-11-01
1/13/2023 9:57:28 AM,202111,Other UK Airports,EDINBURGH,849350,518700,63.745903,849203,518700,63.717563,147,0,Null,2022-11-01
1/13/2023 9:57:28 AM,202111,Other UK Airports,EXETER,21876,16927,29.237313,21876,16927,29.237313,0,0,Null,2022-11-01
1/13/2023 9:57:28 AM,202111,London Area Airports,GATWICK,2179976,970267,124.677949,2179605,970267,124.639713,371,0,Null,2022-11-01
1/13/2023 9:57:28 AM,202111,Other UK Airports,GLASGOW,446067,343556,29.838221,446067,343556,29.838221,0,0,Null,2022-11-01
1/13/2023 9:57:28 AM,202111,Non UK Reporting Airports,GUERNSEY,49833,38396,29.786957,49833,38396,29.786957,0,0,Null,2022-11-01
1/13/2023 9:57:28 AM,202111,London Area Airports,HEATHROW,5563958,3065774,81.486241,5558658,3065774,81.313365,5300,0,Null,2022-11-01
1/13/2023 9:57:28 AM,202111,Other UK Airports,HUMBERSIDE,7970,3772,111.293743,7970,3772,111.293743,0,0,Null,2022-11-01
1/13/2023 9:57:28 AM,202111,Other UK Airports,INVERNESS,50884,40933,24.310459,50884,40933,24.310459,0,0,Null,2022-11-01
1/13/2023 9:57:28 AM,202111,Other UK Airports,ISLAY,2217,1564,41.751918,2217,1564,41.751918,0,0,Null,2022-11-01
1/13/2023 9:57:28 AM,202111,Non UK Reporting Airports,ISLE OF MAN,45096,37806,19.282654,45096,37806,19.282654,0,0,Null,2022-11-01
1/13/2023 9:57:28 AM,202111,Other UK Airports,ISLES OF SCILLY (ST.MARYS),2896,3375,-14.192593,2896,3375,-14.192593,0,0,Null,2022-11-01
1/13/2023 9:57:28 AM,202111,Non UK Reporting Airports,JERSEY,85442,72940,17.140115,85442,72935,17.148146,0,5,Null,2022-11-01
1/13/2023 9:57:28 AM,202111,Other UK Airports,KIRKWALL,10452,8376,24.785100,9767,7638,27.873789,685,738,-7.181572,2022-11-01
1/13/2023 9:57:28 AM,202111,Other UK Airports,LANDS END (ST JUST),2751,2902,-5.203308,2751,2902,-5.203308,0,0,Null,2022-11-01
1/13/2023 9:57:28 AM,202111,Other UK Airports,LEEDS BRADFORD,181705,113069,60.702757,181705,113069,60.702757,0,0,Null,2022-11-01
1/13/2023 9:57:28 AM,202111,Other UK Airports,LERWICK (TINGWALL),54,134,-59.701493,54,134,-59.701493,0,0,Null,2022-11-01
1/13/2023 9:57:28 AM,202111,Other UK Airports,LIVERPOOL (JOHN LENNON),236530,160164,47.679878,236530,160164,47.679878,0,0,Null,2022-11-01
1/13/2023 9:57:28 AM,202111,London Area Airports,LONDON CITY,273520,145990,87.355298,273520,145990,87.355298,0,0,Null,2022-11-01
1/13/2023 9:57:28 AM,202111,London Area Airports,LUTON,913292,549882,66.088724,913292,549882,66.088724,0,0,Null,2022-11-01
1/13/2023 9:57:28 AM,202111,Other UK Airports,MANCHESTER,1629427,982865,65.783399,1627732,982817,65.619032,1695,48,3431.250000,2022-11-01
1/13/2023 9:57:28 AM,202111,Other UK Airports,NEWCASTLE,249263,156061,59.721519,249263,155977,59.807536,0,84,Null,2022-11-01
1/13/2023 9:57:28 AM,202111,Other UK Airports,NEWQUAY,16125,4790,236.638831,16125,4790,236.638831,0,0,Null,2022-11-01
1/13/2023 9:57:28 AM,202111,Other UK Airports,NORWICH,20680,13513,53.037815,20680,13513,53.037815,0,0,Null,2022-11-01
1/13/2023 9:57:28 AM,202111,Other UK Airports,PRESTWICK,16537,13000,27.207692,16314,13000,25.492308,223,0,Null,2022-11-01
1/13/2023 9:57:28 AM,202111,Other UK Airports,SOUTHAMPTON,54704,35241,55.228285,54704,35241,55.228285,0,0,Null,2022-11-01
1/13/2023 9:57:28 AM,202111,London Area Airports,SOUTHEND,46,0,Null,46,0,Null,0,0,Null,2022-11-01
1/13/2023 9:57:28 AM,202111,London Area Airports,STANSTED,1834694,1185580,54.750755,1834694,1185580,54.750755,0,0,Null,2022-11-01
1/13/2023 9:57:28 AM,202111,Other UK Airports,STORNOWAY,9067,7262,24.855412,8955,7160,25.069832,112,102,9.803922,2022-11-01
1/13/2023 9:57:28 AM,202111,Other UK Airports,SUMBURGH,20065,18242,9.993422,20031,18227,9.897405,34,15,126.666667,2022-11-01
1/13/2023 9:57:28 AM,202111,Other UK Airports,TEESSIDE INTERNATIONAL AIRPORT,11241,6959,61.531829,11200,6959,60.942664,41,0,Null,2022-11-01
1/13/2023 9:57:28 AM,202111,Other UK Airports,TIREE,590,640,-7.812500,588,620,-5.161290,2,20,-90.000000,2022-11-01
1/13/2023 9:57:28 AM,202111,Other UK Airports,WICK JOHN O GROATS,832,0,Null,832,0,Null,0,0,Null,2022-11-01
2/15/2023 5:11:01 PM,202112,Other UK Airports,ABERDEEN,158127,111899,41.312255,158127,111899,41.312255,0,0,Null,2022-12-01
2/15/2023 5:11:01 PM,202112,Non UK Reporting Airports,ALDERNEY,3412,2864,19.134078,3412,2864,19.134078,0,0,Null,2022-12-01
2/15/2023 5:11:01 PM,202112,Other UK Airports,BARRA,691,739,-6.495264,691,739,-6.495264,0,0,Null,2022-12-01
2/15/2023 5:11:01 PM,202112,Other UK Airports,BELFAST CITY (GEORGE BEST),165298,94204,75.468133,165298,94177,75.518439,0,27,Null,2022-12-01
2/15/2023 5:11:01 PM,202112,Other UK Airports,BELFAST INTERNATIONAL,312912,286645,9.163600,312912,286645,9.163600,0,0,Null,2022-12-01
2/15/2023 5:11:01 PM,202112,Other UK Airports,BENBECULA,2351,2063,13.960252,2351,2048,14.794922,0,15,Null,2022-12-01
2/15/2023 5:11:01 PM,202112,Other UK Airports,BIGGIN HILL,271,226,19.911504,271,226,19.911504,0,0,Null,2022-12-01
2/15/2023 5:11:01 PM,202112,Other UK Airports,BIRMINGHAM,698784,340652,105.131336,698742,340353,105.299204,42,299,-85.953177,2022-12-01
2/15/2023 5:11:01 PM,202112,Other UK Airports,BLACKPOOL,1132,0,Null,1132,0,Null,0,0,Null,2022-12-01
2/15/2023 5:11:01 PM,202112,Other UK Airports,BOURNEMOUTH,37013,19416,90.631438,37013,19416,90.631438,0,0,Null,2022-12-01
2/15/2023 5:11:01 PM,202112,Other UK Airports,BRISTOL,513877,271791,89.070646,513766,271693,89.097989,111,98,13.265306,2022-12-01
2/15/2023 5:11:01 PM,202112,Other UK Airports,CAMPBELTOWN,361,303,19.141914,343,292,17.465753,18,11,63.636364,2022-12-01
2/15/2023 5:11:01 PM,202112,Other UK Airports,CARDIFF WALES,38402,15485,147.994834,38171,15390,148.024691,231,95,143.157895,2022-12-01
2/15/2023 5:11:01 PM,202112,Other UK Airports,CITY OF DERRY (EGLINTON),12896,11341,13.711313,12896,11341,13.711313,0,0,Null,2022-12-01
2/15/2023 5:11:01 PM,202112,Other UK Airports,DONCASTER SHEFFIELD,0,40463,Null,0,40463,Null,0,0,Null,2022-12-01
2/15/2023 5:11:01 PM,202112,Other UK Airports,DUNDEE,2961,2266,30.670786,2903,2266,28.111209,58,0,Null,2022-12-01
2/15/2023 5:11:01 PM,202112,Other UK Airports,EAST MIDLANDS INTERNATIONAL,153922,76359,101.576762,153922,76359,101.576762,0,0,Null,2022-12-01
2/15/2023 5:11:01 PM,202112,Other UK Airports,EDINBURGH,895789,437102,104.938207,895789,437102,104.938207,0,0,Null,2022-12-01
2/15/2023 5:11:01 PM,202112,Other UK Airports,EXETER,23442,15099,55.255315,23442,15099,55.255315,0,0,Null,2022-12-01
2/15/2023 5:11:01 PM,202112,London Area Airports,GATWICK,2593235,1036785,150.122735,2592894,1036504,150.157645,341,281,21.352313,2022-12-01
2/15/2023 5:11:01 PM,202112,Other UK Airports,GLASGOW,427858,278393,53.688491,427344,278292,53.559571,514,101,408.910891,2022-12-01
2/15/2023 5:11:01 PM,202112,Non UK Reporting Airports,GUERNSEY,50251,34178,47.027328,50251,34178,47.027328,0,0,Null,2022-12-01
2/15/2023 5:11:01 PM,202112,London Area Airports,HEATHROW,5950200,3121435,90.623864,5943354,3121074,90.426565,6846,361,1796.398892,2022-12-01
2/15/2023 5:11:01 PM,202112,Other UK Airports,HUMBERSIDE,8960,4512,98.581560,8960,4512,98.581560,0,0,Null,2022-12-01
2/15/2023 5:11:01 PM,202112,Other UK Airports,INVERNESS,49826,39159,27.240226,49826,39159,27.240226,0,0,Null,2022-12-01
2/15/2023 5:11:01 PM,202112,Other UK Airports,ISLAY,1488,1181,25.994920,1470,1162,26.506024,18,19,-5.263158,2022-12-01
2/15/2023 5:11:01 PM,202112,Non UK Reporting Airports,ISLE OF MAN,49492,35282,40.275495,49492,35282,40.275495,0,0,Null,2022-12-01
2/15/2023 5:11:01 PM,202112,Other UK Airports,ISLES OF SCILLY (ST.MARYS),2920,2286,27.734033,2920,2286,27.734033,0,0,Null,2022-12-01
2/15/2023 5:11:01 PM,202112,Non UK Reporting Airports,JERSEY,92342,74742,23.547671,92342,74679,23.651897,0,63,Null,2022-12-01
2/15/2023 5:11:01 PM,202112,Other UK Airports,KIRKWALL,9137,8416,8.567015,8581,7791,10.139905,556,625,-11.040000,2022-12-01
2/15/2023 5:11:01 PM,202112,Other UK Airports,LANDS END (ST JUST),2852,2160,32.037037,2852,2160,32.037037,0,0,Null,2022-12-01
2/15/2023 5:11:01 PM,202112,Other UK Airports,LEEDS BRADFORD,188706,74693,152.642149,188537,74639,152.598507,169,54,212.962963,2022-12-01
2/15/2023 5:11:01 PM,202112,Other UK Airports,LERWICK (TINGWALL),53,138,-61.594203,53,138,-61.594203,0,0,Null,2022-12-01
2/15/2023 5:11:01 PM,202112,Other UK Airports,LIVERPOOL (JOHN LENNON),252884,143914,75.718832,252884,143914,75.718832,0,0,Null,2022-12-01
2/15/2023 5:11:01 PM,202112,London Area Airports,LONDON CITY,251458,87681,186.787331,251458,87681,186.787331,0,0,Null,2022-12-01
2/15/2023 5:11:01 PM,202112,London Area Airports,LUTON,1086141,595550,82.376123,1086141,595550,82.376123,0,0,Null,2022-12-01
2/15/2023 5:11:01 PM,202112,Other UK Airports,MANCHESTER,1728481,907245,90.519760,1726394,906507,90.444641,2087,738,182.791328,2022-12-01
2/15/2023 5:11:01 PM,202112,Other UK Airports,NEWCASTLE,252620,134347,88.035460,252559,134103,88.332103,61,244,-75.000000,2022-12-01
2/15/2023 5:11:01 PM,202112,Other UK Airports,NEWQUAY,16405,4825,240.000000,16405,4825,240.000000,0,0,Null,2022-12-01
2/15/2023 5:11:01 PM,202112,Other UK Airports,NORWICH,20950,12232,71.272073,20950,12232,71.272073,0,0,Null,2022-12-01
2/15/2023 5:11:01 PM,202112,Other UK Airports,PRESTWICK,16446,6899,138.382374,16085,6899,133.149732,361,0,Null,2022-12-01
2/15/2023 5:11:01 PM,202112,Other UK Airports,SOUTHAMPTON,54120,30940,74.919198,54049,30940,74.689722,71,0,Null,2022-12-01
2/15/2023 5:11:01 PM,202112,London Area Airports,STANSTED,1852146,902226,105.286259,1852146,902178,105.297181,0,48,Null,2022-12-01
2/15/2023 5:11:01 PM,202112,Other UK Airports,STORNOWAY,7739,6892,12.289611,7658,6783,12.899897,81,109,-25.688073,2022-12-01
2/15/2023 5:11:01 PM,202112,Other UK Airports,SUMBURGH,16671,17765,-6.158176,16617,17707,-6.155758,54,58,-6.896552,2022-12-01
2/15/2023 5:11:01 PM,202112,Other UK Airports,TEESSIDE INTERNATIONAL AIRPORT,10992,5798,89.582615,10992,5798,89.582615,0,0,Null,2022-12-01
2/15/2023 5:11:01 PM,202112,Other UK Airports,TIREE,598,565,5.840708,588,544,8.088235,10,21,-52.380952,2022-12-01
2/15/2023 5:11:01 PM,202112,Other UK Airports,WICK JOHN O GROATS,711,0,Null,711,0,Null,0,0,Null,2022-12-01
5/4/2023 5:54:08 PM,202201,Other UK Airports,ABERDEEN,148392,90979,63.105772,148392,90740,63.535376,0,239,Null,2023-01-01
5/4/2023 5:54:08 PM,202201,Non UK Reporting Airports,ALDERNEY,3043,2409,26.317974,3043,2409,26.317974,0,0,Null,2023-01-01
5/4/2023 5:54:08 PM,202201,Other UK Airports,BARRA,593,630,-5.873016,593,630,-5.873016,0,0,Null,2023-01-01
5/4/2023 5:54:08 PM,202201,Other UK Airports,BELFAST CITY (GEORGE BEST),143536,63213,127.067217,143536,63213,127.067217,0,0,Null,2023-01-01
5/4/2023 5:54:08 PM,202201,Other UK Airports,BELFAST INTERNATIONAL,290880,220502,31.917171,290713,220502,31.841435,167,0,Null,2023-01-01
5/4/2023 5:54:08 PM,202201,Other UK Airports,BENBECULA,2047,1457,40.494166,2019,1457,38.572409,28,0,Null,2023-01-01
5/4/2023 5:54:08 PM,202201,Other UK Airports,BIGGIN HILL,476,128,271.875000,476,128,271.875000,0,0,Null,2023-01-01
5/4/2023 5:54:08 PM,202201,Other UK Airports,BIRMINGHAM,638341,264906,140.968872,636962,264094,141.187607,1379,812,69.827586,2023-01-01
5/4/2023 5:54:08 PM,202201,Other UK Airports,BLACKPOOL,1127,0,Null,1127,0,Null,0,0,Null,2023-01-01
5/4/2023 5:54:08 PM,202201,Other UK Airports,BOURNEMOUTH,39415,15576,153.049563,39415,15576,153.049563,0,0,Null,2023-01-01
5/4/2023 5:54:08 PM,202201,Other UK Airports,BRISTOL,467014,197409,136.571788,466740,196434,137.606524,274,975,-71.897436,2023-01-01
5/4/2023 5:54:08 PM,202201,Other UK Airports,CAMPBELTOWN,323,366,-11.748634,306,274,11.678832,17,92,-81.521739,2023-01-01
5/4/2023 5:54:08 PM,202201,Other UK Airports,CARDIFF WALES,37377,11191,233.991600,37265,10664,249.446737,112,527,-78.747628,2023-01-01
5/4/2023 5:54:08 PM,202201,Other UK Airports,CITY OF DERRY (EGLINTON),10400,7292,42.622052,10400,7292,42.622052,0,0,Null,2023-01-01
5/4/2023 5:54:08 PM,202201,Other UK Airports,DONCASTER SHEFFIELD,0,27696,Null,0,27659,Null,0,37,Null,2023-01-01
5/4/2023 5:54:08 PM,202201,Other UK Airports,DUNDEE,2566,1238,107.269790,2456,1238,98.384491,110,0,Null,2023-01-01
5/4/2023 5:54:08 PM,202201,Other UK Airports,EAST MIDLANDS INTERNATIONAL,137182,57972,136.634927,137182,57972,136.634927,0,0,Null,2023-01-01
5/4/2023 5:54:08 PM,202201,Other UK Airports,EDINBURGH,823542,316778,159.974493,823542,316687,160.049197,0,91,Null,2023-01-01
5/4/2023 5:54:08 PM,202201,Other UK Airports,EXETER,19736,10511,87.765198,19736,10511,87.765198,0,0,Null,2023-01-01
5/4/2023 5:54:08 PM,202201,London Area Airports,GATWICK,2158602,799043,170.148415,2158265,798346,170.342057,337,697,-51.649928,2023-01-01
5/4/2023 5:54:08 PM,202201,Other UK Airports,GLASGOW,403866,214779,88.037937,403866,214739,88.072963,0,40,Null,2023-01-01
5/4/2023 5:54:08 PM,202201,Non UK Reporting Airports,GUERNSEY,39072,23922,63.330825,39072,23896,63.508537,0,26,Null,2023-01-01
5/4/2023 5:54:08 PM,202201,London Area Airports,HEATHROW,5488215,2598595,111.199321,5481559,2598278,110.968919,6656,317,1999.684543,2023-01-01
5/4/2023 5:54:08 PM,202201,Other UK Airports,HUMBERSIDE,7591,2885,163.119584,7591,2885,163.119584,0,0,Null,2023-01-01
5/4/2023 5:54:08 PM,202201,Other UK Airports,INVERNESS,40730,21696,87.730457,40701,21696,87.596792,29,0,Null,2023-01-01
5/4/2023 5:54:08 PM,202201,Other UK Airports,ISLAY,1325,876,51.255708,1321,855,54.502924,4,21,-80.952381,2023-01-01
5/4/2023 5:54:08 PM,202201,Non UK Reporting Airports,ISLE OF MAN,42868,25103,70.768434,42868,25103,70.768434,0,0,Null,2023-01-01
5/4/2023 5:54:08 PM,202201,Other UK Airports,ISLES OF SCILLY (ST.MARYS),2510,1888,32.944915,2510,1888,32.944915,0,0,Null,2023-01-01
5/4/2023 5:54:08 PM,202201,Non UK Reporting Airports,JERSEY,72820,50361,44.596017,72820,50355,44.613246,0,6,Null,2023-01-01
5/4/2023 5:54:08 PM,202201,Other UK Airports,KIRKWALL,8796,6972,26.161790,7932,5867,35.196864,864,1105,-21.809955,2023-01-01
5/4/2023 5:54:08 PM,202201,Other UK Airports,LANDS END (ST JUST),2196,1873,17.245061,2196,1873,17.245061,0,0,Null,2023-01-01
5/4/2023 5:54:08 PM,202201,Other UK Airports,LEEDS BRADFORD,174167,62480,178.756402,174167,62283,179.638103,0,197,Null,2023-01-01
5/4/2023 5:54:08 PM,202201,Other UK Airports,LERWICK (TINGWALL),73,80,-8.750000,73,80,-8.750000,0,0,Null,2023-01-01
5/4/2023 5:54:08 PM,202201,Other UK Airports,LIVERPOOL (JOHN LENNON),239480,103322,131.780260,239480,103322,131.780260,0,0,Null,2023-01-01
5/4/2023 5:54:08 PM,202201,London Area Airports,LONDON CITY,218265,66837,226.563131,218265,66837,226.563131,0,0,Null,2023-01-01
5/4/2023 5:54:08 PM,202201,London Area Airports,LUTON,989393,451606,119.083227,989234,451465,119.116432,159,141,12.765957,2023-01-01
5/4/2023 5:54:08 PM,202201,Other UK Airports,MANCHESTER,1633728,745217,119.228493,1632018,744330,119.260006,1710,887,92.784667,2023-01-01
5/4/2023 5:54:08 PM,202201,Other UK Airports,NEWCASTLE,240146,105452,127.730152,240146,105071,128.555929,0,381,Null,2023-01-01
5/4/2023 5:54:08 PM,202201,Other UK Airports,NEWQUAY,14764,2843,419.310587,14764,2843,419.310587,0,0,Null,2023-01-01
5/4/2023 5:54:08 PM,202201,Other UK Airports,NORWICH,19114,9855,93.952308,19114,9855,93.952308,0,0,Null,2023-01-01
5/4/2023 5:54:08 PM,202201,Other UK Airports,PRESTWICK,17156,6725,155.107807,17156,6725,155.107807,0,0,Null,2023-01-01
5/4/2023 5:54:08 PM,202201,Other UK Airports,SOUTHAMPTON,46918,20128,133.098172,46906,20070,133.712008,12,58,-79.310345,2023-01-01
5/4/2023 5:54:08 PM,202201,London Area Airports,STANSTED,1821006,665365,173.685270,1821006,664920,173.868435,0,445,Null,2023-01-01
5/4/2023 5:54:08 PM,202201,Other UK Airports,STORNOWAY,6800,4852,40.148392,6697,4757,40.782005,103,95,8.421053,2023-01-01
5/4/2023 5:54:08 PM,202201,Other UK Airports,SUMBURGH,17183,14518,18.356523,17026,14165,20.197670,157,353,-55.524079,2023-01-01
5/4/2023 5:54:08 PM,202201,Other UK Airports,TEESSIDE INTERNATIONAL AIRPORT,10822,2882,275.503123,10730,2882,272.310895,92,0,Null,2023-01-01
5/4/2023 5:54:08 PM,202201,Other UK Airports,TIREE,518,480,7.916667,499,465,7.311828,19,15,26.666667,2023-01-01
5/4/2023 5:54:08 PM,202201,Other UK Airports,WICK JOHN O GROATS,628,0,Null,628,0,Null,0,0,Null,2023-01-01
4/17/2023 12:12:10 PM,202202,Other UK Airports,ABERDEEN,150397,106150,41.683467,150397,106150,41.683467,0,0,Null,2023-02-01
4/17/2023 12:12:10 PM,202202,Non UK Reporting Airports,ALDERNEY,2919,2707,7.831548,2919,2707,7.831548,0,0,Null,2023-02-01
4/17/2023 12:12:10 PM,202202,Other UK Airports,BARRA,790,774,2.067183,790,774,2.067183,0,0,Null,2023-02-01
4/17/2023 12:12:10 PM,202202,Other UK Airports,BELFAST CITY (GEORGE BEST),145217,88604,63.894407,145217,88604,63.894407,0,0,Null,2023-02-01
4/17/2023 12:12:10 PM,202202,Other UK Airports,BELFAST INTERNATIONAL,333051,304896,9.234296,333051,304896,9.234296,0,0,Null,2023-02-01
4/17/2023 12:12:10 PM,202202,Other UK Airports,BENBECULA,2179,2066,5.469506,2162,2050,5.463415,17,16,6.250000,2023-02-01
4/17/2023 12:12:10 PM,202202,Other UK Airports,BIGGIN HILL,427,359,18.941504,427,359,18.941504,0,0,Null,2023-02-01
4/17/2023 12:12:10 PM,202202,Other UK Airports,BIRMINGHAM,659385,424227,55.432115,659385,424227,55.432115,0,0,Null,2023-02-01
4/17/2023 12:12:10 PM,202202,Other UK Airports,BLACKPOOL,968,0,Null,968,0,Null,0,0,Null,2023-02-01
4/17/2023 12:12:10 PM,202202,Other UK Airports,BOURNEMOUTH,35980,31776,13.230111,35980,31776,13.230111,0,0,Null,2023-02-01
4/17/2023 12:12:10 PM,202202,Other UK Airports,BRISTOL,552035,363485,51.872842,551797,363287,51.890103,238,198,20.202020,2023-02-01
4/17/2023 12:12:10 PM,202202,Other UK Airports,CAMPBELTOWN,438,283,54.770318,431,177,143.502825,7,106,-93.396226,2023-02-01
4/17/2023 12:12:10 PM,202202,Other UK Airports,CARDIFF WALES,35765,18674,91.522973,35765,18674,91.522973,0,0,Null,2023-02-01
4/17/2023 12:12:10 PM,202202,Other UK Airports,CITY OF DERRY (EGLINTON),11256,10171,10.667584,11256,10171,10.667584,0,0,Null,2023-02-01
4/17/2023 12:12:10 PM,202202,Other UK Airports,DONCASTER SHEFFIELD,0,30763,Null,0,30763,Null,0,0,Null,2023-02-01
4/17/2023 12:12:10 PM,202202,Other UK Airports,DUNDEE,2345,1834,27.862595,2248,1834,22.573610,97,0,Null,2023-02-01
4/17/2023 12:12:10 PM,202202,Other UK Airports,EAST MIDLANDS INTERNATIONAL,137266,110775,23.914241,137266,110775,23.914241,0,0,Null,2023-02-01
4/17/2023 12:12:10 PM,202202,Other UK Airports,EDINBURGH,835047,514047,62.445652,835047,514047,62.445652,0,0,Null,2023-02-01
4/17/2023 12:12:10 PM,202202,Other UK Airports,EXETER,20830,15233,36.742598,20830,15233,36.742598,0,0,Null,2023-02-01
4/17/2023 12:12:10 PM,202202,London Area Airports,GATWICK,2405123,1267829,89.704053,2405015,1267829,89.695535,108,0,Null,2023-02-01
4/17/2023 12:12:10 PM,202202,Other UK Airports,GLASGOW,410440,306643,33.849460,410440,306643,33.849460,0,0,Null,2023-02-01
4/17/2023 12:12:10 PM,202202,Non UK Reporting Airports,GUERNSEY,42945,33387,28.627909,42945,33387,28.627909,0,0,Null,2023-02-01
4/17/2023 12:12:10 PM,202202,London Area Airports,HEATHROW,5200424,2863496,81.611010,5194577,2863496,81.406819,5847,0,Null,2023-02-01
4/17/2023 12:12:10 PM,202202,Other UK Airports,HUMBERSIDE,7515,2392,214.172241,7515,2392,214.172241,0,0,Null,2023-02-01
4/17/2023 12:12:10 PM,202202,Other UK Airports,INVERNESS,46874,28668,63.506349,46765,28638,63.297018,109,30,263.333333,2023-02-01
4/17/2023 12:12:10 PM,202202,Other UK Airports,ISLAY,1683,1255,34.103586,1671,1227,36.185819,12,28,-57.142857,2023-02-01
4/17/2023 12:12:10 PM,202202,Non UK Reporting Airports,ISLE OF MAN,46477,34570,34.443159,46477,34570,34.443159,0,0,Null,2023-02-01
4/17/2023 12:12:10 PM,202202,Other UK Airports,ISLES OF SCILLY (ST.MARYS),2396,2342,2.305722,2396,2342,2.305722,0,0,Null,2023-02-01
4/17/2023 12:12:10 PM,202202,Non UK Reporting Airports,JERSEY,81313,66883,21.574989,81313,66883,21.574989,0,0,Null,2023-02-01
4/17/2023 12:12:10 PM,202202,Other UK Airports,KIRKWALL,9105,8344,9.120326,8262,7357,12.301210,843,987,-14.589666,2023-02-01
4/17/2023 12:12:10 PM,202202,Other UK Airports,LANDS END (ST JUST),2388,2329,2.533276,2388,2329,2.533276,0,0,Null,2023-02-01
4/17/2023 12:12:10 PM,202202,Other UK Airports,LEEDS BRADFORD,193486,111138,74.095269,193486,111138,74.095269,0,0,Null,2023-02-01
4/17/2023 12:12:10 PM,202202,Other UK Airports,LERWICK (TINGWALL),121,110,10.000000,121,110,10.000000,0,0,Null,2023-02-01
4/17/2023 12:12:10 PM,202202,Other UK Airports,LIVERPOOL (JOHN LENNON),255893,174015,47.052266,255893,174015,47.052266,0,0,Null,2023-02-01
4/17/2023 12:12:10 PM,202202,London Area Airports,LONDON CITY,226255,124066,82.366644,226255,124066,82.366644,0,0,Null,2023-02-01
4/17/2023 12:12:10 PM,202202,London Area Airports,LUTON,1069833,618623,72.937799,1069833,618623,72.937799,0,0,Null,2023-02-01
4/17/2023 12:12:10 PM,202202,Other UK Airports,MANCHESTER,1663358,1134172,46.658355,1662059,1133092,46.683500,1299,1080,20.277778,2023-02-01
4/17/2023 12:12:10 PM,202202,Other UK Airports,NEWCASTLE,244258,153315,59.317745,244122,153027,59.528711,136,288,-52.777778,2023-02-01
4/17/2023 12:12:10 PM,202202,Other UK Airports,NEWQUAY,11078,5511,101.016150,11078,5511,101.016150,0,0,Null,2023-02-01
4/17/2023 12:12:10 PM,202202,Other UK Airports,NORWICH,19578,10276,90.521604,19578,10276,90.521604,0,0,Null,2023-02-01
4/17/2023 12:12:10 PM,202202,Other UK Airports,PRESTWICK,16680,14070,18.550107,16680,14070,18.550107,0,0,Null,2023-02-01
4/17/2023 12:12:10 PM,202202,Other UK Airports,SOUTHAMPTON,50383,29973,68.094618,50383,29973,68.094618,0,0,Null,2023-02-01
4/17/2023 12:12:10 PM,202202,London Area Airports,STANSTED,1711580,1151740,48.608193,1711580,1151740,48.608193,0,0,Null,2023-02-01
4/17/2023 12:12:10 PM,202202,Other UK Airports,STORNOWAY,6876,6537,5.185865,6787,6422,5.683588,89,115,-22.608696,2023-02-01
4/17/2023 12:12:10 PM,202202,Other UK Airports,SUMBURGH,17009,15127,12.441330,16884,14825,13.888702,125,302,-58.609272,2023-02-01
4/17/2023 12:12:10 PM,202202,Other UK Airports,TEESSIDE INTERNATIONAL AIRPORT,10888,5346,103.666293,10887,5346,103.647587,1,0,Null,2023-02-01
4/17/2023 12:12:10 PM,202202,Other UK Airports,TIREE,557,560,-0.535714,545,549,-0.728597,12,11,9.090909,2023-02-01
4/17/2023 12:12:10 PM,202202,Other UK Airports,WICK JOHN O GROATS,668,0,Null,668,0,Null,0,0,Null,2023-02-01
5/16/2023 11:13:01 AM,202203,Other UK Airports,ABERDEEN,173898,142661,21.895963,173898,142661,21.895963,0,0,Null,2023-03-01
5/16/2023 11:13:01 AM,202203,Non UK Reporting Airports,ALDERNEY,3548,3681,-3.613149,3548,3681,-3.613149,0,0,Null,2023-03-01
5/16/2023 11:13:01 AM,202203,Other UK Airports,BARRA,898,1004,-10.557769,898,1004,-10.557769,0,0,Null,2023-03-01
5/16/2023 11:13:01 AM,202203,Other UK Airports,BELFAST CITY (GEORGE BEST),163251,104971,55.520096,163251,104971,55.520096,0,0,Null,2023-03-01
5/16/2023 11:13:01 AM,202203,Other UK Airports,BELFAST INTERNATIONAL,392405,365707,7.300380,392405,365707,7.300380,0,0,Null,2023-03-01
5/16/2023 11:13:01 AM,202203,Other UK Airports,BENBECULA,2493,2372,5.101180,2487,2300,8.130435,6,72,-91.666667,2023-03-01
5/16/2023 11:13:01 AM,202203,Other UK Airports,BIGGIN HILL,265,190,39.473684,265,190,39.473684,0,0,Null,2023-03-01
5/16/2023 11:13:01 AM,202203,Other UK Airports,BIRMINGHAM,779097,566647,37.492478,779097,566647,37.492478,0,0,Null,2023-03-01
5/16/2023 11:13:01 AM,202203,Other UK Airports,BLACKPOOL,1184,0,Null,1184,0,Null,0,0,Null,2023-03-01
5/16/2023 11:13:01 AM,202203,Other UK Airports,BOURNEMOUTH,44161,37435,17.967143,44161,37435,17.967143,0,0,Null,2023-03-01
5/16/2023 11:13:01 AM,202203,Other UK Airports,BRISTOL,648477,481851,34.580399,648346,481687,34.599024,131,164,-20.121951,2023-03-01
5/16/2023 11:13:01 AM,202203,Other UK Airports,CAMPBELTOWN,462,402,14.925373,462,347,33.141210,0,55,Null,2023-03-01
5/16/2023 11:13:01 AM,202203,Other UK Airports,CARDIFF WALES,44798,37617,19.089773,44798,37617,19.089773,0,0,Null,2023-03-01
5/16/2023 11:13:01 AM,202203,Other UK Airports,CITY OF DERRY (EGLINTON),11764,11060,6.365280,11764,11060,6.365280,0,0,Null,2023-03-01
5/16/2023 11:13:01 AM,202203,Other UK Airports,DONCASTER SHEFFIELD,0,48552,Null,0,48552,Null,0,0,Null,2023-03-01
5/16/2023 11:13:01 AM,202203,Other UK Airports,DUNDEE,2794,2541,9.956710,2653,2541,4.407713,141,0,Null,2023-03-01
5/16/2023 11:13:01 AM,202203,Other UK Airports,EAST MIDLANDS INTERNATIONAL,183500,148152,23.859280,183500,148152,23.859280,0,0,Null,2023-03-01
5/16/2023 11:13:01 AM,202203,Other UK Airports,EDINBURGH,1009599,680097,48.449265,1009433,680097,48.424857,166,0,Null,2023-03-01
5/16/2023 11:13:01 AM,202203,Other UK Airports,EXETER,24749,18428,34.301064,24749,18428,34.301064,0,0,Null,2023-03-01
5/16/2023 11:13:01 AM,202203,London Area Airports,GATWICK,2902591,1745510,66.288993,2902321,1745510,66.273525,270,0,Null,2023-03-01
5/16/2023 11:13:01 AM,202203,Other UK Airports,GLASGOW,516429,425551,21.355372,516257,425551,21.314954,172,0,Null,2023-03-01
5/16/2023 11:13:01 AM,202203,Non UK Reporting Airports,GUERNSEY,50603,42437,19.242642,50603,42437,19.242642,0,0,Null,2023-03-01
5/16/2023 11:13:01 AM,202203,London Area Airports,HEATHROW,6234096,4196820,48.543326,6229551,4196237,48.455652,4545,583,679.588336,2023-03-01
5/16/2023 11:13:01 AM,202203,Other UK Airports,HUMBERSIDE,8915,3491,155.370954,8915,3491,155.370954,0,0,Null,2023-03-01
5/16/2023 11:13:01 AM,202203,Other UK Airports,INVERNESS,53838,43665,23.297836,53746,43665,23.087141,92,0,Null,2023-03-01
5/16/2023 11:13:01 AM,202203,Other UK Airports,ISLAY,2333,2208,5.661232,2332,2188,6.581353,1,20,-95.000000,2023-03-01
5/16/2023 11:13:01 AM,202203,Non UK Reporting Airports,ISLE OF MAN,51471,42646,20.693617,51471,42646,20.693617,0,0,Null,2023-03-01
5/16/2023 11:13:01 AM,202203,Other UK Airports,ISLES OF SCILLY (ST.MARYS),3237,4600,-29.630435,3237,4600,-29.630435,0,0,Null,2023-03-01
5/16/2023 11:13:01 AM,202203,Non UK Reporting Airports,JERSEY,100464,87963,14.211657,100464,87899,14.294816,0,64,Null,2023-03-01
5/16/2023 11:13:01 AM,202203,Other UK Airports,KIRKWALL,10460,9505,10.047344,10183,8603,18.365686,277,902,-69.290466,2023-03-01
5/16/2023 11:13:01 AM,202203,Other UK Airports,LANDS END (ST JUST),3086,3850,-19.844156,3081,3845,-19.869961,5,5,(None),2023-03-01
5/16/2023 11:13:01 AM,202203,Other UK Airports,LEEDS BRADFORD,235958,164800,43.178398,235958,164800,43.178398,0,0,Null,2023-03-01
5/16/2023 11:13:01 AM,202203,Other UK Airports,LERWICK (TINGWALL),174,192,-9.375000,174,192,-9.375000,0,0,Null,2023-03-01
5/16/2023 11:13:01 AM,202203,Other UK Airports,LIVERPOOL (JOHN LENNON),287818,225474,27.650195,287818,225474,27.650195,0,0,Null,2023-03-01
5/16/2023 11:13:01 AM,202203,London Area Airports,LONDON CITY,289335,190880,51.579526,289335,190880,51.579526,0,0,Null,2023-03-01
5/16/2023 11:13:01 AM,202203,London Area Airports,LUTON,1245137,837114,48.741629,1244931,837114,48.717021,206,0,Null,2023-03-01
5/16/2023 11:13:01 AM,202203,Other UK Airports,MANCHESTER,1914129,1465390,30.622496,1912702,1463509,30.692876,1427,1881,-24.136098,2023-03-01
5/16/2023 11:13:01 AM,202203,Other UK Airports,NEWCASTLE,300969,211516,42.291363,300520,211455,42.120073,449,61,636.065574,2023-03-01
5/16/2023 11:13:01 AM,202203,Other UK Airports,NEWQUAY,17537,9341,87.742212,17537,9341,87.742212,0,0,Null,2023-03-01
5/16/2023 11:13:01 AM,202203,Other UK Airports,NORWICH,22063,15489,42.443024,22063,15489,42.443024,0,0,Null,2023-03-01
5/16/2023 11:13:01 AM,202203,Other UK Airports,PRESTWICK,25280,19974,26.564534,25280,19974,26.564534,0,0,Null,2023-03-01
5/16/2023 11:13:01 AM,202203,Other UK Airports,SOUTHAMPTON,60667,41468,46.298351,60636,41468,46.223594,31,0,Null,2023-03-01
5/16/2023 11:13:01 AM,202203,London Area Airports,SOUTHEND,221,0,Null,221,0,Null,0,0,Null,2023-03-01
5/16/2023 11:13:01 AM,202203,London Area Airports,STANSTED,1969449,1492960,31.915724,1969449,1492960,31.915724,0,0,Null,2023-03-01
5/16/2023 11:13:01 AM,202203,Other UK Airports,STORNOWAY,8100,7769,4.260523,8062,7622,5.772763,38,147,-74.149660,2023-03-01
5/16/2023 11:13:01 AM,202203,Other UK Airports,SUMBURGH,20277,19211,5.548904,20277,19071,6.323738,0,140,Null,2023-03-01
5/16/2023 11:13:01 AM,202203,Other UK Airports,TEESSIDE INTERNATIONAL AIRPORT,12944,6970,85.710187,12928,6970,85.480631,16,0,Null,2023-03-01
5/16/2023 11:13:01 AM,202203,Other UK Airports,TIREE,742,828,-10.386473,732,748,-2.139037,10,80,-87.500000,2023-03-01
5/16/2023 11:13:01 AM,202203,Other UK Airports,WICK JOHN O GROATS,810,0,Null,810,0,Null,0,0,Null,2023-03-01
6/23/2023 10:33:29 AM,202204,Other UK Airports,ABERDEEN,180809,164336,10.023975,180809,164336,10.023975,0,0,Null,2023-04-01
6/23/2023 10:33:29 AM,202204,Non UK Reporting Airports,ALDERNEY,4282,4075,5.079755,4282,4075,5.079755,0,0,Null,2023-04-01
6/23/2023 10:33:29 AM,202204,Other UK Airports,BARRA,1184,1008,17.460317,1184,1008,17.460317,0,0,Null,2023-04-01
6/23/2023 10:33:29 AM,202204,Other UK Airports,BELFAST CITY (GEORGE BEST),170172,111236,52.982847,170172,111236,52.982847,0,0,Null,2023-04-01
6/23/2023 10:33:29 AM,202204,Other UK Airports,BELFAST INTERNATIONAL,540744,431468,25.326560,540744,431468,25.326560,0,0,Null,2023-04-01
6/23/2023 10:33:29 AM,202204,Other UK Airports,BENBECULA,2519,2368,6.376689,2483,2344,5.930034,36,24,50.000000,2023-04-01
6/23/2023 10:33:29 AM,202204,Other UK Airports,BIGGIN HILL,209,329,-36.474164,209,329,-36.474164,0,0,Null,2023-04-01
6/23/2023 10:33:29 AM,202204,Other UK Airports,BIRMINGHAM,858919,745257,15.251383,858919,745257,15.251383,0,0,Null,2023-04-01
6/23/2023 10:33:29 AM,202204,Other UK Airports,BLACKPOOL,1042,0,Null,1042,0,Null,0,0,Null,2023-04-01
6/23/2023 10:33:29 AM,202204,Other UK Airports,BOURNEMOUTH,64013,60772,5.333048,64013,60770,5.336515,0,2,Null,2023-04-01
6/23/2023 10:33:29 AM,202204,Other UK Airports,BRISTOL,812327,655873,23.854313,812235,655617,23.888642,92,256,-64.062500,2023-04-01
6/23/2023 10:33:29 AM,202204,Other UK Airports,CAMPBELTOWN,517,409,26.405868,517,391,32.225064,0,18,Null,2023-04-01
6/23/2023 10:33:29 AM,202204,Other UK Airports,CARDIFF WALES,54398,54334,0.117790,54398,54334,0.117790,0,0,Null,2023-04-01
6/23/2023 10:33:29 AM,202204,Other UK Airports,CITY OF DERRY (EGLINTON),13443,12810,4.941452,13443,12810,4.941452,0,0,Null,2023-04-01
6/23/2023 10:33:29 AM,202204,Other UK Airports,DONCASTER SHEFFIELD,0,81756,Null,0,81756,Null,0,0,Null,2023-04-01
6/23/2023 10:33:29 AM,202204,Other UK Airports,DUNDEE,3398,2907,16.890265,2979,2907,2.476780,419,0,Null,2023-04-01
6/23/2023 10:33:29 AM,202204,Other UK Airports,EAST MIDLANDS INTERNATIONAL,312723,249034,25.574420,312723,249034,25.574420,0,0,Null,2023-04-01
6/23/2023 10:33:29 AM,202204,Other UK Airports,EDINBURGH,1198258,931883,28.584597,1198082,931709,28.589721,176,174,1.149425,2023-04-01
6/23/2023 10:33:29 AM,202204,Other UK Airports,EXETER,32116,27154,18.273551,32116,27154,18.273551,0,0,Null,2023-04-01
6/23/2023 10:33:29 AM,202204,London Area Airports,GATWICK,3297791,2776461,18.776781,3297495,2775387,18.812079,296,1074,-72.439479,2023-04-01
6/23/2023 10:33:29 AM,202204,Other UK Airports,GLASGOW,590851,518536,13.945994,590378,518284,13.910134,473,252,87.698413,2023-04-01
6/23/2023 10:33:29 AM,202204,Non UK Reporting Airports,GUERNSEY,57855,57193,1.157484,57798,57193,1.057822,57,0,Null,2023-04-01
6/23/2023 10:33:29 AM,202204,London Area Airports,HEATHROW,6398870,5081252,25.930971,6398870,5081252,25.930971,0,0,Null,2023-04-01
6/23/2023 10:33:29 AM,202204,Other UK Airports,HUMBERSIDE,9128,5021,81.796455,9128,5021,81.796455,0,0,Null,2023-04-01
6/23/2023 10:33:29 AM,202204,Other UK Airports,INVERNESS,76009,64207,18.381173,75944,64207,18.279938,65,0,Null,2023-04-01
6/23/2023 10:33:29 AM,202204,Other UK Airports,ISLAY,2491,2119,17.555451,2487,2113,17.699953,4,6,-33.333333,2023-04-01
6/23/2023 10:33:29 AM,202204,Non UK Reporting Airports,ISLE OF MAN,55312,49196,12.431905,55312,49196,12.431905,0,0,Null,2023-04-01
6/23/2023 10:33:29 AM,202204,Other UK Airports,ISLES OF SCILLY (ST.MARYS),6059,9812,-38.249083,6059,9812,-38.249083,0,0,Null,2023-04-01
6/23/2023 10:33:29 AM,202204,Non UK Reporting Airports,JERSEY,128377,119602,7.336834,128369,119502,7.419959,8,100,-92.000000,2023-04-01
6/23/2023 10:33:29 AM,202204,Other UK Airports,KIRKWALL,10531,11395,-7.582273,10407,10471,-0.611212,124,924,-86.580087,2023-04-01
6/23/2023 10:33:29 AM,202204,Other UK Airports,LANDS END (ST JUST),5055,6743,-25.033368,5029,6732,-25.297089,26,11,136.363636,2023-04-01
6/23/2023 10:33:29 AM,202204,Other UK Airports,LEEDS BRADFORD,304588,251780,20.973866,304588,251780,20.973866,0,0,Null,2023-04-01
6/23/2023 10:33:29 AM,202204,Other UK Airports,LERWICK (TINGWALL),232,302,-23.178808,232,302,-23.178808,0,0,Null,2023-04-01
6/23/2023 10:33:29 AM,202204,Other UK Airports,LIVERPOOL (JOHN LENNON),373572,318901,17.143565,373386,318901,17.085240,186,0,Null,2023-04-01
6/23/2023 10:33:29 AM,202204,London Area Airports,LONDON CITY,286692,257849,11.186004,286692,257849,11.186004,0,0,Null,2023-04-01
6/23/2023 10:33:29 AM,202204,London Area Airports,LUTON,1402365,1188388,18.005651,1402233,1188236,18.009638,132,152,-13.157895,2023-04-01
6/23/2023 10:33:29 AM,202204,Other UK Airports,MANCHESTER,2177868,1887592,15.378111,2176729,1885877,15.422639,1139,1715,-33.586006,2023-04-01
6/23/2023 10:33:29 AM,202204,Other UK Airports,NEWCASTLE,366331,310941,17.813669,366199,310863,17.800768,132,78,69.230769,2023-04-01
6/23/2023 10:33:29 AM,202204,Other UK Airports,NEWQUAY,36676,18824,94.836379,36676,18824,94.836379,0,0,Null,2023-04-01
6/23/2023 10:33:29 AM,202204,Other UK Airports,NORWICH,22910,17814,28.606714,22910,17814,28.606714,0,0,Null,2023-04-01
6/23/2023 10:33:29 AM,202204,Other UK Airports,PRESTWICK,56820,47180,20.432387,56634,47180,20.038152,186,0,Null,2023-04-01
6/23/2023 10:33:29 AM,202204,Other UK Airports,SOUTHAMPTON,61999,48160,28.735465,61971,48160,28.677326,28,0,Null,2023-04-01
6/23/2023 10:33:29 AM,202204,London Area Airports,SOUTHEND,2860,0,Null,2860,0,Null,0,0,Null,2023-04-01
6/23/2023 10:33:29 AM,202204,London Area Airports,STANSTED,2351488,2021090,16.347515,2351488,2021090,16.347515,0,0,Null,2023-04-01
6/23/2023 10:33:29 AM,202204,Other UK Airports,STORNOWAY,7416,8410,-11.819263,7416,8338,-11.057808,0,72,Null,2023-04-01
6/23/2023 10:33:29 AM,202204,Other UK Airports,SUMBURGH,20786,20846,-0.287825,20786,20658,0.619615,0,188,Null,2023-04-01
6/23/2023 10:33:29 AM,202204,Other UK Airports,TEESSIDE INTERNATIONAL AIRPORT,17988,14216,26.533483,17988,13861,29.774187,0,355,Null,2023-04-01
6/23/2023 10:33:29 AM,202204,Other UK Airports,TIREE,1083,920,17.717391,1075,907,18.522602,8,13,-38.461538,2023-04-01
6/23/2023 10:33:29 AM,202204,Other UK Airports,WICK JOHN O GROATS,890,522,70.498084,890,522,70.498084,0,0,Null,2023-04-01
7/17/2023 12:55:19 PM,202205,Other UK Airports,ABERDEEN,202154,182234,10.931001,202154,182234,10.931001,0,0,Null,2023-05-01
7/17/2023 12:55:19 PM,202205,Non UK Reporting Airports,ALDERNEY,4668,4866,-4.069051,4668,4866,-4.069051,0,0,Null,2023-05-01
7/17/2023 12:55:19 PM,202205,Other UK Airports,BARRA,1366,1406,-2.844950,1366,1406,-2.844950,0,0,Null,2023-05-01
7/17/2023 12:55:19 PM,202205,Other UK Airports,BELFAST CITY (GEORGE BEST),166854,130431,27.925110,166854,130431,27.925110,0,0,Null,2023-05-01
7/17/2023 12:55:19 PM,202205,Other UK Airports,BELFAST INTERNATIONAL,562200,472142,19.074346,562200,472142,19.074346,0,0,Null,2023-05-01
7/17/2023 12:55:19 PM,202205,Other UK Airports,BENBECULA,2914,2746,6.117990,2898,2746,5.535324,16,0,Null,2023-05-01
7/17/2023 12:55:19 PM,202205,Other UK Airports,BIGGIN HILL,850,527,61.290323,850,527,61.290323,0,0,Null,2023-05-01
7/17/2023 12:55:19 PM,202205,Other UK Airports,BIRMINGHAM,1002343,904122,10.863689,1002343,904035,10.874358,0,87,Null,2023-05-01
7/17/2023 12:55:19 PM,202205,Other UK Airports,BLACKPOOL,1245,0,Null,1245,0,Null,0,0,Null,2023-05-01
7/17/2023 12:55:19 PM,202205,Other UK Airports,BOURNEMOUTH,101150,73755,37.143245,101150,73755,37.143245,0,0,Null,2023-05-01
7/17/2023 12:55:19 PM,202205,Other UK Airports,BRISTOL,957782,800292,19.679067,957778,800186,19.694421,4,106,-96.226415,2023-05-01
7/17/2023 12:55:19 PM,202205,Other UK Airports,CAMPBELTOWN,745,680,9.558824,741,672,10.267857,4,8,-50.000000,2023-05-01
7/17/2023 12:55:19 PM,202205,Other UK Airports,CARDIFF WALES,78213,98779,-20.820215,78213,98557,-20.641862,0,222,Null,2023-05-01
7/17/2023 12:55:19 PM,202205,Other UK Airports,CITY OF DERRY (EGLINTON),12896,13910,-7.289720,12896,13910,-7.289720,0,0,Null,2023-05-01
7/17/2023 12:55:19 PM,202205,Other UK Airports,DONCASTER SHEFFIELD,0,112045,Null,0,111969,Null,0,76,Null,2023-05-01
7/17/2023 12:55:19 PM,202205,Other UK Airports,DUNDEE,3570,3316,7.659831,3068,3187,-3.733919,502,129,289.147287,2023-05-01
7/17/2023 12:55:19 PM,202205,Other UK Airports,EAST MIDLANDS INTERNATIONAL,392481,350875,11.857784,392481,350875,11.857784,0,0,Null,2023-05-01
7/17/2023 12:55:19 PM,202205,Other UK Airports,EDINBURGH,1289223,1067915,20.723372,1289127,1067915,20.714383,96,0,Null,2023-05-01
7/17/2023 12:55:19 PM,202205,Other UK Airports,EXETER,43040,39854,7.994179,43040,39854,7.994179,0,0,Null,2023-05-01
7/17/2023 12:55:19 PM,202205,London Area Airports,GATWICK,3677630,3080370,19.389229,3677456,3080370,19.383581,174,0,Null,2023-05-01
7/17/2023 12:55:19 PM,202205,Other UK Airports,GLASGOW,728760,656965,10.928284,728587,656965,10.901951,173,0,Null,2023-05-01
7/17/2023 12:55:19 PM,202205,Non UK Reporting Airports,GUERNSEY,61680,60230,2.407438,61549,60040,2.513324,131,190,-31.052632,2023-05-01
7/17/2023 12:55:19 PM,202205,London Area Airports,HEATHROW,6726921,5341348,25.940512,6726921,5341073,25.946996,0,275,Null,2023-05-01
7/17/2023 12:55:19 PM,202205,Other UK Airports,HUMBERSIDE,12349,8632,43.060704,12349,8632,43.060704,0,0,Null,2023-05-01
7/17/2023 12:55:19 PM,202205,Other UK Airports,INVERNESS,82344,70764,16.364253,82318,70764,16.327511,26,0,Null,2023-05-01
7/17/2023 12:55:19 PM,202205,Other UK Airports,ISLAY,2983,2820,5.780142,2974,2814,5.685856,9,6,50.000000,2023-05-01
7/17/2023 12:55:19 PM,202205,Non UK Reporting Airports,ISLE OF MAN,54156,48382,11.934190,54156,48382,11.934190,0,0,Null,2023-05-01
7/17/2023 12:55:19 PM,202205,Other UK Airports,ISLES OF SCILLY (ST.MARYS),8871,10831,-18.096205,8871,10831,-18.096205,0,0,Null,2023-05-01
7/17/2023 12:55:19 PM,202205,Non UK Reporting Airports,JERSEY,132217,128737,2.703186,132217,128728,2.710366,0,9,Null,2023-05-01
7/17/2023 12:55:19 PM,202205,Other UK Airports,KIRKWALL,13984,12539,11.524045,13149,11698,12.403830,835,841,-0.713436,2023-05-01
7/17/2023 12:55:19 PM,202205,Other UK Airports,LANDS END (ST JUST),6713,7444,-9.819989,6686,7440,-10.134409,27,4,575.000000,2023-05-01
7/17/2023 12:55:19 PM,202205,Other UK Airports,LEEDS BRADFORD,385372,345529,11.531015,385372,345529,11.531015,0,0,Null,2023-05-01
7/17/2023 12:55:19 PM,202205,Other UK Airports,LERWICK (TINGWALL),313,372,-15.860215,313,372,-15.860215,0,0,Null,2023-05-01
7/17/2023 12:55:19 PM,202205,Other UK Airports,LIVERPOOL (JOHN LENNON),380454,329550,15.446518,380454,329550,15.446518,0,0,Null,2023-05-01
7/17/2023 12:55:19 PM,202205,London Area Airports,LONDON CITY,308845,291121,6.088190,308845,291121,6.088190,0,0,Null,2023-05-01
7/17/2023 12:55:19 PM,202205,London Area Airports,LUTON,1536722,1229218,25.016230,1536151,1229152,24.976488,571,66,765.151515,2023-05-01
7/17/2023 12:55:19 PM,202205,Other UK Airports,MANCHESTER,2505927,2166440,15.670270,2503869,2163307,15.742657,2058,3133,-34.312161,2023-05-01
7/17/2023 12:55:19 PM,202205,Other UK Airports,NEWCASTLE,467480,422970,10.523205,467457,422885,10.539981,23,85,-72.941176,2023-05-01
7/17/2023 12:55:19 PM,202205,Other UK Airports,NEWQUAY,39946,24573,62.560534,39946,24572,62.567150,0,1,Null,2023-05-01
7/17/2023 12:55:19 PM,202205,Other UK Airports,NORWICH,38104,33871,12.497417,38104,33871,12.497417,0,0,Null,2023-05-01
7/17/2023 12:55:19 PM,202205,Other UK Airports,PRESTWICK,59235,51993,13.928798,59089,51993,13.647991,146,0,Null,2023-05-01
7/17/2023 12:55:19 PM,202205,Other UK Airports,SOUTHAMPTON,63598,54920,15.801165,63534,54920,15.684632,64,0,Null,2023-05-01
7/17/2023 12:55:19 PM,202205,London Area Airports,SOUTHEND,9603,13871,-30.769231,9603,13871,-30.769231,0,0,Null,2023-05-01
7/17/2023 12:55:19 PM,202205,London Area Airports,STANSTED,2549334,2142246,19.002860,2549159,2142246,18.994691,175,0,Null,2023-05-01
7/17/2023 12:55:19 PM,202205,Other UK Airports,STORNOWAY,9926,9358,6.069673,9849,9239,6.602446,77,119,-35.294118,2023-05-01
7/17/2023 12:55:19 PM,202205,Other UK Airports,SUMBURGH,23587,22641,4.178261,23528,22605,4.083167,59,36,63.888889,2023-05-01
7/17/2023 12:55:19 PM,202205,Other UK Airports,TEESSIDE INTERNATIONAL AIRPORT,21494,17836,20.509083,21464,17459,22.939458,30,377,-92.042440,2023-05-01
7/17/2023 12:55:19 PM,202205,Other UK Airports,TIREE,1316,1218,8.045977,1297,1199,8.173478,19,19,(None),2023-05-01
7/17/2023 12:55:19 PM,202205,Other UK Airports,WICK JOHN O GROATS,916,792,15.656566,916,792,15.656566,0,0,Null,2023-05-01
8/15/2023 3:59:57 PM,202206,Other UK Airports,ABERDEEN,208531,191138,9.099708,208531,191138,9.099708,0,0,Null,2023-06-01
8/15/2023 3:59:57 PM,202206,Non UK Reporting Airports,ALDERNEY,4328,5502,-21.337695,4328,5502,-21.337695,0,0,Null,2023-06-01
8/15/2023 3:59:57 PM,202206,Other UK Airports,BARRA,1395,1375,1.454545,1395,1375,1.454545,0,0,Null,2023-06-01
8/15/2023 3:59:57 PM,202206,Other UK Airports,BELFAST CITY (GEORGE BEST),178618,140666,26.980223,178618,140658,26.987445,0,8,Null,2023-06-01
8/15/2023 3:59:57 PM,202206,Other UK Airports,BELFAST INTERNATIONAL,591027,478551,23.503451,591027,478551,23.503451,0,0,Null,2023-06-01
8/15/2023 3:59:57 PM,202206,Other UK Airports,BENBECULA,2845,2794,1.825340,2845,2794,1.825340,0,0,Null,2023-06-01
8/15/2023 3:59:57 PM,202206,Other UK Airports,BIGGIN HILL,592,248,138.709677,592,248,138.709677,0,0,Null,2023-06-01
8/15/2023 3:59:57 PM,202206,Other UK Airports,BIRMINGHAM,1131416,1043745,8.399657,1131069,1043745,8.366411,347,0,Null,2023-06-01
8/15/2023 3:59:57 PM,202206,Other UK Airports,BLACKPOOL,1415,1578,-10.329531,1415,1578,-10.329531,0,0,Null,2023-06-01
8/15/2023 3:59:57 PM,202206,Other UK Airports,BOURNEMOUTH,114958,87349,31.607689,114958,87349,31.607689,0,0,Null,2023-06-01
8/15/2023 3:59:57 PM,202206,Other UK Airports,BRISTOL,1028307,893822,15.046061,1028307,893654,15.067688,0,168,Null,2023-06-01
8/15/2023 3:59:57 PM,202206,Other UK Airports,CAMPBELTOWN,715,603,18.573798,714,600,19.000000,1,3,-66.666667,2023-06-01
8/15/2023 3:59:57 PM,202206,Other UK Airports,CARDIFF WALES,102267,115440,-11.411123,102267,115397,-11.378112,0,43,Null,2023-06-01
8/15/2023 3:59:57 PM,202206,Other UK Airports,CITY OF DERRY (EGLINTON),14138,15360,-7.955729,14138,15360,-7.955729,0,0,Null,2023-06-01
8/15/2023 3:59:57 PM,202206,Other UK Airports,DONCASTER SHEFFIELD,0,130822,Null,0,130590,Null,0,232,Null,2023-06-01
8/15/2023 3:59:57 PM,202206,Other UK Airports,DUNDEE,3840,4036,-4.856293,3074,3800,-19.105263,766,236,224.576271,2023-06-01
8/15/2023 3:59:57 PM,202206,Other UK Airports,EAST MIDLANDS INTERNATIONAL,487747,398846,22.289555,487747,398846,22.289555,0,0,Null,2023-06-01
8/15/2023 3:59:57 PM,202206,Other UK Airports,EDINBURGH,1398433,1185154,17.995889,1398247,1185154,17.980195,186,0,Null,2023-06-01
8/15/2023 3:59:57 PM,202206,Other UK Airports,EXETER,51894,47474,9.310359,51894,47449,9.367953,0,25,Null,2023-06-01
8/15/2023 3:59:57 PM,202206,London Area Airports,GATWICK,4052394,3470376,16.771036,4051908,3470283,16.760160,486,93,422.580645,2023-06-01
8/15/2023 3:59:57 PM,202206,Other UK Airports,GLASGOW,763264,692076,10.286154,763264,692076,10.286154,0,0,Null,2023-06-01
8/15/2023 3:59:57 PM,202206,Non UK Reporting Airports,GUERNSEY,66697,64389,3.584463,66509,64137,3.698333,188,252,-25.396825,2023-06-01
8/15/2023 3:59:57 PM,202206,London Area Airports,HEATHROW,7041003,5990285,17.540367,7041003,5989431,17.557127,0,854,Null,2023-06-01
8/15/2023 3:59:57 PM,202206,Other UK Airports,HUMBERSIDE,14395,11050,30.271493,14395,10865,32.489646,0,185,Null,2023-06-01
8/15/2023 3:59:57 PM,202206,Other UK Airports,INVERNESS,82594,68981,19.734420,82594,68981,19.734420,0,0,Null,2023-06-01
8/15/2023 3:59:57 PM,202206,Other UK Airports,ISLAY,3025,2626,15.194212,3007,2626,14.508759,18,0,Null,2023-06-01
8/15/2023 3:59:57 PM,202206,Non UK Reporting Airports,ISLE OF MAN,66050,58709,12.504045,66050,58709,12.504045,0,0,Null,2023-06-01
8/15/2023 3:59:57 PM,202206,Other UK Airports,ISLES OF SCILLY (ST.MARYS),8453,10212,-17.224834,8453,10212,-17.224834,0,0,Null,2023-06-01
8/15/2023 3:59:57 PM,202206,Non UK Reporting Airports,JERSEY,145542,134120,8.516254,145542,134118,8.517872,0,2,Null,2023-06-01
8/15/2023 3:59:57 PM,202206,Other UK Airports,KIRKWALL,14503,13350,8.636704,13561,12590,7.712470,942,760,23.947368,2023-06-01
8/15/2023 3:59:57 PM,202206,Other UK Airports,LANDS END (ST JUST),6464,6607,-2.164371,6453,6593,-2.123464,11,14,-21.428571,2023-06-01
8/15/2023 3:59:57 PM,202206,Other UK Airports,LEEDS BRADFORD,447022,404307,10.564991,447022,404307,10.564991,0,0,Null,2023-06-01
8/15/2023 3:59:57 PM,202206,Other UK Airports,LERWICK (TINGWALL),446,318,40.251572,446,318,40.251572,0,0,Null,2023-06-01
8/15/2023 3:59:57 PM,202206,Other UK Airports,LIVERPOOL (JOHN LENNON),399269,349335,14.294016,399089,349146,14.304331,180,189,-4.761905,2023-06-01
8/15/2023 3:59:57 PM,202206,London Area Airports,LONDON CITY,325284,314197,3.528678,325284,314197,3.528678,0,0,Null,2023-06-01
8/15/2023 3:59:57 PM,202206,London Area Airports,LUTON,1549590,1353962,14.448559,1548839,1353962,14.393092,751,0,Null,2023-06-01
8/15/2023 3:59:57 PM,202206,Other UK Airports,MANCHESTER,2789681,2425713,15.004578,2787361,2422337,15.069084,2320,3376,-31.279621,2023-06-01
8/15/2023 3:59:57 PM,202206,Other UK Airports,NEWCASTLE,515135,486230,5.944718,515135,486143,5.963677,0,87,Null,2023-06-01
8/15/2023 3:59:57 PM,202206,Other UK Airports,NEWQUAY,47396,26382,79.652794,47396,26382,79.652794,0,0,Null,2023-06-01
8/15/2023 3:59:57 PM,202206,Other UK Airports,NORWICH,40130,38523,4.171534,40130,38523,4.171534,0,0,Null,2023-06-01
8/15/2023 3:59:57 PM,202206,Other UK Airports,PRESTWICK,61812,54969,12.448835,61516,54955,11.938859,296,14,2014.285714,2023-06-01
8/15/2023 3:59:57 PM,202206,Other UK Airports,SOUTHAMPTON,68875,58955,16.826393,68875,58955,16.826393,0,0,Null,2023-06-01
8/15/2023 3:59:57 PM,202206,London Area Airports,SOUTHEND,23794,15367,54.838290,23794,15367,54.838290,0,0,Null,2023-06-01
8/15/2023 3:59:57 PM,202206,London Area Airports,STANSTED,2593216,2338113,10.910636,2593216,2338113,10.910636,0,0,Null,2023-06-01
8/15/2023 3:59:57 PM,202206,Other UK Airports,STORNOWAY,9617,9379,2.537584,9521,9276,2.641225,96,103,-6.796117,2023-06-01
8/15/2023 3:59:57 PM,202206,Other UK Airports,SUMBURGH,24064,23204,3.706258,23964,23186,3.355473,100,18,455.555556,2023-06-01
8/15/2023 3:59:57 PM,202206,Other UK Airports,TEESSIDE INTERNATIONAL AIRPORT,25939,20756,24.971093,25939,20755,24.977114,0,1,Null,2023-06-01
8/15/2023 3:59:57 PM,202206,Other UK Airports,TIREE,1268,1194,6.197655,1258,1176,6.972789,10,18,-44.444444,2023-06-01
8/15/2023 3:59:57 PM,202206,Other UK Airports,WICK JOHN O GROATS,954,801,19.101124,954,801,19.101124,0,0,Null,2023-06-01
9/18/2023 3:39:24 PM,202207,Other UK Airports,ABERDEEN,213863,190236,12.419836,213863,190236,12.419836,0,0,Null,2023-07-01
9/18/2023 3:39:24 PM,202207,Non UK Reporting Airports,ALDERNEY,5397,5602,-3.659407,5397,5602,-3.659407,0,0,Null,2023-07-01
9/18/2023 3:39:24 PM,202207,Other UK Airports,BARRA,1567,1556,0.706941,1567,1556,0.706941,0,0,Null,2023-07-01
9/18/2023 3:39:24 PM,202207,Other UK Airports,BELFAST CITY (GEORGE BEST),197262,164835,19.672400,197262,164835,19.672400,0,0,Null,2023-07-01
9/18/2023 3:39:24 PM,202207,Other UK Airports,BELFAST INTERNATIONAL,629618,510114,23.426920,629618,510114,23.426920,0,0,Null,2023-07-01
9/18/2023 3:39:24 PM,202207,Other UK Airports,BENBECULA,2905,2831,2.613917,2905,2831,2.613917,0,0,Null,2023-07-01
9/18/2023 3:39:24 PM,202207,Other UK Airports,BIGGIN HILL,1298,793,63.682219,1298,793,63.682219,0,0,Null,2023-07-01
9/18/2023 3:39:24 PM,202207,Other UK Airports,BIRMINGHAM,1229335,1105828,11.168735,1229335,1105828,11.168735,0,0,Null,2023-07-01
9/18/2023 3:39:24 PM,202207,Other UK Airports,BLACKPOOL,1482,1169,26.775021,1482,1169,26.775021,0,0,Null,2023-07-01
9/18/2023 3:39:24 PM,202207,Other UK Airports,BOURNEMOUTH,122707,97283,26.134062,122707,97148,26.309342,0,135,Null,2023-07-01
9/18/2023 3:39:24 PM,202207,Other UK Airports,BRISTOL,1081278,933525,15.827428,1081278,933161,15.872609,0,364,Null,2023-07-01
9/18/2023 3:39:24 PM,202207,Other UK Airports,CAMPBELTOWN,830,523,58.699809,830,523,58.699809,0,0,Null,2023-07-01
9/18/2023 3:39:24 PM,202207,Other UK Airports,CARDIFF WALES,106407,122626,-13.226396,106407,122312,-13.003630,0,314,Null,2023-07-01
9/18/2023 3:39:24 PM,202207,Other UK Airports,CITY OF DERRY (EGLINTON),18743,20889,-10.273350,18743,20889,-10.273350,0,0,Null,2023-07-01
9/18/2023 3:39:24 PM,202207,Other UK Airports,DONCASTER SHEFFIELD,0,136372,Null,0,136372,Null,0,0,Null,2023-07-01
9/18/2023 3:39:24 PM,202207,Other UK Airports,DUNDEE,4230,4224,0.142045,3276,3959,-17.251831,954,265,260.000000,2023-07-01
9/18/2023 3:39:24 PM,202207,Other UK Airports,EAST MIDLANDS INTERNATIONAL,495809,417415,18.780830,495809,417415,18.780830,0,0,Null,2023-07-01
9/18/2023 3:39:24 PM,202207,Other UK Airports,EDINBURGH,1528829,1256769,21.647574,1528829,1256469,21.676619,0,300,Null,2023-07-01
9/18/2023 3:39:24 PM,202207,Other UK Airports,EXETER,53755,47449,13.290059,53755,47449,13.290059,0,0,Null,2023-07-01
9/18/2023 3:39:24 PM,202207,London Area Airports,GATWICK,4467244,3847852,16.097085,4466876,3847316,16.103694,368,536,-31.343284,2023-07-01
9/18/2023 3:39:24 PM,202207,Other UK Airports,GLASGOW,765095,745809,2.585917,764104,745554,2.488083,991,255,288.627451,2023-07-01
9/18/2023 3:39:24 PM,202207,Non UK Reporting Airports,GUERNSEY,72112,70490,2.301036,71914,70181,2.469329,198,309,-35.922330,2023-07-01
9/18/2023 3:39:24 PM,202207,London Area Airports,HEATHROW,7662071,6311765,21.393477,7661331,6311538,21.386119,740,227,225.991189,2023-07-01
9/18/2023 3:39:24 PM,202207,Other UK Airports,HUMBERSIDE,14641,10576,38.436082,14641,10576,38.436082,0,0,Null,2023-07-01
9/18/2023 3:39:24 PM,202207,Other UK Airports,INVERNESS,82990,78152,6.190501,82974,78152,6.170028,16,0,Null,2023-07-01
9/18/2023 3:39:24 PM,202207,Other UK Airports,ISLAY,2579,2469,4.455245,2579,2469,4.455245,0,0,Null,2023-07-01
9/18/2023 3:39:24 PM,202207,Non UK Reporting Airports,ISLE OF MAN,53443,48606,9.951446,53443,48606,9.951446,0,0,Null,2023-07-01
9/18/2023 3:39:24 PM,202207,Other UK Airports,ISLES OF SCILLY (ST.MARYS),9652,10374,-6.959707,9652,10374,-6.959707,0,0,Null,2023-07-01
9/18/2023 3:39:24 PM,202207,Non UK Reporting Airports,JERSEY,165972,152373,8.924810,165972,152373,8.924810,0,0,Null,2023-07-01
9/18/2023 3:39:24 PM,202207,Other UK Airports,KIRKWALL,13516,13754,-1.730406,12765,12829,-0.498870,751,925,-18.810811,2023-07-01
9/18/2023 3:39:24 PM,202207,Other UK Airports,LANDS END (ST JUST),6497,7990,-18.685857,6467,7990,-19.061327,30,0,Null,2023-07-01
9/18/2023 3:39:24 PM,202207,Other UK Airports,LEEDS BRADFORD,482773,416784,15.832901,482773,416663,15.866540,0,121,Null,2023-07-01
9/18/2023 3:39:24 PM,202207,Other UK Airports,LERWICK (TINGWALL),356,342,4.093567,356,342,4.093567,0,0,Null,2023-07-01
9/18/2023 3:39:24 PM,202207,Other UK Airports,LIVERPOOL (JOHN LENNON),426521,385021,10.778633,426521,385021,10.778633,0,0,Null,2023-07-01
9/18/2023 3:39:24 PM,202207,London Area Airports,LONDON CITY,304757,327753,-7.016259,304757,327753,-7.016259,0,0,Null,2023-07-01
9/18/2023 3:39:24 PM,202207,London Area Airports,LUTON,1643467,1443241,13.873359,1642427,1442912,13.827247,1040,329,216.109422,2023-07-01
9/18/2023 3:39:24 PM,202207,Other UK Airports,MANCHESTER,2997751,2610219,14.846724,2995630,2607064,14.904352,2121,3155,-32.773376,2023-07-01
9/18/2023 3:39:24 PM,202207,Other UK Airports,NEWCASTLE,546147,503376,8.496829,546147,503320,8.508901,0,56,Null,2023-07-01
9/18/2023 3:39:24 PM,202207,Other UK Airports,NEWQUAY,57421,37749,52.112639,57421,37749,52.112639,0,0,Null,2023-07-01
9/18/2023 3:39:24 PM,202207,Other UK Airports,NORWICH,40403,36876,9.564486,40403,36876,9.564486,0,0,Null,2023-07-01
9/18/2023 3:39:24 PM,202207,Other UK Airports,PRESTWICK,65092,56313,15.589651,65092,56299,15.618395,0,14,Null,2023-07-01
9/18/2023 3:39:24 PM,202207,Other UK Airports,SOUTHAMPTON,73962,71353,3.656469,73962,71353,3.656469,0,0,Null,2023-07-01
9/18/2023 3:39:24 PM,202207,London Area Airports,SOUTHEND,17443,16163,7.919322,17443,16163,7.919322,0,0,Null,2023-07-01
9/18/2023 3:39:24 PM,202207,London Area Airports,STANSTED,2802889,2472875,13.345357,2802889,2472875,13.345357,0,0,Null,2023-07-01
9/18/2023 3:39:24 PM,202207,Other UK Airports,STORNOWAY,10337,9946,3.931229,10243,9855,3.937088,94,91,3.296703,2023-07-01
9/18/2023 3:39:24 PM,202207,Other UK Airports,SUMBURGH,25600,24644,3.879240,25546,24644,3.660120,54,0,Null,2023-07-01
9/18/2023 3:39:24 PM,202207,Other UK Airports,TEESSIDE INTERNATIONAL AIRPORT,25369,21632,17.275333,25369,21632,17.275333,0,0,Null,2023-07-01
9/18/2023 3:39:24 PM,202207,Other UK Airports,TIREE,1472,1446,1.798064,1460,1442,1.248266,12,4,200.000000,2023-07-01
9/18/2023 3:39:24 PM,202207,Other UK Airports,WICK JOHN O GROATS,922,788,17.005076,922,788,17.005076,0,0,Null,2023-07-01
10/16/2023 11:48:53 AM,202208,Other UK Airports,ABERDEEN,212899,183451,16.052243,212899,183451,16.052243,0,0,Null,2023-08-01
10/16/2023 11:48:53 AM,202208,Non UK Reporting Airports,ALDERNEY,5717,5524,3.493845,5717,5524,3.493845,0,0,Null,2023-08-01
10/16/2023 11:48:53 AM,202208,Other UK Airports,BARRA,1584,1493,6.095111,1584,1493,6.095111,0,0,Null,2023-08-01
10/16/2023 11:48:53 AM,202208,Other UK Airports,BELFAST CITY (GEORGE BEST),203706,174713,16.594644,203706,174713,16.594644,0,0,Null,2023-08-01
10/16/2023 11:48:53 AM,202208,Other UK Airports,BELFAST INTERNATIONAL,633084,520708,21.581385,633084,520708,21.581385,0,0,Null,2023-08-01
10/16/2023 11:48:53 AM,202208,Other UK Airports,BENBECULA,2976,2831,5.121865,2976,2815,5.719361,0,16,Null,2023-08-01
10/16/2023 11:48:53 AM,202208,Other UK Airports,BIGGIN HILL,1012,297,240.740741,1012,297,240.740741,0,0,Null,2023-08-01
10/16/2023 11:48:53 AM,202208,Other UK Airports,BIRMINGHAM,1307941,1172239,11.576308,1307821,1172057,11.583396,120,182,-34.065934,2023-08-01
10/16/2023 11:48:53 AM,202208,Other UK Airports,BLACKPOOL,1145,1220,-6.147541,1145,1220,-6.147541,0,0,Null,2023-08-01
10/16/2023 11:48:53 AM,202208,Other UK Airports,BOURNEMOUTH,124761,99071,25.930898,124583,99071,25.751229,178,0,Null,2023-08-01
10/16/2023 11:48:53 AM,202208,Other UK Airports,BRISTOL,1127752,973302,15.868662,1127752,973005,15.904029,0,297,Null,2023-08-01
10/16/2023 11:48:53 AM,202208,Other UK Airports,CAMPBELTOWN,949,822,15.450122,949,822,15.450122,0,0,Null,2023-08-01
10/16/2023 11:48:53 AM,202208,Other UK Airports,CARDIFF WALES,110950,133734,-17.036804,110950,133370,-16.810377,0,364,Null,2023-08-01
10/16/2023 11:48:53 AM,202208,Other UK Airports,CITY OF DERRY (EGLINTON),17380,19448,-10.633484,17380,19448,-10.633484,0,0,Null,2023-08-01
10/16/2023 11:48:53 AM,202208,Other UK Airports,DONCASTER SHEFFIELD,0,160816,Null,0,160629,Null,0,187,Null,2023-08-01
10/16/2023 11:48:53 AM,202208,Other UK Airports,DUNDEE,3554,3931,-9.590435,2803,3678,-23.790103,751,253,196.837945,2023-08-01
10/16/2023 11:48:53 AM,202208,Other UK Airports,EAST MIDLANDS INTERNATIONAL,528672,428554,23.361817,528672,428554,23.361817,0,0,Null,2023-08-01
10/16/2023 11:48:53 AM,202208,Other UK Airports,EDINBURGH,1480878,1199075,23.501699,1480561,1199075,23.475262,317,0,Null,2023-08-01
10/16/2023 11:48:53 AM,202208,Other UK Airports,EXETER,53422,50399,5.998135,53422,50399,5.998135,0,0,Null,2023-08-01
10/16/2023 11:48:53 AM,202208,London Area Airports,GATWICK,4502986,4089241,10.117892,4502675,4088505,10.130109,311,736,-57.744565,2023-08-01
10/16/2023 11:48:53 AM,202208,Other UK Airports,GLASGOW,708820,698374,1.495760,708583,697879,1.533790,237,495,-52.121212,2023-08-01
10/16/2023 11:48:53 AM,202208,Non UK Reporting Airports,GUERNSEY,72942,74224,-1.727204,72780,73934,-1.560852,162,290,-44.137931,2023-08-01
10/16/2023 11:48:53 AM,202208,London Area Airports,HEATHROW,7554482,6040270,25.068614,7553785,6039987,25.062935,697,283,146.289753,2023-08-01
10/16/2023 11:48:53 AM,202208,Other UK Airports,HUMBERSIDE,14824,11546,28.390785,14824,11546,28.390785,0,0,Null,2023-08-01
10/16/2023 11:48:53 AM,202208,Other UK Airports,INVERNESS,80393,76564,5.001045,80292,76564,4.869129,101,0,Null,2023-08-01
10/16/2023 11:48:53 AM,202208,Other UK Airports,ISLAY,3009,2690,11.858736,3001,2678,12.061240,8,12,-33.333333,2023-08-01
10/16/2023 11:48:53 AM,202208,Non UK Reporting Airports,ISLE OF MAN,55622,51428,8.155091,55622,51428,8.155091,0,0,Null,2023-08-01
10/16/2023 11:48:53 AM,202208,Other UK Airports,ISLES OF SCILLY (ST.MARYS),8567,12038,-28.833693,8567,12038,-28.833693,0,0,Null,2023-08-01
10/16/2023 11:48:53 AM,202208,Non UK Reporting Airports,JERSEY,171654,157311,9.117608,171654,157301,9.124545,0,10,Null,2023-08-01
10/16/2023 11:48:53 AM,202208,Other UK Airports,KIRKWALL,14465,13640,6.048387,13507,12783,5.663772,958,857,11.785298,2023-08-01
10/16/2023 11:48:53 AM,202208,Other UK Airports,LANDS END (ST JUST),5575,8185,-31.887599,5554,8157,-31.911242,21,28,-25.000000,2023-08-01
10/16/2023 11:48:53 AM,202208,Other UK Airports,LEEDS BRADFORD,506239,435307,16.294707,506239,435307,16.294707,0,0,Null,2023-08-01
10/16/2023 11:48:53 AM,202208,Other UK Airports,LERWICK (TINGWALL),311,458,-32.096070,311,458,-32.096070,0,0,Null,2023-08-01
10/16/2023 11:48:53 AM,202208,Other UK Airports,LIVERPOOL (JOHN LENNON),439584,401742,9.419478,439584,401742,9.419478,0,0,Null,2023-08-01
10/16/2023 11:48:53 AM,202208,London Area Airports,LONDON CITY,303960,299526,1.480339,303960,299526,1.480339,0,0,Null,2023-08-01
10/16/2023 11:48:53 AM,202208,London Area Airports,LUTON,1691587,1520043,11.285470,1691067,1519661,11.279226,520,382,36.125654,2023-08-01
10/16/2023 11:48:53 AM,202208,Other UK Airports,MANCHESTER,3086665,2731641,12.996730,3084865,2729451,13.021446,1800,2190,-17.808219,2023-08-01
10/16/2023 11:48:53 AM,202208,Other UK Airports,NEWCASTLE,559301,515857,8.421714,559301,515656,8.463976,0,201,Null,2023-08-01
10/16/2023 11:48:53 AM,202208,Other UK Airports,NEWQUAY,57536,36768,56.483899,57536,36768,56.483899,0,0,Null,2023-08-01
10/16/2023 11:48:53 AM,202208,Other UK Airports,NORWICH,41249,39262,5.060873,41249,39262,5.060873,0,0,Null,2023-08-01
10/16/2023 11:48:53 AM,202208,Other UK Airports,OXFORD (KIDLINGTON),0,120,Null,0,120,Null,0,0,Null,2023-08-01
10/16/2023 11:48:53 AM,202208,Other UK Airports,PRESTWICK,62947,55489,13.440502,62947,55488,13.442546,0,1,Null,2023-08-01
10/16/2023 11:48:53 AM,202208,Other UK Airports,SOUTHAMPTON,75554,70579,7.048839,75436,70579,6.881650,118,0,Null,2023-08-01
10/16/2023 11:48:53 AM,202208,London Area Airports,SOUTHEND,17557,15506,13.227138,17557,15506,13.227138,0,0,Null,2023-08-01
10/16/2023 11:48:53 AM,202208,London Area Airports,STANSTED,2912864,2605863,11.781164,2912864,2605863,11.781164,0,0,Null,2023-08-01
10/16/2023 11:48:53 AM,202208,Other UK Airports,STORNOWAY,9741,9854,-1.146742,9697,9733,-0.369876,44,121,-63.636364,2023-08-01
10/16/2023 11:48:53 AM,202208,Other UK Airports,SUMBURGH,25256,24927,1.319854,25215,24927,1.155374,41,0,Null,2023-08-01
10/16/2023 11:48:53 AM,202208,Other UK Airports,TEESSIDE INTERNATIONAL AIRPORT,25901,23358,10.887062,25901,23358,10.887062,0,0,Null,2023-08-01
10/16/2023 11:48:53 AM,202208,Other UK Airports,TIREE,1520,1377,10.384895,1505,1368,10.014620,15,9,66.666667,2023-08-01
10/16/2023 11:48:53 AM,202208,Other UK Airports,WICK JOHN O GROATS,1161,773,50.194049,1161,773,50.194049,0,0,Null,2023-08-01
11/10/2023 12:34:20 PM,202209,Other UK Airports,ABERDEEN,206027,185991,10.772564,206027,185991,10.772564,0,0,Null,2023-09-01
11/10/2023 12:34:20 PM,202209,Non UK Reporting Airports,ALDERNEY,5158,5375,-4.037209,5158,5375,-4.037209,0,0,Null,2023-09-01
11/10/2023 12:34:20 PM,202209,Other UK Airports,BARRA,1369,1365,0.293040,1369,1365,0.293040,0,0,Null,2023-09-01
11/10/2023 12:34:20 PM,202209,Other UK Airports,BELFAST CITY (GEORGE BEST),184001,164938,11.557676,184001,164938,11.557676,0,0,Null,2023-09-01
11/10/2023 12:34:20 PM,202209,Other UK Airports,BELFAST INTERNATIONAL,542297,461149,17.596916,542297,461149,17.596916,0,0,Null,2023-09-01
11/10/2023 12:34:20 PM,202209,Other UK Airports,BENBECULA,2605,2959,-11.963501,2605,2937,-11.304052,0,22,Null,2023-09-01
11/10/2023 12:34:20 PM,202209,Other UK Airports,BIGGIN HILL,457,318,43.710692,457,318,43.710692,0,0,Null,2023-09-01
11/10/2023 12:34:20 PM,202209,Other UK Airports,BIRMINGHAM,1206555,1076611,12.069726,1206555,1076476,12.083781,0,135,Null,2023-09-01
11/10/2023 12:34:20 PM,202209,Other UK Airports,BLACKPOOL,1115,1497,-25.517702,1115,1497,-25.517702,0,0,Null,2023-09-01
11/10/2023 12:34:20 PM,202209,Other UK Airports,BOURNEMOUTH,117881,89227,32.113598,117881,89227,32.113598,0,0,Null,2023-09-01
11/10/2023 12:34:20 PM,202209,Other UK Airports,BRISTOL,1053062,877571,19.997356,1053062,876669,20.120821,0,902,Null,2023-09-01
11/10/2023 12:34:20 PM,202209,Other UK Airports,CAMPBELTOWN,630,762,-17.322835,630,762,-17.322835,0,0,Null,2023-09-01
11/10/2023 12:34:20 PM,202209,Other UK Airports,CARDIFF WALES,108076,111325,-2.918482,107217,110618,-3.074545,859,707,21.499293,2023-09-01
11/10/2023 12:34:20 PM,202209,Other UK Airports,CITY OF DERRY (EGLINTON),12204,13534,-9.827102,12204,13534,-9.827102,0,0,Null,2023-09-01
11/10/2023 12:34:20 PM,202209,Other UK Airports,DONCASTER SHEFFIELD,0,139070,Null,0,138960,Null,0,110,Null,2023-09-01
11/10/2023 12:34:20 PM,202209,Other UK Airports,DUNDEE,3565,3760,-5.186170,2862,3532,-18.969422,703,228,208.333333,2023-09-01
11/10/2023 12:34:20 PM,202209,Other UK Airports,EAST MIDLANDS INTERNATIONAL,464168,371767,24.854546,464168,371767,24.854546,0,0,Null,2023-09-01
11/10/2023 12:34:20 PM,202209,Other UK Airports,EDINBURGH,1387610,1181049,17.489622,1387610,1180233,17.570853,0,816,Null,2023-09-01
11/10/2023 12:34:20 PM,202209,Other UK Airports,EXETER,49255,44286,11.220250,49255,44286,11.220250,0,0,Null,2023-09-01
11/10/2023 12:34:20 PM,202209,London Area Airports,GATWICK,4078736,3627709,12.432833,4078479,3627394,12.435512,257,315,-18.412698,2023-09-01
11/10/2023 12:34:20 PM,202209,Other UK Airports,GLASGOW,728905,700548,4.047831,728270,700548,3.957188,635,0,Null,2023-09-01
11/10/2023 12:34:20 PM,202209,Non UK Reporting Airports,GUERNSEY,66731,66494,0.356423,66690,66342,0.524555,41,152,-73.026316,2023-09-01
11/10/2023 12:34:20 PM,202209,London Area Airports,HEATHROW,7076251,5780628,22.413188,7075332,5780445,22.401165,919,183,402.185792,2023-09-01
11/10/2023 12:34:20 PM,202209,Other UK Airports,HUMBERSIDE,14387,11001,30.779020,14387,11001,30.779020,0,0,Null,2023-09-01
11/10/2023 12:34:20 PM,202209,Other UK Airports,INVERNESS,79179,72083,9.844207,78994,72083,9.587559,185,0,Null,2023-09-01
11/10/2023 12:34:20 PM,202209,Other UK Airports,ISLAY,3085,2846,8.397751,3085,2840,8.626761,0,6,Null,2023-09-01
11/10/2023 12:34:20 PM,202209,Non UK Reporting Airports,ISLE OF MAN,54348,48425,12.231285,54348,48425,12.231285,0,0,Null,2023-09-01
11/10/2023 12:34:20 PM,202209,Other UK Airports,ISLES OF SCILLY (ST.MARYS),9442,11628,-18.799450,9442,11628,-18.799450,0,0,Null,2023-09-01
11/10/2023 12:34:20 PM,202209,Non UK Reporting Airports,JERSEY,143066,139029,2.903711,143066,138969,2.948140,0,60,Null,2023-09-01
11/10/2023 12:34:20 PM,202209,Other UK Airports,KIRKWALL,13807,12316,12.106203,12851,11540,11.360485,956,776,23.195876,2023-09-01
11/10/2023 12:34:20 PM,202209,Other UK Airports,LANDS END (ST JUST),6711,7588,-11.557723,6650,7567,-12.118409,61,21,190.476190,2023-09-01
11/10/2023 12:34:20 PM,202209,Other UK Airports,LEEDS BRADFORD,453227,389723,16.294650,453227,389543,16.348388,0,180,Null,2023-09-01
11/10/2023 12:34:20 PM,202209,Other UK Airports,LERWICK (TINGWALL),303,343,-11.661808,303,343,-11.661808,0,0,Null,2023-09-01
11/10/2023 12:34:20 PM,202209,Other UK Airports,LIVERPOOL (JOHN LENNON),395792,353449,11.979946,395611,353449,11.928737,181,0,Null,2023-09-01
11/10/2023 12:34:20 PM,202209,London Area Airports,LONDON CITY,296126,310369,-4.589054,296126,310369,-4.589054,0,0,Null,2023-09-01
11/10/2023 12:34:20 PM,202209,London Area Airports,LUTON,1531651,1354773,13.055914,1531112,1354224,13.061945,539,549,-1.821494,2023-09-01
11/10/2023 12:34:20 PM,202209,Other UK Airports,MANCHESTER,2831595,2523947,12.189162,2830539,2522732,12.201336,1056,1215,-13.086420,2023-09-01
11/10/2023 12:34:20 PM,202209,Other UK Airports,NEWCASTLE,518141,477651,8.476900,517797,477577,8.421679,344,74,364.864865,2023-09-01
11/10/2023 12:34:20 PM,202209,Other UK Airports,NEWQUAY,44479,26906,65.312570,44469,26906,65.275403,10,0,Null,2023-09-01
11/10/2023 12:34:20 PM,202209,Other UK Airports,NORWICH,40374,40885,-1.249847,40374,40885,-1.249847,0,0,Null,2023-09-01
11/10/2023 12:34:20 PM,202209,Other UK Airports,PRESTWICK,61052,53240,14.673178,60796,53075,14.547339,256,165,55.151515,2023-09-01
11/10/2023 12:34:20 PM,202209,Other UK Airports,SOUTHAMPTON,70466,65169,8.128098,70466,65169,8.128098,0,0,Null,2023-09-01
11/10/2023 12:34:20 PM,202209,London Area Airports,SOUTHEND,24250,15284,58.662654,24250,15284,58.662654,0,0,Null,2023-09-01
11/10/2023 12:34:20 PM,202209,London Area Airports,STANSTED,2621650,2374367,10.414692,2621650,2374367,10.414692,0,0,Null,2023-09-01
11/10/2023 12:34:20 PM,202209,Other UK Airports,STORNOWAY,9908,9669,2.471817,9798,9608,1.977519,110,61,80.327869,2023-09-01
11/10/2023 12:34:20 PM,202209,Other UK Airports,SUMBURGH,22209,22297,-0.394672,22209,22283,-0.332092,0,14,Null,2023-09-01
11/10/2023 12:34:20 PM,202209,Other UK Airports,TEESSIDE INTERNATIONAL AIRPORT,27323,21894,24.796748,27323,21890,24.819552,0,4,Null,2023-09-01
11/10/2023 12:34:20 PM,202209,Other UK Airports,TIREE,1203,1156,4.065744,1188,1147,3.574542,15,9,66.666667,2023-09-01
11/10/2023 12:34:20 PM,202209,Other UK Airports,WICK JOHN O GROATS,976,790,23.544304,976,790,23.544304,0,0,Null,2023-09-01
12/15/2023 10:50:52 AM,202210,Other UK Airports,ABERDEEN,201899,194594,3.753970,201899,194409,3.852702,0,185,Null,2023-10-01
12/15/2023 10:50:52 AM,202210,Non UK Reporting Airports,ALDERNEY,4371,4305,1.533101,4371,4305,1.533101,0,0,Null,2023-10-01
12/15/2023 10:50:52 AM,202210,Other UK Airports,BARRA,956,1042,-8.253359,956,1042,-8.253359,0,0,Null,2023-10-01
12/15/2023 10:50:52 AM,202210,Other UK Airports,BELFAST CITY (GEORGE BEST),184616,175105,5.431598,184616,175105,5.431598,0,0,Null,2023-10-01
12/15/2023 10:50:52 AM,202210,Other UK Airports,BELFAST INTERNATIONAL,556692,438274,27.019171,556692,438274,27.019171,0,0,Null,2023-10-01
12/15/2023 10:50:52 AM,202210,Other UK Airports,BENBECULA,2631,3060,-14.019608,2631,3060,-14.019608,0,0,Null,2023-10-01
12/15/2023 10:50:52 AM,202210,Other UK Airports,BIGGIN HILL,385,302,27.483444,385,302,27.483444,0,0,Null,2023-10-01
12/15/2023 10:50:52 AM,202210,Other UK Airports,BIRMINGHAM,1104492,967635,14.143453,1104308,967223,14.173050,184,412,-55.339806,2023-10-01
12/15/2023 10:50:52 AM,202210,Other UK Airports,BLACKPOOL,1412,1537,-8.132726,1412,1537,-8.132726,0,0,Null,2023-10-01
12/15/2023 10:50:52 AM,202210,Other UK Airports,BOURNEMOUTH,98262,75960,29.360190,98262,75911,29.443691,0,49,Null,2023-10-01
12/15/2023 10:50:52 AM,202210,Other UK Airports,BRISTOL,969450,801940,20.888096,969436,801754,20.914395,14,186,-92.473118,2023-10-01
12/15/2023 10:50:52 AM,202210,Other UK Airports,CAMPBELTOWN,656,501,30.938124,651,501,29.940120,5,0,Null,2023-10-01
12/15/2023 10:50:52 AM,202210,Other UK Airports,CARDIFF WALES,74768,73572,1.625618,74417,73572,1.148535,351,0,Null,2023-10-01
12/15/2023 10:50:52 AM,202210,Other UK Airports,CITY OF DERRY (EGLINTON),12623,14677,-13.994686,12623,14677,-13.994686,0,0,Null,2023-10-01
12/15/2023 10:50:52 AM,202210,Other UK Airports,DONCASTER SHEFFIELD,0,89824,Null,0,89824,Null,0,0,Null,2023-10-01
12/15/2023 10:50:52 AM,202210,Other UK Airports,DUNDEE,2883,4075,-29.251534,2395,3813,-37.188565,488,262,86.259542,2023-10-01
12/15/2023 10:50:52 AM,202210,Other UK Airports,EAST MIDLANDS INTERNATIONAL,412871,353217,16.888768,412871,353217,16.888768,0,0,Null,2023-10-01
12/15/2023 10:50:52 AM,202210,Other UK Airports,EDINBURGH,1388463,1172305,18.438717,1388463,1172081,18.461352,0,224,Null,2023-10-01
12/15/2023 10:50:52 AM,202210,Other UK Airports,EXETER,40180,36117,11.249550,40180,36117,11.249550,0,0,Null,2023-10-01
12/15/2023 10:50:52 AM,202210,London Area Airports,GATWICK,3720264,3357779,10.795380,3720264,3357649,10.799670,0,130,Null,2023-10-01
12/15/2023 10:50:52 AM,202210,Other UK Airports,GLASGOW,723268,684379,5.682378,723268,684379,5.682378,0,0,Null,2023-10-01
12/15/2023 10:50:52 AM,202210,Non UK Reporting Airports,GUERNSEY,62387,61596,1.284174,62387,61421,1.572752,0,175,Null,2023-10-01
12/15/2023 10:50:52 AM,202210,London Area Airports,HEATHROW,6960495,5893221,18.110198,6959659,5892869,18.103067,836,352,137.500000,2023-10-01
12/15/2023 10:50:52 AM,202210,Other UK Airports,HUMBERSIDE,12354,8941,38.172464,12354,8941,38.172464,0,0,Null,2023-10-01
12/15/2023 10:50:52 AM,202210,Other UK Airports,INVERNESS,79255,74522,6.351145,79062,74522,6.092161,193,0,Null,2023-10-01
12/15/2023 10:50:52 AM,202210,Other UK Airports,ISLAY,2946,2654,11.002261,2946,2651,11.127876,0,3,Null,2023-10-01
12/15/2023 10:50:52 AM,202210,Non UK Reporting Airports,ISLE OF MAN,58662,50288,16.652084,58662,50288,16.652084,0,0,Null,2023-10-01
12/15/2023 10:50:52 AM,202210,Other UK Airports,ISLES OF SCILLY (ST.MARYS),4608,7305,-36.919918,4608,7305,-36.919918,0,0,Null,2023-10-01
12/15/2023 10:50:52 AM,202210,Non UK Reporting Airports,JERSEY,128480,122062,5.257984,128480,122062,5.257984,0,0,Null,2023-10-01
12/15/2023 10:50:52 AM,202210,Other UK Airports,KIRKWALL,13041,12006,8.620690,12080,10969,10.128544,961,1037,-7.328833,2023-10-01
12/15/2023 10:50:52 AM,202210,Other UK Airports,LANDS END (ST JUST),4247,5525,-23.131222,4247,5500,-22.781818,0,25,Null,2023-10-01
12/15/2023 10:50:52 AM,202210,Other UK Airports,LEEDS BRADFORD,382494,336376,13.710253,382494,336376,13.710253,0,0,Null,2023-10-01
12/15/2023 10:50:52 AM,202210,Other UK Airports,LERWICK (TINGWALL),309,262,17.938931,309,262,17.938931,0,0,Null,2023-10-01
12/15/2023 10:50:52 AM,202210,Other UK Airports,LIVERPOOL (JOHN LENNON),386482,360621,7.171241,386482,360621,7.171241,0,0,Null,2023-10-01
12/15/2023 10:50:52 AM,202210,London Area Airports,LONDON CITY,300889,301737,-0.281039,300889,301737,-0.281039,0,0,Null,2023-10-01
12/15/2023 10:50:52 AM,202210,London Area Airports,LUTON,1433213,1328090,7.915352,1433213,1327454,7.967056,0,636,Null,2023-10-01
12/15/2023 10:50:52 AM,202210,Other UK Airports,MANCHESTER,2626368,2316232,13.389678,2625194,2314593,13.419249,1174,1639,-28.370958,2023-10-01
12/15/2023 10:50:52 AM,202210,Other UK Airports,NEWCASTLE,469174,439216,6.820790,469174,439216,6.820790,0,0,Null,2023-10-01
12/15/2023 10:50:52 AM,202210,Other UK Airports,NEWQUAY,37338,23248,60.607364,37338,23248,60.607364,0,0,Null,2023-10-01
12/15/2023 10:50:52 AM,202210,Other UK Airports,NORWICH,34535,34559,-0.069446,34535,34559,-0.069446,0,0,Null,2023-10-01
12/15/2023 10:50:52 AM,202210,Other UK Airports,PRESTWICK,57393,52275,9.790531,57346,52275,9.700622,47,0,Null,2023-10-01
12/15/2023 10:50:52 AM,202210,Other UK Airports,SOUTHAMPTON,65118,61929,5.149445,65118,61929,5.149445,0,0,Null,2023-10-01
12/15/2023 10:50:52 AM,202210,London Area Airports,SOUTHEND,24880,13124,89.576349,24880,13124,89.576349,0,0,Null,2023-10-01
12/15/2023 10:50:52 AM,202210,London Area Airports,STANSTED,2570210,2338638,9.902003,2570210,2338638,9.902003,0,0,Null,2023-10-01
12/15/2023 10:50:52 AM,202210,Other UK Airports,STORNOWAY,10497,9751,7.650497,10374,9658,7.413543,123,93,32.258065,2023-10-01
12/15/2023 10:50:52 AM,202210,Other UK Airports,SUMBURGH,24745,23387,5.806645,24745,23378,5.847378,0,9,Null,2023-10-01
12/15/2023 10:50:52 AM,202210,Other UK Airports,TEESSIDE INTERNATIONAL AIRPORT,21949,16662,31.730885,21949,16661,31.738791,0,1,Null,2023-10-01
12/15/2023 10:50:52 AM,202210,Other UK Airports,TIREE,925,809,14.338690,904,805,12.298137,21,4,425.000000,2023-10-01
12/15/2023 10:50:52 AM,202210,Other UK Airports,WICK JOHN O GROATS,1000,926,7.991361,1000,926,7.991361,0,0,Null,2023-10-01
1/15/2024 11:30:36 AM,202211,Other UK Airports,ABERDEEN,172545,170410,1.252861,172545,170410,1.252861,0,0,Null,2023-11-01
1/15/2024 11:30:36 AM,202211,Non UK Reporting Airports,ALDERNEY,2929,3466,-15.493364,2929,3466,-15.493364,0,0,Null,2023-11-01
1/15/2024 11:30:36 AM,202211,Other UK Airports,BARRA,604,758,-20.316623,604,758,-20.316623,0,0,Null,2023-11-01
1/15/2024 11:30:36 AM,202211,Other UK Airports,BELFAST CITY (GEORGE BEST),187085,171154,9.307992,187085,171154,9.307992,0,0,Null,2023-11-01
1/15/2024 11:30:36 AM,202211,Other UK Airports,BELFAST INTERNATIONAL,431856,301791,43.097707,431856,301791,43.097707,0,0,Null,2023-11-01
1/15/2024 11:30:36 AM,202211,Other UK Airports,BENBECULA,2394,2579,-7.173323,2394,2545,-5.933202,0,34,Null,2023-11-01
1/15/2024 11:30:36 AM,202211,Other UK Airports,BIGGIN HILL,207,240,-13.750000,207,240,-13.750000,0,0,Null,2023-11-01
1/15/2024 11:30:36 AM,202211,Other UK Airports,BIRMINGHAM,765082,652482,17.257181,765082,652289,17.291875,0,193,Null,2023-11-01
1/15/2024 11:30:36 AM,202211,Other UK Airports,BLACKPOOL,1169,1295,-9.729730,1169,1295,-9.729730,0,0,Null,2023-11-01
1/15/2024 11:30:36 AM,202211,Other UK Airports,BOURNEMOUTH,38666,29313,31.907345,38666,29313,31.907345,0,0,Null,2023-11-01
1/15/2024 11:30:36 AM,202211,Other UK Airports,BRISTOL,563339,455994,23.540880,563132,455818,23.543169,207,176,17.613636,2023-11-01
1/15/2024 11:30:36 AM,202211,Other UK Airports,CAMPBELTOWN,563,400,40.750000,559,400,39.750000,4,0,Null,2023-11-01
1/15/2024 11:30:36 AM,202211,Other UK Airports,CARDIFF WALES,43493,44111,-1.401011,43493,44111,-1.401011,0,0,Null,2023-11-01
1/15/2024 11:30:36 AM,202211,Other UK Airports,CITY OF DERRY (EGLINTON),9436,11332,-16.731380,9436,11332,-16.731380,0,0,Null,2023-11-01
1/15/2024 11:30:36 AM,202211,Other UK Airports,DONCASTER SHEFFIELD,0,2247,Null,0,2247,Null,0,0,Null,2023-11-01
1/15/2024 11:30:36 AM,202211,Other UK Airports,DUNDEE,3047,3628,-16.014333,2675,3490,-23.352436,372,138,169.565217,2023-11-01
1/15/2024 11:30:36 AM,202211,Other UK Airports,EAST MIDLANDS INTERNATIONAL,188735,145838,29.414144,188735,145838,29.414144,0,0,Null,2023-11-01
1/15/2024 11:30:36 AM,202211,Other UK Airports,EDINBURGH,990227,849350,16.586448,990099,849203,16.591557,128,147,-12.925170,2023-11-01
1/15/2024 11:30:36 AM,202211,Other UK Airports,EXETER,21376,21876,-2.285610,21376,21876,-2.285610,0,0,Null,2023-11-01
1/15/2024 11:30:36 AM,202211,London Area Airports,GATWICK,2537735,2179976,16.411144,2537529,2179605,16.421508,206,371,-44.474394,2023-11-01
1/15/2024 11:30:36 AM,202211,Other UK Airports,GLASGOW,505896,446067,13.412559,505896,446067,13.412559,0,0,Null,2023-11-01
1/15/2024 11:30:36 AM,202211,Non UK Reporting Airports,GUERNSEY,48261,49833,-3.154536,48261,49833,-3.154536,0,0,Null,2023-11-01
1/15/2024 11:30:36 AM,202211,London Area Airports,HEATHROW,6131574,5563958,10.201659,6127210,5558658,10.228224,4364,5300,-17.660377,2023-11-01
1/15/2024 11:30:36 AM,202211,Other UK Airports,HUMBERSIDE,10076,7970,26.424090,10076,7970,26.424090,0,0,Null,2023-11-01
1/15/2024 11:30:36 AM,202211,Other UK Airports,INVERNESS,49932,50884,-1.870922,49852,50884,-2.028142,80,0,Null,2023-11-01
1/15/2024 11:30:36 AM,202211,Other UK Airports,ISLAY,2015,2217,-9.111412,2015,2217,-9.111412,0,0,Null,2023-11-01
1/15/2024 11:30:36 AM,202211,Non UK Reporting Airports,ISLE OF MAN,48027,45096,6.499468,48027,45096,6.499468,0,0,Null,2023-11-01
1/15/2024 11:30:36 AM,202211,Other UK Airports,ISLES OF SCILLY (ST.MARYS),3039,2896,4.937845,3039,2896,4.937845,0,0,Null,2023-11-01
1/15/2024 11:30:36 AM,202211,Non UK Reporting Airports,JERSEY,91868,85442,7.520891,91866,85442,7.518551,2,0,Null,2023-11-01
1/15/2024 11:30:36 AM,202211,Other UK Airports,KIRKWALL,11039,10452,5.616150,10230,9767,4.740453,809,685,18.102190,2023-11-01
1/15/2024 11:30:36 AM,202211,Other UK Airports,LANDS END (ST JUST),3029,2751,10.105416,3029,2751,10.105416,0,0,Null,2023-11-01
1/15/2024 11:30:36 AM,202211,Other UK Airports,LEEDS BRADFORD,219356,181705,20.720949,219356,181705,20.720949,0,0,Null,2023-11-01
1/15/2024 11:30:36 AM,202211,Other UK Airports,LERWICK (TINGWALL),188,54,248.148148,188,54,248.148148,0,0,Null,2023-11-01
1/15/2024 11:30:36 AM,202211,Other UK Airports,LIVERPOOL (JOHN LENNON),280639,236530,18.648374,280639,236530,18.648374,0,0,Null,2023-11-01
1/15/2024 11:30:36 AM,202211,London Area Airports,LONDON CITY,289506,273520,5.844545,289506,273520,5.844545,0,0,Null,2023-11-01
1/15/2024 11:30:36 AM,202211,London Area Airports,LUTON,1081825,913292,18.453353,1081825,913292,18.453353,0,0,Null,2023-11-01
1/15/2024 11:30:36 AM,202211,Other UK Airports,MANCHESTER,1852505,1629427,13.690580,1850893,1627732,13.709935,1612,1695,-4.896755,2023-11-01
1/15/2024 11:30:36 AM,202211,Other UK Airports,NEWCASTLE,299259,249263,20.057530,299259,249263,20.057530,0,0,Null,2023-11-01
1/15/2024 11:30:36 AM,202211,Other UK Airports,NEWQUAY,23038,16125,42.871318,23038,16125,42.871318,0,0,Null,2023-11-01
1/15/2024 11:30:36 AM,202211,Other UK Airports,NORWICH,19197,20680,-7.171180,19197,20680,-7.171180,0,0,Null,2023-11-01
1/15/2024 11:30:36 AM,202211,Other UK Airports,OXFORD (KIDLINGTON),2,0,Null,2,0,Null,0,0,Null,2023-11-01
1/15/2024 11:30:36 AM,202211,Other UK Airports,PRESTWICK,20664,16537,24.956159,20664,16314,26.664215,0,223,Null,2023-11-01
1/15/2024 11:30:36 AM,202211,Other UK Airports,SOUTHAMPTON,56489,54704,3.263016,56489,54704,3.263016,0,0,Null,2023-11-01
1/15/2024 11:30:36 AM,202211,London Area Airports,SOUTHEND,11256,46,24369.565217,11256,46,24369.565217,0,0,Null,2023-11-01
1/15/2024 11:30:36 AM,202211,London Area Airports,STANSTED,1971055,1834694,7.432357,1971055,1834694,7.432357,0,0,Null,2023-11-01
1/15/2024 11:30:36 AM,202211,Other UK Airports,STORNOWAY,9120,9067,0.584537,8981,8955,0.290341,139,112,24.107143,2023-11-01
1/15/2024 11:30:36 AM,202211,Other UK Airports,SUMBURGH,20386,20065,1.599801,20382,20031,1.752284,4,34,-88.235294,2023-11-01
1/15/2024 11:30:36 AM,202211,Other UK Airports,TEESSIDE INTERNATIONAL AIRPORT,13680,11241,21.697358,13609,11200,21.508929,71,41,73.170732,2023-11-01
1/15/2024 11:30:36 AM,202211,Other UK Airports,TIREE,719,590,21.864407,676,588,14.965986,43,2,2050.000000,2023-11-01
1/15/2024 11:30:36 AM,202211,Other UK Airports,WICK JOHN O GROATS,1007,832,21.033654,1007,832,21.033654,0,0,Null,2023-11-01
2/13/2024 12:39:55 PM,202212,Other UK Airports,ABERDEEN,158504,158127,0.238416,158504,158127,0.238416,0,0,Null,2023-12-01
2/13/2024 12:39:55 PM,202212,Non UK Reporting Airports,ALDERNEY,3186,3412,-6.623681,3186,3412,-6.623681,0,0,Null,2023-12-01
2/13/2024 12:39:55 PM,202212,Other UK Airports,BARRA,543,691,-21.418234,543,691,-21.418234,0,0,Null,2023-12-01
2/13/2024 12:39:55 PM,202212,Other UK Airports,BELFAST CITY (GEORGE BEST),190835,165298,15.449068,190835,165298,15.449068,0,0,Null,2023-12-01
2/13/2024 12:39:55 PM,202212,Other UK Airports,BELFAST INTERNATIONAL,453201,312912,44.833372,453201,312912,44.833372,0,0,Null,2023-12-01
2/13/2024 12:39:55 PM,202212,Other UK Airports,BENBECULA,2271,2351,-3.402807,2255,2351,-4.083369,16,0,Null,2023-12-01
2/13/2024 12:39:55 PM,202212,Other UK Airports,BIGGIN HILL,317,271,16.974170,317,271,16.974170,0,0,Null,2023-12-01
2/13/2024 12:39:55 PM,202212,Other UK Airports,BIRMINGHAM,798459,698849,14.253437,798459,698849,14.253437,0,0,Null,2023-12-01
2/13/2024 12:39:55 PM,202212,Other UK Airports,BLACKPOOL,1061,1132,-6.272085,1061,1132,-6.272085,0,0,Null,2023-12-01
2/13/2024 12:39:55 PM,202212,Other UK Airports,BOURNEMOUTH,48252,37013,30.365007,48252,37013,30.365007,0,0,Null,2023-12-01
2/13/2024 12:39:55 PM,202212,Other UK Airports,BRISTOL,652188,513877,26.915196,652016,513766,26.909138,172,111,54.954955,2023-12-01
2/13/2024 12:39:55 PM,202212,Other UK Airports,CAMPBELTOWN,292,361,-19.113573,292,343,-14.868805,0,18,Null,2023-12-01
2/13/2024 12:39:55 PM,202212,Other UK Airports,CARDIFF WALES,42062,38402,9.530754,42062,38171,10.193602,0,231,Null,2023-12-01
2/13/2024 12:39:55 PM,202212,Other UK Airports,CITY OF DERRY (EGLINTON),10203,12896,-20.882444,10203,12896,-20.882444,0,0,Null,2023-12-01
2/13/2024 12:39:55 PM,202212,Other UK Airports,DUNDEE,2716,2961,-8.274232,2373,2903,-18.256976,343,58,491.379310,2023-12-01
2/13/2024 12:39:55 PM,202212,Other UK Airports,EAST MIDLANDS INTERNATIONAL,191343,153922,24.311664,191343,153922,24.311664,0,0,Null,2023-12-01
2/13/2024 12:39:55 PM,202212,Other UK Airports,EDINBURGH,1066685,895789,19.077707,1066423,895789,19.048459,262,0,Null,2023-12-01
2/13/2024 12:39:55 PM,202212,Other UK Airports,EXETER,22761,23442,-2.905042,22761,23442,-2.905042,0,0,Null,2023-12-01
2/13/2024 12:39:55 PM,202212,London Area Airports,GATWICK,3096560,2593235,19.409155,3095959,2592894,19.401680,601,341,76.246334,2023-12-01
2/13/2024 12:39:55 PM,202212,Other UK Airports,GLASGOW,513234,427858,19.954284,513074,427344,20.061122,160,514,-68.871595,2023-12-01
2/13/2024 12:39:55 PM,202212,Non UK Reporting Airports,GUERNSEY,53673,50251,6.809815,53621,50251,6.706334,52,0,Null,2023-12-01
2/13/2024 12:39:55 PM,202212,London Area Airports,HEATHROW,6706032,5950200,12.702632,6699244,5943354,12.718240,6788,6846,-0.847210,2023-12-01
2/13/2024 12:39:55 PM,202212,Other UK Airports,HUMBERSIDE,10801,8960,20.546875,10801,8960,20.546875,0,0,Null,2023-12-01
2/13/2024 12:39:55 PM,202212,Other UK Airports,INVERNESS,48200,49826,-3.263356,48096,49826,-3.472083,104,0,Null,2023-12-01
2/13/2024 12:39:55 PM,202212,Other UK Airports,ISLAY,1508,1488,1.344086,1508,1470,2.585034,0,18,Null,2023-12-01
2/13/2024 12:39:55 PM,202212,Non UK Reporting Airports,ISLE OF MAN,52183,49492,5.437242,52183,49492,5.437242,0,0,Null,2023-12-01
2/13/2024 12:39:55 PM,202212,Other UK Airports,ISLES OF SCILLY (ST.MARYS),2570,2920,-11.986301,2570,2920,-11.986301,0,0,Null,2023-12-01
2/13/2024 12:39:55 PM,202212,Non UK Reporting Airports,JERSEY,107047,92342,15.924498,107039,92342,15.915835,8,0,Null,2023-12-01
2/13/2024 12:39:55 PM,202212,Other UK Airports,KIRKWALL,9846,9137,7.759659,9196,8581,7.166997,650,556,16.906475,2023-12-01
2/13/2024 12:39:55 PM,202212,Other UK Airports,LANDS END (ST JUST),2556,2852,-10.378682,2556,2852,-10.378682,0,0,Null,2023-12-01
2/13/2024 12:39:55 PM,202212,Other UK Airports,LEEDS BRADFORD,204723,188706,8.487806,204723,188537,8.585052,0,169,Null,2023-12-01
2/13/2024 12:39:55 PM,202212,Other UK Airports,LERWICK (TINGWALL),87,53,64.150943,87,53,64.150943,0,0,Null,2023-12-01
2/13/2024 12:39:55 PM,202212,Other UK Airports,LIVERPOOL (JOHN LENNON),328119,252884,29.750795,328119,252884,29.750795,0,0,Null,2023-12-01
2/13/2024 12:39:55 PM,202212,London Area Airports,LONDON CITY,279770,251458,11.259137,279770,251458,11.259137,0,0,Null,2023-12-01
2/13/2024 12:39:55 PM,202212,London Area Airports,LUTON,1229001,1086141,13.152988,1229001,1086141,13.152988,0,0,Null,2023-12-01
2/13/2024 12:39:55 PM,202212,Other UK Airports,LYDD,7,0,Null,7,0,Null,0,0,Null,2023-12-01
2/13/2024 12:39:55 PM,202212,Other UK Airports,MANCHESTER,2017208,1728481,16.704089,2015800,1726394,16.763612,1408,2087,-32.534739,2023-12-01
2/13/2024 12:39:55 PM,202212,Other UK Airports,NEWCASTLE,293628,252620,16.233077,293628,252559,16.261151,0,61,Null,2023-12-01
2/13/2024 12:39:55 PM,202212,Other UK Airports,NEWQUAY,21707,16405,32.319415,21707,16405,32.319415,0,0,Null,2023-12-01
2/13/2024 12:39:55 PM,202212,Other UK Airports,NORWICH,20195,20950,-3.603819,20195,20950,-3.603819,0,0,Null,2023-12-01
2/13/2024 12:39:55 PM,202212,Other UK Airports,PRESTWICK,20749,16446,26.164417,20749,16085,28.995959,0,361,Null,2023-12-01
2/13/2024 12:39:55 PM,202212,Other UK Airports,SOUTHAMPTON,60902,54120,12.531412,60902,54049,12.679236,0,71,Null,2023-12-01
2/13/2024 12:39:55 PM,202212,London Area Airports,SOUTHEND,14208,0,Null,14208,0,Null,0,0,Null,2023-12-01
2/13/2024 12:39:55 PM,202212,London Area Airports,STANSTED,2077234,1852146,12.152822,2077234,1852146,12.152822,0,0,Null,2023-12-01
2/13/2024 12:39:55 PM,202212,Other UK Airports,STORNOWAY,7899,7739,2.067451,7831,7658,2.259075,68,81,-16.049383,2023-12-01
2/13/2024 12:39:55 PM,202212,Other UK Airports,SUMBURGH,17966,16671,7.767980,17916,16617,7.817296,50,54,-7.407407,2023-12-01
2/13/2024 12:39:55 PM,202212,Other UK Airports,TEESSIDE INTERNATIONAL AIRPORT,12260,10992,11.535662,12239,10992,11.344614,21,0,Null,2023-12-01
2/13/2024 12:39:55 PM,202212,Other UK Airports,TIREE,575,598,-3.846154,568,588,-3.401361,7,10,-30.000000,2023-12-01
2/13/2024 12:39:55 PM,202212,Other UK Airports,WICK JOHN O GROATS,787,711,10.689170,787,711,10.689170,0,0,Null,2023-12-01
3/14/2024 1:35:02 PM,202301,Other UK Airports,ABERDEEN,147266,148392,-0.758801,147266,148392,-0.758801,0,0,Null,2024-01-01
3/14/2024 1:35:02 PM,202301,Non UK Reporting Airports,ALDERNEY,2931,3043,-3.680578,2931,3043,-3.680578,0,0,Null,2024-01-01
3/14/2024 1:35:02 PM,202301,Other UK Airports,BARRA,477,593,-19.561551,473,593,-20.236088,4,0,Null,2024-01-01
3/14/2024 1:35:02 PM,202301,Other UK Airports,BELFAST CITY (GEORGE BEST),153226,143536,6.750920,153212,143536,6.741166,14,0,Null,2024-01-01
3/14/2024 1:35:02 PM,202301,Other UK Airports,BELFAST INTERNATIONAL,364664,290880,25.365787,364664,290713,25.437803,0,167,Null,2024-01-01
3/14/2024 1:35:02 PM,202301,Other UK Airports,BENBECULA,1522,2047,-25.647289,1522,2019,-24.616147,0,28,Null,2024-01-01
3/14/2024 1:35:02 PM,202301,Other UK Airports,BIGGIN HILL,118,476,-75.210084,118,476,-75.210084,0,0,Null,2024-01-01
3/14/2024 1:35:02 PM,202301,Other UK Airports,BIRMINGHAM,716326,638341,12.216825,716326,636962,12.459770,0,1379,Null,2024-01-01
3/14/2024 1:35:02 PM,202301,Other UK Airports,BLACKPOOL,1536,1127,36.291038,1536,1127,36.291038,0,0,Null,2024-01-01
3/14/2024 1:35:02 PM,202301,Other UK Airports,BOURNEMOUTH,43720,39415,10.922238,43720,39415,10.922238,0,0,Null,2024-01-01
3/14/2024 1:35:02 PM,202301,Other UK Airports,BRISTOL,519767,467014,11.295807,519362,466740,11.274371,405,274,47.810219,2024-01-01
3/14/2024 1:35:02 PM,202301,Other UK Airports,CAMPBELTOWN,395,323,22.291022,395,306,29.084967,0,17,Null,2024-01-01
3/14/2024 1:35:02 PM,202301,Other UK Airports,CARDIFF WALES,35347,37377,-5.431147,35347,37265,-5.146921,0,112,Null,2024-01-01
3/14/2024 1:35:02 PM,202301,Other UK Airports,CITY OF DERRY (EGLINTON),8575,10400,-17.548077,8575,10400,-17.548077,0,0,Null,2024-01-01
3/14/2024 1:35:02 PM,202301,Other UK Airports,DUNDEE,2075,2566,-19.134840,1969,2456,-19.828990,106,110,-3.636364,2024-01-01
3/14/2024 1:35:02 PM,202301,Other UK Airports,EAST MIDLANDS INTERNATIONAL,175712,137182,28.086775,175512,137182,27.940984,200,0,Null,2024-01-01
3/14/2024 1:35:02 PM,202301,Other UK Airports,EDINBURGH,894763,823542,8.648132,894538,823542,8.620811,225,0,Null,2024-01-01
3/14/2024 1:35:02 PM,202301,Other UK Airports,EXETER,20886,19736,5.826915,20886,19736,5.826915,0,0,Null,2024-01-01
3/14/2024 1:35:02 PM,202301,Other UK Airports,FARNBOROUGH,2376,2353,0.977476,2376,2353,0.977476,0,0,Null,2024-01-01
3/14/2024 1:35:02 PM,202301,London Area Airports,GATWICK,2370450,2158602,9.814130,2370018,2158265,9.811260,432,337,28.189911,2024-01-01
3/14/2024 1:35:02 PM,202301,Other UK Airports,GLASGOW,432447,403866,7.076852,432447,403866,7.076852,0,0,Null,2024-01-01
3/14/2024 1:35:02 PM,202301,Non UK Reporting Airports,GUERNSEY,40454,39072,3.537060,40454,39072,3.537060,0,0,Null,2024-01-01
3/14/2024 1:35:02 PM,202301,London Area Airports,HEATHROW,6004576,5488215,9.408542,5996142,5481559,9.387530,8434,6656,26.712740,2024-01-01
3/14/2024 1:35:02 PM,202301,Other UK Airports,HUMBERSIDE,9577,7591,26.162561,9577,7591,26.162561,0,0,Null,2024-01-01
3/14/2024 1:35:02 PM,202301,Other UK Airports,INVERNESS,37209,40730,-8.644734,37183,40701,-8.643522,26,29,-10.344828,2024-01-01
3/14/2024 1:35:02 PM,202301,Other UK Airports,ISLAY,1280,1325,-3.396226,1280,1321,-3.103709,0,4,Null,2024-01-01
3/14/2024 1:35:02 PM,202301,Non UK Reporting Airports,ISLE OF MAN,37080,42868,-13.501913,37080,42868,-13.501913,0,0,Null,2024-01-01
3/14/2024 1:35:02 PM,202301,Other UK Airports,ISLES OF SCILLY (ST.MARYS),2346,2510,-6.533865,2346,2510,-6.533865,0,0,Null,2024-01-01
3/14/2024 1:35:02 PM,202301,Non UK Reporting Airports,JERSEY,76544,72820,5.113980,76544,72820,5.113980,0,0,Null,2024-01-01
3/14/2024 1:35:02 PM,202301,Other UK Airports,KIRKWALL,7524,8796,-14.461119,6979,7932,-12.014624,545,864,-36.921296,2024-01-01
3/14/2024 1:35:02 PM,202301,Other UK Airports,LANDS END (ST JUST),2115,2196,-3.688525,2115,2196,-3.688525,0,0,Null,2024-01-01
3/14/2024 1:35:02 PM,202301,Other UK Airports,LEEDS BRADFORD,183548,174167,5.386210,183548,174167,5.386210,0,0,Null,2024-01-01
3/14/2024 1:35:02 PM,202301,Other UK Airports,LERWICK (TINGWALL),127,73,73.972603,127,73,73.972603,0,0,Null,2024-01-01
3/14/2024 1:35:02 PM,202301,Other UK Airports,LIVERPOOL (JOHN LENNON),273739,239480,14.305579,273561,239480,14.231251,178,0,Null,2024-01-01
3/14/2024 1:35:02 PM,202301,London Area Airports,LONDON CITY,215374,218265,-1.324537,215374,218265,-1.324537,0,0,Null,2024-01-01
3/14/2024 1:35:02 PM,202301,London Area Airports,LUTON,1019360,989393,3.028827,1019360,989234,3.045387,0,159,Null,2024-01-01
3/14/2024 1:35:02 PM,202301,Other UK Airports,MANCHESTER,1790158,1633728,9.575033,1788581,1632018,9.593215,1577,1710,-7.777778,2024-01-01
3/14/2024 1:35:02 PM,202301,Other UK Airports,NEWCASTLE,263165,240146,9.585419,263042,240146,9.534200,123,0,Null,2024-01-01
3/14/2024 1:35:02 PM,202301,Other UK Airports,NEWQUAY,18325,14764,24.119480,18325,14764,24.119480,0,0,Null,2024-01-01
3/14/2024 1:35:02 PM,202301,Other UK Airports,NORWICH,15863,19114,-17.008475,15863,19114,-17.008475,0,0,Null,2024-01-01
3/14/2024 1:35:02 PM,202301,Other UK Airports,PRESTWICK,20902,17156,21.834927,20902,17156,21.834927,0,0,Null,2024-01-01
3/14/2024 1:35:02 PM,202301,Other UK Airports,SOUTHAMPTON,50441,46918,7.508845,50441,46906,7.536349,0,12,Null,2024-01-01
3/14/2024 1:35:02 PM,202301,London Area Airports,SOUTHEND,11302,0,Null,11302,0,Null,0,0,Null,2024-01-01
3/14/2024 1:35:02 PM,202301,London Area Airports,STANSTED,1946934,1821006,6.915298,1946934,1821006,6.915298,0,0,Null,2024-01-01
3/14/2024 1:35:02 PM,202301,Other UK Airports,STORNOWAY,5840,6800,-14.117647,5785,6697,-13.618038,55,103,-46.601942,2024-01-01
3/14/2024 1:35:02 PM,202301,Other UK Airports,SUMBURGH,15147,17183,-11.848920,15011,17026,-11.834841,136,157,-13.375796,2024-01-01
3/14/2024 1:35:02 PM,202301,Other UK Airports,TEESSIDE INTERNATIONAL AIRPORT,12026,10822,11.125485,12015,10730,11.975769,11,92,-88.043478,2024-01-01
3/14/2024 1:35:02 PM,202301,Other UK Airports,TIREE,417,518,-19.498069,399,499,-20.040080,18,19,-5.263158,2024-01-01
3/14/2024 1:35:02 PM,202301,Other UK Airports,WICK JOHN O GROATS,706,628,12.420382,706,628,12.420382,0,0,Null,2024-01-01
4/16/2024 10:17:47 AM,202302,Other UK Airports,ABERDEEN,156482,150397,4.045958,156482,150397,4.045958,0,0,Null,2024-02-01
4/16/2024 10:17:47 AM,202302,Non UK Reporting Airports,ALDERNEY,2756,2919,-5.584104,2756,2919,-5.584104,0,0,Null,2024-02-01
4/16/2024 10:17:47 AM,202302,Other UK Airports,BARRA,686,790,-13.164557,683,790,-13.544304,3,0,Null,2024-02-01
4/16/2024 10:17:47 AM,202302,Other UK Airports,BELFAST CITY (GEORGE BEST),177630,145217,22.320389,177630,145217,22.320389,0,0,Null,2024-02-01
4/16/2024 10:17:47 AM,202302,Other UK Airports,BELFAST INTERNATIONAL,451515,333051,35.569327,451515,333051,35.569327,0,0,Null,2024-02-01
4/16/2024 10:17:47 AM,202302,Other UK Airports,BENBECULA,2093,2179,-3.946765,2093,2162,-3.191489,0,17,Null,2024-02-01
4/16/2024 10:17:47 AM,202302,Other UK Airports,BIGGIN HILL,249,427,-41.686183,249,427,-41.686183,0,0,Null,2024-02-01
4/16/2024 10:17:47 AM,202302,Other UK Airports,BIRMINGHAM,772060,659385,17.087893,772060,659385,17.087893,0,0,Null,2024-02-01
4/16/2024 10:17:47 AM,202302,Other UK Airports,BLACKPOOL,1374,968,41.942149,1374,968,41.942149,0,0,Null,2024-02-01
4/16/2024 10:17:47 AM,202302,Other UK Airports,BOURNEMOUTH,45130,35980,25.430795,45130,35980,25.430795,0,0,Null,2024-02-01
4/16/2024 10:17:47 AM,202302,Other UK Airports,BRISTOL,606785,552035,9.917849,606569,551797,9.926114,216,238,-9.243697,2024-02-01
4/16/2024 10:17:47 AM,202302,Other UK Airports,CAMPBELTOWN,465,438,6.164384,444,431,3.016241,21,7,200.000000,2024-02-01
4/16/2024 10:17:47 AM,202302,Other UK Airports,CARDIFF WALES,41466,35765,15.940165,41466,35765,15.940165,0,0,Null,2024-02-01
4/16/2024 10:17:47 AM,202302,Other UK Airports,CITY OF DERRY (EGLINTON),9192,11256,-18.336887,9192,11256,-18.336887,0,0,Null,2024-02-01
4/16/2024 10:17:47 AM,202302,Other UK Airports,DUNDEE,2115,2345,-9.808102,2115,2248,-5.916370,0,97,Null,2024-02-01
4/16/2024 10:17:47 AM,202302,Other UK Airports,EAST MIDLANDS INTERNATIONAL,183232,137266,33.486807,183232,137266,33.486807,0,0,Null,2024-02-01
4/16/2024 10:17:47 AM,202302,Other UK Airports,EDINBURGH,948005,835047,13.527143,948005,835047,13.527143,0,0,Null,2024-02-01
4/16/2024 10:17:47 AM,202302,Other UK Airports,EXETER,21700,20783,4.412260,21700,20783,4.412260,0,0,Null,2024-02-01
4/16/2024 10:17:47 AM,202302,Other UK Airports,FARNBOROUGH,2623,2445,7.280164,2623,2445,7.280164,0,0,Null,2024-02-01
4/16/2024 10:17:47 AM,202302,London Area Airports,GATWICK,2772374,2405123,15.269531,2771652,2405015,15.244687,722,108,568.518519,2024-02-01
4/16/2024 10:17:47 AM,202302,Other UK Airports,GLASGOW,475854,410440,15.937530,475271,410440,15.795488,583,0,Null,2024-02-01
4/16/2024 10:17:47 AM,202302,Non UK Reporting Airports,GUERNSEY,43173,42945,0.530912,43173,42945,0.530912,0,0,Null,2024-02-01
4/16/2024 10:17:47 AM,202302,London Area Airports,HEATHROW,5801997,5200424,11.567768,5795633,5194577,11.570836,6364,5847,8.842141,2024-02-01
4/16/2024 10:17:47 AM,202302,Other UK Airports,HUMBERSIDE,10150,7515,35.063207,10150,7515,35.063207,0,0,Null,2024-02-01
4/16/2024 10:17:47 AM,202302,Other UK Airports,INVERNESS,43964,46874,-6.208132,43956,46765,-6.006629,8,109,-92.660550,2024-02-01
4/16/2024 10:17:47 AM,202302,Other UK Airports,ISLAY,1736,1683,3.149138,1736,1671,3.889886,0,12,Null,2024-02-01
4/16/2024 10:17:47 AM,202302,Non UK Reporting Airports,ISLE OF MAN,45372,46477,-2.377520,45372,46477,-2.377520,0,0,Null,2024-02-01
4/16/2024 10:17:47 AM,202302,Other UK Airports,ISLES OF SCILLY (ST.MARYS),2554,2396,6.594324,2554,2396,6.594324,0,0,Null,2024-02-01
4/16/2024 10:17:47 AM,202302,Non UK Reporting Airports,JERSEY,87380,81313,7.461292,87380,81313,7.461292,0,0,Null,2024-02-01
4/16/2024 10:17:47 AM,202302,Other UK Airports,KIRKWALL,10662,9105,17.100494,8817,8262,6.717502,1845,843,118.861210,2024-02-01
4/16/2024 10:17:47 AM,202302,Other UK Airports,LANDS END (ST JUST),2242,2388,-6.113903,2242,2388,-6.113903,0,0,Null,2024-02-01
4/16/2024 10:17:47 AM,202302,Other UK Airports,LEEDS BRADFORD,207557,193486,7.272361,207557,193486,7.272361,0,0,Null,2024-02-01
4/16/2024 10:17:47 AM,202302,Other UK Airports,LERWICK (TINGWALL),153,121,26.446281,153,121,26.446281,0,0,Null,2024-02-01
4/16/2024 10:17:47 AM,202302,Other UK Airports,LIVERPOOL (JOHN LENNON),299183,255893,16.917227,299183,255893,16.917227,0,0,Null,2024-02-01
4/16/2024 10:17:47 AM,202302,London Area Airports,LONDON CITY,251844,226255,11.309805,251844,226255,11.309805,0,0,Null,2024-02-01
4/16/2024 10:17:47 AM,202302,London Area Airports,LUTON,1136905,1069833,6.269390,1136815,1069833,6.260977,90,0,Null,2024-02-01
4/16/2024 10:17:47 AM,202302,Other UK Airports,MANCHESTER,1899430,1663358,14.192495,1898148,1662059,14.204610,1282,1299,-1.308699,2024-02-01
4/16/2024 10:17:47 AM,202302,Other UK Airports,NEWCASTLE,276472,244258,13.188514,276379,244122,13.213475,93,136,-31.617647,2024-02-01
4/16/2024 10:17:47 AM,202302,Other UK Airports,NEWQUAY,22947,11078,107.140278,22947,11078,107.140278,0,0,Null,2024-02-01
4/16/2024 10:17:47 AM,202302,Other UK Airports,NORWICH,18379,19578,-6.124221,18379,19578,-6.124221,0,0,Null,2024-02-01
4/16/2024 10:17:47 AM,202302,Other UK Airports,PRESTWICK,18110,16680,8.573141,18110,16680,8.573141,0,0,Null,2024-02-01
4/16/2024 10:17:47 AM,202302,Other UK Airports,SOUTHAMPTON,58553,50383,16.215787,58482,50383,16.074867,71,0,Null,2024-02-01
4/16/2024 10:17:47 AM,202302,London Area Airports,SOUTHEND,15457,0,Null,15457,0,Null,0,0,Null,2024-02-01
4/16/2024 10:17:47 AM,202302,London Area Airports,STANSTED,1919756,1711580,12.162797,1919756,1711580,12.162797,0,0,Null,2024-02-01
4/16/2024 10:17:47 AM,202302,Other UK Airports,STORNOWAY,7150,6876,3.984875,7083,6787,4.361279,67,89,-24.719101,2024-02-01
4/16/2024 10:17:47 AM,202302,Other UK Airports,SUMBURGH,21985,17009,29.255100,21415,16884,26.836058,570,125,356.000000,2024-02-01
4/16/2024 10:17:47 AM,202302,Other UK Airports,TEESSIDE INTERNATIONAL AIRPORT,13171,10888,20.968038,13171,10887,20.979149,0,1,Null,2024-02-01
4/16/2024 10:17:47 AM,202302,Other UK Airports,TIREE,679,557,21.903052,637,545,16.880734,42,12,250.000000,2024-02-01
4/16/2024 10:17:47 AM,202302,Other UK Airports,WICK JOHN O GROATS,843,668,26.197605,843,668,26.197605,0,0,Null,2024-02-01
5/16/2024 9:09:43 AM,202303,Other UK Airports,ABERDEEN,174666,173898,0.441638,174666,173898,0.441638,0,0,Null,2024-03-01
5/16/2024 9:09:43 AM,202303,Non UK Reporting Airports,ALDERNEY,3761,3548,6.003382,3761,3548,6.003382,0,0,Null,2024-03-01
5/16/2024 9:09:43 AM,202303,Other UK Airports,BARRA,789,898,-12.138085,789,898,-12.138085,0,0,Null,2024-03-01
5/16/2024 9:09:43 AM,202303,Other UK Airports,BELFAST CITY (GEORGE BEST),205287,163251,25.749306,205287,163251,25.749306,0,0,Null,2024-03-01
5/16/2024 9:09:43 AM,202303,Other UK Airports,BELFAST INTERNATIONAL,509163,392405,29.754463,509163,392405,29.754463,0,0,Null,2024-03-01
5/16/2024 9:09:43 AM,202303,Other UK Airports,BENBECULA,1991,2493,-20.136382,1991,2487,-19.943707,0,6,Null,2024-03-01
5/16/2024 9:09:43 AM,202303,Other UK Airports,BIGGIN HILL,190,265,-28.301887,190,265,-28.301887,0,0,Null,2024-03-01
5/16/2024 9:09:43 AM,202303,Other UK Airports,BIRMINGHAM,912547,779097,17.128804,912192,779097,17.083239,355,0,Null,2024-03-01
5/16/2024 9:09:43 AM,202303,Other UK Airports,BLACKPOOL,1520,1184,28.378378,1520,1184,28.378378,0,0,Null,2024-03-01
5/16/2024 9:09:43 AM,202303,Other UK Airports,BOURNEMOUTH,53830,44161,21.894885,53830,44161,21.894885,0,0,Null,2024-03-01
5/16/2024 9:09:43 AM,202303,Other UK Airports,BRISTOL,738356,648477,13.860014,738165,648346,13.853560,191,131,45.801527,2024-03-01
5/16/2024 9:09:43 AM,202303,Other UK Airports,CAMPBELTOWN,563,462,21.861472,563,462,21.861472,0,0,Null,2024-03-01
5/16/2024 9:09:43 AM,202303,Other UK Airports,CARDIFF WALES,58172,44798,29.854011,58172,44798,29.854011,0,0,Null,2024-03-01
5/16/2024 9:09:43 AM,202303,Other UK Airports,CITY OF DERRY (EGLINTON),10604,11764,-9.860592,10604,11764,-9.860592,0,0,Null,2024-03-01
5/16/2024 9:09:43 AM,202303,Other UK Airports,DUNDEE,2718,2794,-2.720115,2282,2653,-13.984169,436,141,209.219858,2024-03-01
5/16/2024 9:09:43 AM,202303,Other UK Airports,EAST MIDLANDS INTERNATIONAL,240182,183500,30.889373,240182,183500,30.889373,0,0,Null,2024-03-01
5/16/2024 9:09:43 AM,202303,Other UK Airports,EDINBURGH,1118057,1009599,10.742681,1117970,1009433,10.752274,87,166,-47.590361,2024-03-01
5/16/2024 9:09:43 AM,202303,Other UK Airports,EXETER,24385,24749,-1.470766,24385,24749,-1.470766,0,0,Null,2024-03-01
5/16/2024 9:09:43 AM,202303,Other UK Airports,FARNBOROUGH,0,2697,Null,0,2697,Null,0,0,Null,2024-03-01
5/16/2024 9:09:43 AM,202303,London Area Airports,GATWICK,3191689,2902591,9.959998,3191365,2902321,9.959064,324,270,20.000000,2024-03-01
5/16/2024 9:09:43 AM,202303,Other UK Airports,GLASGOW,568517,516429,10.086188,568517,516257,10.122865,0,172,Null,2024-03-01
5/16/2024 9:09:43 AM,202303,Non UK Reporting Airports,GUERNSEY,53807,50603,6.331640,53807,50603,6.331640,0,0,Null,2024-03-01
5/16/2024 9:09:43 AM,202303,London Area Airports,HEATHROW,6726250,6234096,7.894553,6725714,6229551,7.964667,536,4545,-88.206821,2024-03-01
5/16/2024 9:09:43 AM,202303,Other UK Airports,HUMBERSIDE,11554,8915,29.601795,11554,8915,29.601795,0,0,Null,2024-03-01
5/16/2024 9:09:43 AM,202303,Other UK Airports,INVERNESS,51219,53838,-4.864594,51198,53746,-4.740818,21,92,-77.173913,2024-03-01
5/16/2024 9:09:43 AM,202303,Other UK Airports,ISLAY,2591,2333,11.058723,2591,2332,11.106346,0,1,Null,2024-03-01
5/16/2024 9:09:43 AM,202303,Non UK Reporting Airports,ISLE OF MAN,51761,51471,0.563424,51761,51471,0.563424,0,0,Null,2024-03-01
5/16/2024 9:09:43 AM,202303,Other UK Airports,ISLES OF SCILLY (ST.MARYS),3504,3237,8.248378,3504,3237,8.248378,0,0,Null,2024-03-01
5/16/2024 9:09:43 AM,202303,Non UK Reporting Airports,JERSEY,106622,100464,6.129559,106622,100464,6.129559,0,0,Null,2024-03-01
5/16/2024 9:09:43 AM,202303,Other UK Airports,KIRKWALL,12233,10460,16.950287,10274,10183,0.893646,1959,277,607.220217,2024-03-01
5/16/2024 9:09:43 AM,202303,Other UK Airports,LANDS END (ST JUST),3031,3086,-1.782242,3016,3081,-2.109705,15,5,200.000000,2024-03-01
5/16/2024 9:09:43 AM,202303,Other UK Airports,LEEDS BRADFORD,265727,235958,12.616228,265580,235958,12.553929,147,0,Null,2024-03-01
5/16/2024 9:09:43 AM,202303,Other UK Airports,LERWICK (TINGWALL),220,174,26.436782,220,174,26.436782,0,0,Null,2024-03-01
5/16/2024 9:09:43 AM,202303,Other UK Airports,LIVERPOOL (JOHN LENNON),341875,287818,18.781661,341875,287818,18.781661,0,0,Null,2024-03-01
5/16/2024 9:09:43 AM,202303,London Area Airports,LONDON CITY,287650,289335,-0.582370,287650,289335,-0.582370,0,0,Null,2024-03-01
5/16/2024 9:09:43 AM,202303,London Area Airports,LUTON,1255771,1245137,0.854043,1255771,1244931,0.870731,0,206,Null,2024-03-01
5/16/2024 9:09:43 AM,202303,Other UK Airports,MANCHESTER,2150162,1914129,12.331092,2148774,1912702,12.342330,1388,1427,-2.733006,2024-03-01
5/16/2024 9:09:43 AM,202303,Other UK Airports,NEWCASTLE,339130,300969,12.679379,338888,300520,12.767204,242,449,-46.102450,2024-03-01
5/16/2024 9:09:43 AM,202303,Other UK Airports,NEWQUAY,29807,17537,69.966357,29807,17537,69.966357,0,0,Null,2024-03-01
5/16/2024 9:09:43 AM,202303,Other UK Airports,NORWICH,19473,22063,-11.739111,19473,22063,-11.739111,0,0,Null,2024-03-01
5/16/2024 9:09:43 AM,202303,Other UK Airports,PRESTWICK,28114,25280,11.210443,28114,25280,11.210443,0,0,Null,2024-03-01
5/16/2024 9:09:43 AM,202303,Other UK Airports,SOUTHAMPTON,67160,60667,10.702688,67160,60636,10.759285,0,31,Null,2024-03-01
5/16/2024 9:09:43 AM,202303,London Area Airports,SOUTHEND,15078,221,6722.624434,15078,221,6722.624434,0,0,Null,2024-03-01
5/16/2024 9:09:43 AM,202303,London Area Airports,STANSTED,2185239,1969449,10.956872,2185239,1969449,10.956872,0,0,Null,2024-03-01
5/16/2024 9:09:43 AM,202303,Other UK Airports,STORNOWAY,8262,8100,2.000000,8203,8062,1.748946,59,38,55.263158,2024-03-01
5/16/2024 9:09:43 AM,202303,Other UK Airports,SUMBURGH,22967,20277,13.266262,22453,20277,10.731371,514,0,Null,2024-03-01
5/16/2024 9:09:43 AM,202303,Other UK Airports,TEESSIDE INTERNATIONAL AIRPORT,14396,12944,11.217553,14396,12928,11.355198,0,16,Null,2024-03-01
5/16/2024 9:09:43 AM,202303,Other UK Airports,TIREE,718,742,-3.234501,706,732,-3.551913,12,10,20.000000,2024-03-01
5/16/2024 9:09:43 AM,202303,Other UK Airports,WICK JOHN O GROATS,994,810,22.716049,994,810,22.716049,0,0,Null,2024-03-01
1/22/2025 5:44:27 PM,202304,Other UK Airports,ABERDEEN,189148,180809,4.612049,189148,180809,4.612049,0,0,Null,2024-04-01
1/22/2025 5:44:27 PM,202304,Non UK Reporting Airports,ALDERNEY,4099,4282,-4.273704,4099,4282,-4.273704,0,0,Null,2024-04-01
1/22/2025 5:44:27 PM,202304,Other UK Airports,BARRA,856,1184,-27.702703,856,1184,-27.702703,0,0,Null,2024-04-01
1/22/2025 5:44:27 PM,202304,Other UK Airports,BELFAST CITY (GEORGE BEST),193160,170172,13.508685,193160,170172,13.508685,0,0,Null,2024-04-01
1/22/2025 5:44:27 PM,202304,Other UK Airports,BELFAST INTERNATIONAL,555835,540744,2.790785,555835,540744,2.790785,0,0,Null,2024-04-01
1/22/2025 5:44:27 PM,202304,Other UK Airports,BENBECULA,2018,2519,-19.888845,1995,2483,-19.653645,23,36,-36.111111,2024-04-01
1/22/2025 5:44:27 PM,202304,Other UK Airports,BIGGIN HILL,339,209,62.200957,339,209,62.200957,0,0,Null,2024-04-01
1/22/2025 5:44:27 PM,202304,Other UK Airports,BIRMINGHAM,989116,858919,15.15824,989116,858919,15.15824,0,0,Null,2024-04-01
1/22/2025 5:44:27 PM,202304,Other UK Airports,BLACKPOOL,1379,1042,32.341651,1379,1042,32.341651,0,0,Null,2024-04-01
1/22/2025 5:44:27 PM,202304,Other UK Airports,BOURNEMOUTH,86068,64013,34.453939,86068,64013,34.453939,0,0,Null,2024-04-01
1/22/2025 5:44:27 PM,202304,Other UK Airports,BRISTOL,869074,812327,6.985734,868895,812235,6.975814,179,92,94.565217,2024-04-01
1/22/2025 5:44:27 PM,202304,Other UK Airports,CAMPBELTOWN,585,517,13.152805,585,517,13.152805,0,0,Null,2024-04-01
1/22/2025 5:44:27 PM,202304,Other UK Airports,CARDIFF WALES,52353,54398,-3.759329,52353,54398,-3.759329,0,0,Null,2024-04-01
1/22/2025 5:44:27 PM,202304,Other UK Airports,CITY OF DERRY (EGLINTON),14662,13443,9.067916,14662,13443,9.067916,0,0,Null,2024-04-01
1/22/2025 5:44:27 PM,202304,Other UK Airports,DUNDEE,3123,3398,-8.092996,2395,2979,-19.603894,728,419,73.747017,2024-04-01
1/22/2025 5:44:27 PM,202304,Other UK Airports,EAST MIDLANDS INTERNATIONAL,328703,312723,5.109954,328703,312723,5.109954,0,0,Null,2024-04-01
1/22/2025 5:44:27 PM,202304,Other UK Airports,EDINBURGH,1283382,1198258,7.103979,1283382,1198082,7.119713,0,176,Null,2024-04-01
1/22/2025 5:44:27 PM,202304,Other UK Airports,EXETER,34200,32116,6.488977,34200,32116,6.488977,0,0,Null,2024-04-01
1/22/2025 5:44:27 PM,202304,Other UK Airports,FARNBOROUGH,2575,2872,-10.341226,2575,2872,-10.341226,0,0,Null,2024-04-01
1/22/2025 5:44:27 PM,202304,London Area Airports,GATWICK,3467333,3297791,5.141078,3466713,3297495,5.131714,620,296,109.459459,2024-04-01
1/22/2025 5:44:27 PM,202304,Other UK Airports,GLASGOW,637960,590851,7.973076,637314,590378,7.950161,646,473,36.575053,2024-04-01
1/22/2025 5:44:27 PM,202304,Non UK Reporting Airports,GUERNSEY,55805,57855,-3.543341,55786,57798,-3.481089,19,57,-66.666667,2024-04-01
1/22/2025 5:44:27 PM,202304,London Area Airports,HEATHROW,6705732,6398870,4.795565,6705450,6398870,4.791158,282,0,Null,2024-04-01
1/22/2025 5:44:27 PM,202304,Other UK Airports,HUMBERSIDE,10701,9128,17.232691,10701,9128,17.232691,0,0,Null,2024-04-01
1/22/2025 5:44:27 PM,202304,Other UK Airports,INVERNESS,74380,76009,-2.143167,74325,75944,-2.131834,55,65,-15.384615,2024-04-01
1/22/2025 5:44:27 PM,202304,Other UK Airports,ISLAY,2873,2491,15.335207,2873,2487,15.520708,0,4,Null,2024-04-01
1/22/2025 5:44:27 PM,202304,Non UK Reporting Airports,ISLE OF MAN,49401,55312,-10.68665,49401,55312,-10.68665,0,0,Null,2024-04-01
1/22/2025 5:44:27 PM,202304,Other UK Airports,ISLES OF SCILLY (ST.MARYS),5075,6059,-16.240304,5075,6059,-16.240304,0,0,Null,2024-04-01
1/22/2025 5:44:27 PM,202304,Non UK Reporting Airports,JERSEY,118664,128377,-7.565997,118664,128369,-7.560237,0,8,Null,2024-04-01
1/22/2025 5:44:27 PM,202304,Other UK Airports,KIRKWALL,12661,10531,20.225999,10531,10407,1.191506,2130,124,1617.741935,2024-04-01
1/22/2025 5:44:27 PM,202304,Other UK Airports,LANDS END (ST JUST),4206,5055,-16.795252,4185,5029,-16.782661,21,26,-19.230769,2024-04-01
1/22/2025 5:44:27 PM,202304,Other UK Airports,LEEDS BRADFORD,312032,304588,2.443957,311948,304588,2.416379,84,0,Null,2024-04-01
1/22/2025 5:44:27 PM,202304,Other UK Airports,LERWICK (TINGWALL),217,232,-6.465517,217,232,-6.465517,0,0,Null,2024-04-01
1/22/2025 5:44:27 PM,202304,Other UK Airports,LIVERPOOL (JOHN LENNON),430200,373572,15.158524,430200,373386,15.215889,0,186,Null,2024-04-01
1/22/2025 5:44:27 PM,202304,London Area Airports,LONDON CITY,290967,286692,1.491147,290967,286692,1.491147,0,0,Null,2024-04-01
1/22/2025 5:44:27 PM,202304,London Area Airports,LUTON,1440344,1402365,2.708211,1439848,1402233,2.682507,496,132,275.757576,2024-04-01
1/22/2025 5:44:27 PM,202304,Other UK Airports,MANCHESTER,2414033,2177868,10.843862,2411741,2176729,10.796567,2292,1139,101.229148,2024-04-01
1/22/2025 5:44:27 PM,202304,Other UK Airports,NEWCASTLE,388922,366331,6.166827,388706,366199,6.146112,216,132,63.636364,2024-04-01
1/22/2025 5:44:27 PM,202304,Other UK Airports,NEWQUAY,32478,36630,-11.334971,32478,36630,-11.334971,0,0,Null,2024-04-01
1/22/2025 5:44:27 PM,202304,Other UK Airports,NORWICH,29471,22910,28.638149,29471,22910,28.638149,0,0,Null,2024-04-01
1/22/2025 5:44:27 PM,202304,Other UK Airports,PRESTWICK,53446,56820,-5.93805,53342,56634,-5.812763,104,186,-44.086022,2024-04-01
1/22/2025 5:44:27 PM,202304,Other UK Airports,SOUTHAMPTON,64734,61999,4.411361,64684,61971,4.377854,50,28,78.571429,2024-04-01
1/22/2025 5:44:27 PM,202304,London Area Airports,SOUTHEND,15971,2860,458.426573,15971,2860,458.426573,0,0,Null,2024-04-01
1/22/2025 5:44:27 PM,202304,London Area Airports,STANSTED,2479728,2350804,5.484251,2479724,2350804,5.484081,4,0,Null,2024-04-01
1/22/2025 5:44:27 PM,202304,Other UK Airports,STORNOWAY,8054,7416,8.60302,8054,7416,8.60302,0,0,Null,2024-04-01
1/22/2025 5:44:27 PM,202304,Other UK Airports,SUMBURGH,24463,20786,17.689791,23759,20786,14.302896,704,0,Null,2024-04-01
1/22/2025 5:44:27 PM,202304,Other UK Airports,TEESSIDE INTERNATIONAL AIRPORT,17684,17988,-1.690016,17684,17988,-1.690016,0,0,Null,2024-04-01
1/22/2025 5:44:27 PM,202304,Other UK Airports,TIREE,659,1083,-39.150508,656,1075,-38.976744,3,8,-62.500000,2024-04-01
1/22/2025 5:44:27 PM,202304,Other UK Airports,WICK JOHN O GROATS,887,890,-0.337079,887,890,-0.337079,0,0,Null,2024-04-01
7/29/2024 11:21:34 AM,202305,Other UK Airports,ABERDEEN,203708,202154,0.768721,203708,202154,0.768721,0,0,Null,2024-05-01
7/29/2024 11:21:34 AM,202305,Non UK Reporting Airports,ALDERNEY,4560,4668,-2.313625,4560,4668,-2.313625,0,0,Null,2024-05-01
7/29/2024 11:21:34 AM,202305,Other UK Airports,BARRA,1186,1366,-13.17716,1186,1366,-13.17716,0,0,Null,2024-05-01
7/29/2024 11:21:34 AM,202305,Other UK Airports,BELFAST CITY (GEORGE BEST),210261,166854,26.014959,210261,166854,26.014959,0,0,Null,2024-05-01
7/29/2024 11:21:34 AM,202305,Other UK Airports,BELFAST INTERNATIONAL,631539,562200,12.333511,631539,562200,12.333511,0,0,Null,2024-05-01
7/29/2024 11:21:34 AM,202305,Other UK Airports,BENBECULA,2316,2914,-20.52162,2316,2898,-20.082816,0,16,Null,2024-05-01
7/29/2024 11:21:34 AM,202305,Other UK Airports,BIGGIN HILL,1300,850,52.941176,1300,850,52.941176,0,0,Null,2024-05-01
7/29/2024 11:21:34 AM,202305,Other UK Airports,BIRMINGHAM,1176265,1002343,17.351545,1176265,1002343,17.351545,0,0,Null,2024-05-01
7/29/2024 11:21:34 AM,202305,Other UK Airports,BLACKPOOL,1402,1245,12.610442,1402,1245,12.610442,0,0,Null,2024-05-01
7/29/2024 11:21:34 AM,202305,Other UK Airports,BOURNEMOUTH,113343,101150,12.054375,113343,101150,12.054375,0,0,Null,2024-05-01
7/29/2024 11:21:34 AM,202305,Other UK Airports,BRISTOL,1044874,957782,9.093092,1044847,957778,9.090729,27,4,575.000000,2024-05-01
7/29/2024 11:21:34 AM,202305,Other UK Airports,CAMPBELTOWN,843,745,13.154362,843,741,13.765182,0,4,Null,2024-05-01
7/29/2024 11:21:34 AM,202305,Other UK Airports,CARDIFF WALES,84741,78213,8.346439,84741,78213,8.346439,0,0,Null,2024-05-01
7/29/2024 11:21:34 AM,202305,Other UK Airports,CITY OF DERRY (EGLINTON),15402,12896,19.432382,15402,12896,19.432382,0,0,Null,2024-05-01
7/29/2024 11:21:34 AM,202305,Other UK Airports,DUNDEE,3484,3570,-2.408964,2694,3068,-12.190352,790,502,57.370518,2024-05-01
7/29/2024 11:21:34 AM,202305,Other UK Airports,EAST MIDLANDS INTERNATIONAL,434909,392481,10.810205,434909,392481,10.810205,0,0,Null,2024-05-01
7/29/2024 11:21:34 AM,202305,Other UK Airports,EDINBURGH,1494105,1289223,15.891898,1494105,1289127,15.900528,0,96,Null,2024-05-01
7/29/2024 11:21:34 AM,202305,Other UK Airports,EXETER,47461,43040,10.27184,47461,43040,10.27184,0,0,Null,2024-05-01
7/29/2024 11:21:34 AM,202305,Other UK Airports,FARNBOROUGH,3380,3596,-6.006674,3380,3596,-6.006674,0,0,Null,2024-05-01
7/29/2024 11:21:34 AM,202305,London Area Airports,GATWICK,3904579,3677630,6.171067,3903979,3677456,6.159775,600,174,244.827586,2024-05-01
7/29/2024 11:21:34 AM,202305,Other UK Airports,GLASGOW,796343,728760,9.273698,795852,728587,9.232254,491,173,183.815029,2024-05-01
7/29/2024 11:21:34 AM,202305,Non UK Reporting Airports,GUERNSEY,64362,61680,4.348249,64135,61549,4.20153,227,131,73.282443,2024-05-01
7/29/2024 11:21:34 AM,202305,London Area Airports,HEATHROW,7175463,6726921,6.667865,7175463,6726921,6.667865,0,0,Null,2024-05-01
7/29/2024 11:21:34 AM,202305,Other UK Airports,HUMBERSIDE,12837,12349,3.951737,12837,12349,3.951737,0,0,Null,2024-05-01
7/29/2024 11:21:34 AM,202305,Other UK Airports,INVERNESS,81413,82344,-1.130623,81359,82318,-1.164994,54,26,107.692308,2024-05-01
7/29/2024 11:21:34 AM,202305,Other UK Airports,ISLAY,3379,2983,13.275226,3379,2974,13.618023,0,9,Null,2024-05-01
7/29/2024 11:21:34 AM,202305,Non UK Reporting Airports,ISLE OF MAN,60664,54156,12.017136,60664,54156,12.017136,0,0,Null,2024-05-01
7/29/2024 11:21:34 AM,202305,Other UK Airports,ISLES OF SCILLY (ST.MARYS),9525,8871,7.372337,9525,8871,7.372337,0,0,Null,2024-05-01
7/29/2024 11:21:34 AM,202305,Non UK Reporting Airports,JERSEY,139208,132217,5.28752,139191,132217,5.274662,17,0,Null,2024-05-01
7/29/2024 11:21:34 AM,202305,Other UK Airports,KIRKWALL,13585,13984,-2.853261,12577,13149,-4.350141,1008,835,20.718563,2024-05-01
7/29/2024 11:21:34 AM,202305,Other UK Airports,LANDS END (ST JUST),6474,6713,-3.560256,6474,6686,-3.170805,0,27,Null,2024-05-01
7/29/2024 11:21:34 AM,202305,Other UK Airports,LEEDS BRADFORD,414449,385372,7.545177,414449,385372,7.545177,0,0,Null,2024-05-01
7/29/2024 11:21:34 AM,202305,Other UK Airports,LERWICK (TINGWALL),360,313,15.015974,360,313,15.015974,0,0,Null,2024-05-01
7/29/2024 11:21:34 AM,202305,Other UK Airports,LIVERPOOL (JOHN LENNON),511005,380454,34.314529,511005,380454,34.314529,0,0,Null,2024-05-01
7/29/2024 11:21:34 AM,202305,London Area Airports,LONDON CITY,319262,308845,3.372889,319262,308845,3.372889,0,0,Null,2024-05-01
7/29/2024 11:21:34 AM,202305,London Area Airports,LUTON,1573903,1536722,2.419501,1573903,1536151,2.457571,0,571,Null,2024-05-01
7/29/2024 11:21:34 AM,202305,Other UK Airports,MANCHESTER,2784046,2505927,11.098448,2779904,2503869,11.024339,4142,2058,101.263362,2024-05-01
7/29/2024 11:21:34 AM,202305,Other UK Airports,NEWCASTLE,497759,467480,6.477069,497759,467457,6.482307,0,23,Null,2024-05-01
7/29/2024 11:21:34 AM,202305,Other UK Airports,NEWQUAY,38882,39946,-2.663596,38882,39946,-2.663596,0,0,Null,2024-05-01
7/29/2024 11:21:34 AM,202305,Other UK Airports,NORWICH,44346,38104,16.381482,44346,38104,16.381482,0,0,Null,2024-05-01
7/29/2024 11:21:34 AM,202305,Other UK Airports,PRESTWICK,57358,59235,-3.168735,57358,59089,-2.929479,0,146,Null,2024-05-01
7/29/2024 11:21:34 AM,202305,Other UK Airports,SOUTHAMPTON,76752,63598,20.68304,76752,63534,20.804609,0,64,Null,2024-05-01
7/29/2024 11:21:34 AM,202305,London Area Airports,SOUTHEND,27579,9603,187.191503,27579,9603,187.191503,0,0,Null,2024-05-01
7/29/2024 11:21:34 AM,202305,London Area Airports,STANSTED,2711601,2549334,6.365074,2711601,2549159,6.372376,0,175,Null,2024-05-01
7/29/2024 11:21:34 AM,202305,Other UK Airports,STORNOWAY,9128,9926,-8.039492,9128,9849,-7.32054,0,77,Null,2024-05-01
7/29/2024 11:21:34 AM,202305,Other UK Airports,SUMBURGH,26220,23587,11.162929,26165,23528,11.207922,55,59,-6.779661,2024-05-01
7/29/2024 11:21:34 AM,202305,Other UK Airports,TEESSIDE INTERNATIONAL AIRPORT,20994,21494,-2.326231,20994,21464,-2.189713,0,30,Null,2024-05-01
7/29/2024 11:21:34 AM,202305,Other UK Airports,TIREE,1165,1316,-11.474164,1143,1297,-11.873554,22,19,15.789474,2024-05-01
7/29/2024 11:21:34 AM,202305,Other UK Airports,WICK JOHN O GROATS,845,916,-7.751092,845,916,-7.751092,0,0,Null,2024-05-01
8/17/2024 2:45:44 PM,202306,Other UK Airports,ABERDEEN,211464,208531,1.406506,211464,208531,1.406506,0,0,Null,2024-06-01
8/17/2024 2:45:44 PM,202306,Non UK Reporting Airports,ALDERNEY,4638,4328,7.162662,4638,4328,7.162662,0,0,Null,2024-06-01
8/17/2024 2:45:44 PM,202306,Other UK Airports,BARRA,1209,1395,-13.333333,1209,1395,-13.333333,0,0,Null,2024-06-01
8/17/2024 2:45:44 PM,202306,Other UK Airports,BELFAST CITY (GEORGE BEST),211831,178618,18.594431,211831,178618,18.594431,0,0,Null,2024-06-01
8/17/2024 2:45:44 PM,202306,Other UK Airports,BELFAST INTERNATIONAL,625270,591027,5.793813,625270,591027,5.793813,0,0,Null,2024-06-01
8/17/2024 2:45:44 PM,202306,Other UK Airports,BENBECULA,2345,2845,-17.574692,2345,2845,-17.574692,0,0,Null,2024-06-01
8/17/2024 2:45:44 PM,202306,Other UK Airports,BIGGIN HILL,1217,592,105.574324,1217,592,105.574324,0,0,Null,2024-06-01
8/17/2024 2:45:44 PM,202306,Other UK Airports,BIRMINGHAM,1264664,1131416,11.777101,1264500,1131069,11.796893,164,347,-52.737752,2024-06-01
8/17/2024 2:45:44 PM,202306,Other UK Airports,BLACKPOOL,1369,1415,-3.250883,1369,1415,-3.250883,0,0,Null,2024-06-01
8/17/2024 2:45:44 PM,202306,Other UK Airports,BOURNEMOUTH,132742,114958,15.469998,132742,114958,15.469998,0,0,Null,2024-06-01
8/17/2024 2:45:44 PM,202306,Other UK Airports,BRISTOL,1115246,1028307,8.454576,1115246,1028307,8.454576,0,0,Null,2024-06-01
8/17/2024 2:45:44 PM,202306,Other UK Airports,CAMPBELTOWN,723,715,1.118881,723,714,1.260504,0,1,Null,2024-06-01
8/17/2024 2:45:44 PM,202306,Other UK Airports,CARDIFF WALES,112098,102267,9.613072,111569,102267,9.095798,529,0,Null,2024-06-01
8/17/2024 2:45:44 PM,202306,Other UK Airports,CITY OF DERRY (EGLINTON),15625,14138,10.517754,15625,14138,10.517754,0,0,Null,2024-06-01
8/17/2024 2:45:44 PM,202306,Other UK Airports,DUNDEE,3536,3840,-7.916667,2865,3074,-6.798959,671,766,-12.402089,2024-06-01
8/17/2024 2:45:44 PM,202306,Other UK Airports,EAST MIDLANDS INTERNATIONAL,502067,487747,2.935948,502067,487747,2.935948,0,0,Null,2024-06-01
8/17/2024 2:45:44 PM,202306,Other UK Airports,EDINBURGH,1560119,1398433,11.561941,1560119,1398247,11.576781,0,186,Null,2024-06-01
8/17/2024 2:45:44 PM,202306,Other UK Airports,EXETER,51608,51894,-0.551123,51608,51894,-0.551123,0,0,Null,2024-06-01
8/17/2024 2:45:44 PM,202306,Other UK Airports,FARNBOROUGH,4353,4159,4.664583,4353,4159,4.664583,0,0,Null,2024-06-01
8/17/2024 2:45:44 PM,202306,London Area Airports,GATWICK,4213955,4052394,3.986804,4212315,4051908,3.958802,1640,486,237.448560,2024-06-01
8/17/2024 2:45:44 PM,202306,Other UK Airports,GLASGOW,830479,763264,8.806258,830479,763264,8.806258,0,0,Null,2024-06-01
8/17/2024 2:45:44 PM,202306,Non UK Reporting Airports,GUERNSEY,64717,66697,-2.968649,64552,66509,-2.942459,165,188,-12.234043,2024-06-01
8/17/2024 2:45:44 PM,202306,London Area Airports,HEATHROW,7433044,7041003,5.567971,7432458,7041003,5.559648,586,0,Null,2024-06-01
8/17/2024 2:45:44 PM,202306,Other UK Airports,HUMBERSIDE,15330,14395,6.495311,15330,14395,6.495311,0,0,Null,2024-06-01
8/17/2024 2:45:44 PM,202306,Other UK Airports,INVERNESS,81332,82594,-1.527956,81261,82594,-1.613919,71,0,Null,2024-06-01
8/17/2024 2:45:44 PM,202306,Other UK Airports,ISLAY,3082,3025,1.884298,3082,3007,2.49418,0,18,Null,2024-06-01
8/17/2024 2:45:44 PM,202306,Non UK Reporting Airports,ISLE OF MAN,68716,66050,4.036336,68716,66050,4.036336,0,0,Null,2024-06-01
8/17/2024 2:45:44 PM,202306,Other UK Airports,ISLES OF SCILLY (ST.MARYS),9301,8453,10.031941,9301,8453,10.031941,0,0,Null,2024-06-01
8/17/2024 2:45:44 PM,202306,Non UK Reporting Airports,JERSEY,144309,145542,-0.847178,144280,145542,-0.867104,29,0,Null,2024-06-01
8/17/2024 2:45:44 PM,202306,Other UK Airports,KIRKWALL,14095,14503,-2.813211,13059,13561,-3.701792,1036,942,9.978769,2024-06-01
8/17/2024 2:45:44 PM,202306,Other UK Airports,LANDS END (ST JUST),6221,6464,-3.759282,6219,6453,-3.62622,2,11,-81.818182,2024-06-01
8/17/2024 2:45:44 PM,202306,Other UK Airports,LEEDS BRADFORD,488265,447022,9.226168,488265,447022,9.226168,0,0,Null,2024-06-01
8/17/2024 2:45:44 PM,202306,Other UK Airports,LERWICK (TINGWALL),283,446,-36.547085,283,446,-36.547085,0,0,Null,2024-06-01
8/17/2024 2:45:44 PM,202306,Other UK Airports,LIVERPOOL (JOHN LENNON),507191,399269,27.029897,507191,399089,27.087191,0,180,Null,2024-06-01
8/17/2024 2:45:44 PM,202306,London Area Airports,LONDON CITY,320394,325284,-1.503302,320394,325284,-1.503302,0,0,Null,2024-06-01
8/17/2024 2:45:44 PM,202306,London Area Airports,LUTON,1609854,1549590,3.889029,1608637,1548839,3.860827,1217,751,62.050599,2024-06-01
8/17/2024 2:45:44 PM,202306,Other UK Airports,MANCHESTER,2980106,2789681,6.826049,2975746,2787361,6.758543,4360,2320,87.931034,2024-06-01
8/17/2024 2:45:44 PM,202306,Other UK Airports,NEWCASTLE,544111,515135,5.624933,544111,515135,5.624933,0,0,Null,2024-06-01
8/17/2024 2:45:44 PM,202306,Other UK Airports,NEWQUAY,46705,47396,-1.457929,46705,47396,-1.457929,0,0,Null,2024-06-01
8/17/2024 2:45:44 PM,202306,Other UK Airports,NORWICH,46956,40130,17.009718,46956,40130,17.009718,0,0,Null,2024-06-01
8/17/2024 2:45:44 PM,202306,Other UK Airports,PRESTWICK,60185,61812,-2.632175,60019,61516,-2.433513,166,296,-43.918919,2024-06-01
8/17/2024 2:45:44 PM,202306,Other UK Airports,SOUTHAMPTON,81562,68875,18.420327,81562,68875,18.420327,0,0,Null,2024-06-01
8/17/2024 2:45:44 PM,202306,London Area Airports,SOUTHEND,37450,23794,57.39262,37450,23794,57.39262,0,0,Null,2024-06-01
8/17/2024 2:45:44 PM,202306,London Area Airports,STANSTED,2807915,2593216,8.279256,2807915,2593216,8.279256,0,0,Null,2024-06-01
8/17/2024 2:45:44 PM,202306,Other UK Airports,STORNOWAY,9196,9617,-4.377665,9196,9521,-3.413507,0,96,Null,2024-06-01
8/17/2024 2:45:44 PM,202306,Other UK Airports,SUMBURGH,26623,24064,10.634142,26506,23964,10.607578,117,100,17.000000,2024-06-01
8/17/2024 2:45:44 PM,202306,Other UK Airports,TEESSIDE INTERNATIONAL AIRPORT,28166,25939,8.585528,28166,25939,8.585528,0,0,Null,2024-06-01
8/17/2024 2:45:44 PM,202306,Other UK Airports,TIREE,1038,1268,-18.138801,1024,1258,-18.600954,14,10,40.000000,2024-06-01
8/17/2024 2:45:44 PM,202306,Other UK Airports,WICK JOHN O GROATS,798,954,-16.352201,798,954,-16.352201,0,0,Null,2024-06-01
9/18/2024 9:55:00 AM,202307,Other UK Airports,ABERDEEN,229349,213863,7.241084,229349,213863,7.241084,0,0,Null,2024-07-01
9/18/2024 9:55:00 AM,202307,Non UK Reporting Airports,ALDERNEY,4961,5397,-8.078562,4961,5397,-8.078562,0,0,Null,2024-07-01
9/18/2024 9:55:00 AM,202307,Other UK Airports,BARRA,1417,1567,-9.572431,1417,1567,-9.572431,0,0,Null,2024-07-01
9/18/2024 9:55:00 AM,202307,Other UK Airports,BELFAST CITY (GEORGE BEST),225886,197262,14.510651,225886,197262,14.510651,0,0,Null,2024-07-01
9/18/2024 9:55:00 AM,202307,Other UK Airports,BELFAST INTERNATIONAL,709170,629618,12.634963,709170,629618,12.634963,0,0,Null,2024-07-01
9/18/2024 9:55:00 AM,202307,Other UK Airports,BENBECULA,2728,2905,-6.092943,2728,2905,-6.092943,0,0,Null,2024-07-01
9/18/2024 9:55:00 AM,202307,Other UK Airports,BIGGIN HILL,1754,1298,35.130971,1754,1298,35.130971,0,0,Null,2024-07-01
9/18/2024 9:55:00 AM,202307,Other UK Airports,BIRMINGHAM,1343822,1229335,9.312921,1343822,1229335,9.312921,0,0,Null,2024-07-01
9/18/2024 9:55:00 AM,202307,Other UK Airports,BLACKPOOL,1608,1482,8.502024,1608,1482,8.502024,0,0,Null,2024-07-01
9/18/2024 9:55:00 AM,202307,Other UK Airports,BOURNEMOUTH,135652,122707,10.54952,135652,122707,10.54952,0,0,Null,2024-07-01
9/18/2024 9:55:00 AM,202307,Other UK Airports,BRISTOL,1158076,1081278,7.102521,1158076,1081278,7.102521,0,0,Null,2024-07-01
9/18/2024 9:55:00 AM,202307,Other UK Airports,CAMPBELTOWN,688,830,-17.108434,688,830,-17.108434,0,0,Null,2024-07-01
9/18/2024 9:55:00 AM,202307,Other UK Airports,CARDIFF WALES,110572,106407,3.914216,110572,106407,3.914216,0,0,Null,2024-07-01
9/18/2024 9:55:00 AM,202307,Other UK Airports,CITY OF DERRY (EGLINTON),19153,18743,2.187483,19153,18743,2.187483,0,0,Null,2024-07-01
9/18/2024 9:55:00 AM,202307,Other UK Airports,DUNDEE,3873,4230,-8.439716,2963,3276,-9.554335,910,954,-4.612159,2024-07-01
9/18/2024 9:55:00 AM,202307,Other UK Airports,EAST MIDLANDS INTERNATIONAL,521093,495809,5.099544,521093,495809,5.099544,0,0,Null,2024-07-01
9/18/2024 9:55:00 AM,202307,Other UK Airports,EDINBURGH,1626726,1528829,6.403398,1626726,1528829,6.403398,0,0,Null,2024-07-01
9/18/2024 9:55:00 AM,202307,Other UK Airports,EXETER,53934,53755,0.332992,53934,53755,0.332992,0,0,Null,2024-07-01
9/18/2024 9:55:00 AM,202307,Other UK Airports,FARNBOROUGH,4541,4949,-8.24409,4541,4949,-8.24409,0,0,Null,2024-07-01
9/18/2024 9:55:00 AM,202307,London Area Airports,GATWICK,4554987,4467244,1.964142,4554245,4466876,1.955931,742,368,101.630435,2024-07-01
9/18/2024 9:55:00 AM,202307,Other UK Airports,GLASGOW,846819,765095,10.681549,846250,764104,10.750631,569,991,-42.583249,2024-07-01
9/18/2024 9:55:00 AM,202307,Non UK Reporting Airports,GUERNSEY,69405,72112,-3.753883,69309,71914,-3.622382,96,198,-51.515152,2024-07-01
9/18/2024 9:55:00 AM,202307,London Area Airports,HEATHROW,7981129,7662071,4.164122,7980064,7661331,4.160282,1065,740,43.918919,2024-07-01
9/18/2024 9:55:00 AM,202307,Other UK Airports,HUMBERSIDE,16129,14641,10.16324,16129,14641,10.16324,0,0,Null,2024-07-01
9/18/2024 9:55:00 AM,202307,Other UK Airports,INVERNESS,87489,82990,5.421135,87429,82974,5.369152,60,16,275.000000,2024-07-01
9/18/2024 9:55:00 AM,202307,Other UK Airports,ISLAY,3177,2579,23.187282,3177,2579,23.187282,0,0,Null,2024-07-01
9/18/2024 9:55:00 AM,202307,Non UK Reporting Airports,ISLE OF MAN,56631,53443,5.965234,56631,53443,5.965234,0,0,Null,2024-07-01
9/18/2024 9:55:00 AM,202307,Other UK Airports,ISLES OF SCILLY (ST.MARYS),8214,9652,-14.898467,8214,9652,-14.898467,0,0,Null,2024-07-01
9/18/2024 9:55:00 AM,202307,Non UK Reporting Airports,JERSEY,162607,165972,-2.02745,162583,165972,-2.041911,24,0,Null,2024-07-01
9/18/2024 9:55:00 AM,202307,Other UK Airports,KIRKWALL,14998,13516,10.964782,13888,12765,8.797493,1110,751,47.802929,2024-07-01
9/18/2024 9:55:00 AM,202307,Other UK Airports,LANDS END (ST JUST),5368,6497,-17.377251,5348,6467,-17.303232,20,30,-33.333333,2024-07-01
9/18/2024 9:55:00 AM,202307,Other UK Airports,LEEDS BRADFORD,484488,482773,0.355239,484488,482773,0.355239,0,0,Null,2024-07-01
9/18/2024 9:55:00 AM,202307,Other UK Airports,LERWICK (TINGWALL),334,356,-6.179775,334,356,-6.179775,0,0,Null,2024-07-01
9/18/2024 9:55:00 AM,202307,Other UK Airports,LIVERPOOL (JOHN LENNON),528897,426521,24.00257,528897,426521,24.00257,0,0,Null,2024-07-01
9/18/2024 9:55:00 AM,202307,London Area Airports,LONDON CITY,328649,304757,7.839689,328649,304757,7.839689,0,0,Null,2024-07-01
9/18/2024 9:55:00 AM,202307,London Area Airports,LUTON,1655100,1643467,0.707833,1654927,1642427,0.761069,173,1040,-83.365385,2024-07-01
9/18/2024 9:55:00 AM,202307,Other UK Airports,MANCHESTER,3202172,2997751,6.819145,3197675,2995630,6.744658,4497,2121,112.022631,2024-07-01
9/18/2024 9:55:00 AM,202307,Other UK Airports,NEWCASTLE,572577,546147,4.839356,572577,546147,4.839356,0,0,Null,2024-07-01
9/18/2024 9:55:00 AM,202307,Other UK Airports,NEWQUAY,55171,57421,-3.918427,55171,57421,-3.918427,0,0,Null,2024-07-01
9/18/2024 9:55:00 AM,202307,Other UK Airports,NORWICH,50407,40403,24.760538,50407,40403,24.760538,0,0,Null,2024-07-01
9/18/2024 9:55:00 AM,202307,Other UK Airports,PRESTWICK,63619,65092,-2.262951,63619,65092,-2.262951,0,0,Null,2024-07-01
9/18/2024 9:55:00 AM,202307,Other UK Airports,SOUTHAMPTON,81622,73962,10.35667,81622,73962,10.35667,0,0,Null,2024-07-01
9/18/2024 9:55:00 AM,202307,London Area Airports,SOUTHEND,33372,17443,91.3203,33372,17443,91.3203,0,0,Null,2024-07-01
9/18/2024 9:55:00 AM,202307,London Area Airports,STANSTED,2898479,2802889,3.41041,2898479,2802889,3.41041,0,0,Null,2024-07-01
9/18/2024 9:55:00 AM,202307,Other UK Airports,STORNOWAY,9578,10337,-7.342556,9578,10243,-6.492239,0,94,Null,2024-07-01
9/18/2024 9:55:00 AM,202307,Other UK Airports,SUMBURGH,30243,25600,18.136719,29956,25546,17.262977,287,54,431.481481,2024-07-01
9/18/2024 9:55:00 AM,202307,Other UK Airports,TEESSIDE INTERNATIONAL AIRPORT,24054,25369,-5.183492,23995,25369,-5.416059,59,0,Null,2024-07-01
9/18/2024 9:55:00 AM,202307,Other UK Airports,TIREE,1366,1472,-7.201087,1349,1460,-7.60274,17,12,41.666667,2024-07-01
9/18/2024 9:55:00 AM,202307,Other UK Airports,WICK JOHN O GROATS,971,922,5.314534,971,922,5.314534,0,0,Null,2024-07-01
10/15/2024 10:30:47 AM,202308,Other UK Airports,ABERDEEN,222672,212899,4.59044,222672,212899,4.59044,0,0,Null,2024-08-01
10/15/2024 10:30:47 AM,202308,Non UK Reporting Airports,ALDERNEY,5351,5717,-6.401959,5351,5717,-6.401959,0,0,Null,2024-08-01
10/15/2024 10:30:47 AM,202308,Other UK Airports,BARRA,1420,1584,-10.353535,1420,1584,-10.353535,0,0,Null,2024-08-01
10/15/2024 10:30:47 AM,202308,Other UK Airports,BELFAST CITY (GEORGE BEST),230220,203706,13.015817,230220,203706,13.015817,0,0,Null,2024-08-01
10/15/2024 10:30:47 AM,202308,Other UK Airports,BELFAST INTERNATIONAL,707906,633084,11.818653,707906,633084,11.818653,0,0,Null,2024-08-01
10/15/2024 10:30:47 AM,202308,Other UK Airports,BENBECULA,2676,2976,-10.080645,2676,2976,-10.080645,0,0,Null,2024-08-01
10/15/2024 10:30:47 AM,202308,Other UK Airports,BIGGIN HILL,1350,1012,33.399209,1350,1012,33.399209,0,0,Null,2024-08-01
10/15/2024 10:30:47 AM,202308,Other UK Airports,BIRMINGHAM,1450441,1307941,10.894987,1450441,1307821,10.905162,0,120,Null,2024-08-01
10/15/2024 10:30:47 AM,202308,Other UK Airports,BLACKPOOL,1470,1145,28.384279,1470,1145,28.384279,0,0,Null,2024-08-01
10/15/2024 10:30:47 AM,202308,Other UK Airports,BOURNEMOUTH,147455,124761,18.189979,147455,124583,18.358845,0,178,Null,2024-08-01
10/15/2024 10:30:47 AM,202308,Other UK Airports,BRISTOL,1203832,1127752,6.746164,1203799,1127752,6.743238,33,0,Null,2024-08-01
10/15/2024 10:30:47 AM,202308,Other UK Airports,CAMPBELTOWN,773,949,-18.545838,773,949,-18.545838,0,0,Null,2024-08-01
10/15/2024 10:30:47 AM,202308,Other UK Airports,CARDIFF WALES,115547,110950,4.143308,115547,110950,4.143308,0,0,Null,2024-08-01
10/15/2024 10:30:47 AM,202308,Other UK Airports,CITY OF DERRY (EGLINTON),18989,17380,9.257768,18989,17380,9.257768,0,0,Null,2024-08-01
10/15/2024 10:30:47 AM,202308,Other UK Airports,DUNDEE,3724,3554,4.783343,2838,2803,1.248662,886,751,17.976032,2024-08-01
10/15/2024 10:30:47 AM,202308,Other UK Airports,EAST MIDLANDS INTERNATIONAL,545002,528672,3.088872,545002,528672,3.088872,0,0,Null,2024-08-01
10/15/2024 10:30:47 AM,202308,Other UK Airports,EDINBURGH,1617538,1480878,9.228309,1617324,1480561,9.237242,214,317,-32.492114,2024-08-01
10/15/2024 10:30:47 AM,202308,Other UK Airports,EXETER,57167,53422,7.010221,57167,53422,7.010221,0,0,Null,2024-08-01
10/15/2024 10:30:47 AM,202308,Other UK Airports,FARNBOROUGH,3763,3834,-1.851852,3763,3834,-1.851852,0,0,Null,2024-08-01
10/15/2024 10:30:47 AM,202308,London Area Airports,GATWICK,4740309,4502986,5.270347,4739389,4502675,5.257186,920,311,195.819936,2024-08-01
10/15/2024 10:30:47 AM,202308,Other UK Airports,GLASGOW,793832,708820,11.993454,793832,708583,12.030912,0,237,Null,2024-08-01
10/15/2024 10:30:47 AM,202308,Non UK Reporting Airports,GUERNSEY,72395,72942,-0.749911,72197,72780,-0.801044,198,162,22.222222,2024-08-01
10/15/2024 10:30:47 AM,202308,London Area Airports,HEATHROW,7969837,7554482,5.498127,7969837,7553785,5.507861,0,697,Null,2024-08-01
10/15/2024 10:30:47 AM,202308,Other UK Airports,HUMBERSIDE,15693,14824,5.862115,15693,14824,5.862115,0,0,Null,2024-08-01
10/15/2024 10:30:47 AM,202308,Other UK Airports,INVERNESS,84020,80393,4.511587,83952,80292,4.558362,68,101,-32.673267,2024-08-01
10/15/2024 10:30:47 AM,202308,Other UK Airports,ISLAY,3049,3009,1.329345,3049,3001,1.599467,0,8,Null,2024-08-01
10/15/2024 10:30:47 AM,202308,Non UK Reporting Airports,ISLE OF MAN,59877,55622,7.649851,59877,55622,7.649851,0,0,Null,2024-08-01
10/15/2024 10:30:47 AM,202308,Other UK Airports,ISLES OF SCILLY (ST.MARYS),9277,8567,8.287615,9277,8567,8.287615,0,0,Null,2024-08-01
10/15/2024 10:30:47 AM,202308,Non UK Reporting Airports,JERSEY,174471,171654,1.641092,174467,171654,1.638762,4,0,Null,2024-08-01
10/15/2024 10:30:47 AM,202308,Other UK Airports,KIRKWALL,15019,14465,3.829934,13993,13507,3.598134,1026,958,7.098121,2024-08-01
10/15/2024 10:30:47 AM,202308,Other UK Airports,LANDS END (ST JUST),6284,5575,12.717489,6284,5554,13.14368,0,21,Null,2024-08-01
10/15/2024 10:30:47 AM,202308,Other UK Airports,LEEDS BRADFORD,518453,506239,2.412694,518453,506239,2.412694,0,0,Null,2024-08-01
10/15/2024 10:30:47 AM,202308,Other UK Airports,LERWICK (TINGWALL),272,311,-12.540193,272,311,-12.540193,0,0,Null,2024-08-01
10/15/2024 10:30:47 AM,202308,Other UK Airports,LIVERPOOL (JOHN LENNON),550251,439584,25.175393,550251,439584,25.175393,0,0,Null,2024-08-01
10/15/2024 10:30:47 AM,202308,London Area Airports,LONDON CITY,311282,303960,2.40887,311282,303960,2.40887,0,0,Null,2024-08-01
10/15/2024 10:30:47 AM,202308,London Area Airports,LUTON,1741816,1691587,2.969342,1741461,1691067,2.980012,355,520,-31.730769,2024-08-01
10/15/2024 10:30:47 AM,202308,Other UK Airports,MANCHESTER,3359697,3086665,8.845534,3356747,3084865,8.813416,2950,1800,63.888889,2024-08-01
10/15/2024 10:30:47 AM,202308,Other UK Airports,NEWCASTLE,594372,559301,6.270506,594372,559301,6.270506,0,0,Null,2024-08-01
10/15/2024 10:30:47 AM,202308,Other UK Airports,NEWQUAY,55985,57536,-2.695704,55985,57536,-2.695704,0,0,Null,2024-08-01
10/15/2024 10:30:47 AM,202308,Other UK Airports,NORWICH,51677,41249,25.280613,51677,41249,25.280613,0,0,Null,2024-08-01
10/15/2024 10:30:47 AM,202308,Other UK Airports,PRESTWICK,63116,62947,0.26848,62919,62947,-0.044482,197,0,Null,2024-08-01
10/15/2024 10:30:47 AM,202308,Other UK Airports,SOUTHAMPTON,87899,75554,16.339307,87899,75436,16.52129,0,118,Null,2024-08-01
10/15/2024 10:30:47 AM,202308,London Area Airports,SOUTHEND,35168,17557,100.30757,35168,17557,100.30757,0,0,Null,2024-08-01
10/15/2024 10:30:47 AM,202308,London Area Airports,STANSTED,3061500,2912864,5.102744,3061500,2912864,5.102744,0,0,Null,2024-08-01
10/15/2024 10:30:47 AM,202308,Other UK Airports,STORNOWAY,9196,9741,-5.594908,9196,9697,-5.166546,0,44,Null,2024-08-01
10/15/2024 10:30:47 AM,202308,Other UK Airports,SUMBURGH,28372,25256,12.337662,28242,25215,12.004759,130,41,217.073171,2024-08-01
10/15/2024 10:30:47 AM,202308,Other UK Airports,TEESSIDE INTERNATIONAL AIRPORT,26180,25901,1.077178,26098,25901,0.760588,82,0,Null,2024-08-01
10/15/2024 10:30:47 AM,202308,Other UK Airports,TIREE,1164,1520,-23.421053,1147,1505,-23.787375,17,15,13.333333,2024-08-01
10/15/2024 10:30:47 AM,202308,Other UK Airports,WICK JOHN O GROATS,1114,1161,-4.048234,1114,1161,-4.048234,0,0,Null,2024-08-01
11/14/2024 5:29:34 PM,202309,Other UK Airports,ABERDEEN,208600,206027,1.248865,208600,206027,1.248865,0,0,Null,2024-09-01
11/14/2024 5:29:34 PM,202309,Non UK Reporting Airports,ALDERNEY,4750,5158,-7.910043,4750,5158,-7.910043,0,0,Null,2024-09-01
11/14/2024 5:29:34 PM,202309,Other UK Airports,BARRA,1133,1369,-17.238860,1133,1369,-17.238860,0,0,Null,2024-09-01
11/14/2024 5:29:34 PM,202309,Other UK Airports,BELFAST CITY (GEORGE BEST),200619,184001,9.031473,200619,184001,9.031473,0,0,Null,2024-09-01
11/14/2024 5:29:34 PM,202309,Other UK Airports,BELFAST INTERNATIONAL,618734,542297,14.095044,618734,542297,14.095044,0,0,Null,2024-09-01
11/14/2024 5:29:34 PM,202309,Other UK Airports,BENBECULA,2170,2605,-16.698656,2170,2605,-16.698656,0,0,Null,2024-09-01
11/14/2024 5:29:34 PM,202309,Other UK Airports,BIGGIN HILL,680,457,48.796499,680,457,48.796499,0,0,Null,2024-09-01
11/14/2024 5:29:34 PM,202309,Other UK Airports,BIRMINGHAM,1308488,1206555,8.448268,1308488,1206555,8.448268,0,0,Null,2024-09-01
11/14/2024 5:29:34 PM,202309,Other UK Airports,BLACKPOOL,1565,1115,40.358744,1565,1115,40.358744,0,0,Null,2024-09-01
11/14/2024 5:29:34 PM,202309,Other UK Airports,BOURNEMOUTH,133005,117881,12.829888,133005,117881,12.829888,0,0,Null,2024-09-01
11/14/2024 5:29:34 PM,202309,Other UK Airports,BRISTOL,1092172,1053062,3.713931,1092155,1053062,3.712317,17,0,Null,2024-09-01
11/14/2024 5:29:34 PM,202309,Other UK Airports,CAMPBELTOWN,735,630,16.666667,735,630,16.666667,0,0,Null,2024-09-01
11/14/2024 5:29:34 PM,202309,Other UK Airports,CARDIFF WALES,106160,108076,-1.772827,105975,107217,-1.158398,185,859,-78.463329,2024-09-01
11/14/2024 5:29:34 PM,202309,Other UK Airports,CITY OF DERRY (EGLINTON),14371,12204,17.756473,14371,12204,17.756473,0,0,Null,2024-09-01
11/14/2024 5:29:34 PM,202309,Other UK Airports,DUNDEE,3554,3565,-0.308555,2906,2862,1.537386,648,703,-7.823613,2024-09-01
11/14/2024 5:29:34 PM,202309,Other UK Airports,EAST MIDLANDS INTERNATIONAL,487169,464168,4.955318,487169,464168,4.955318,0,0,Null,2024-09-01
11/14/2024 5:29:34 PM,202309,Other UK Airports,EDINBURGH,1528637,1387610,10.163302,1528637,1387610,10.163302,0,0,Null,2024-09-01
11/14/2024 5:29:34 PM,202309,Other UK Airports,EXETER,52359,49255,6.301898,52359,49255,6.301898,0,0,Null,2024-09-01
11/14/2024 5:29:34 PM,202309,Other UK Airports,FARNBOROUGH,3428,3589,-4.485929,3428,3589,-4.485929,0,0,Null,2024-09-01
11/14/2024 5:29:34 PM,202309,London Area Airports,GATWICK,4263877,4078736,4.539176,4263118,4078479,4.527153,759,257,195.330739,2024-09-01
11/14/2024 5:29:34 PM,202309,Other UK Airports,GLASGOW,801653,728905,9.980450,801395,728270,10.040919,258,635,-59.370079,2024-09-01
11/14/2024 5:29:34 PM,202309,Non UK Reporting Airports,GUERNSEY,65564,66731,-1.748812,65540,66690,-1.724396,24,41,-41.463415,2024-09-01
11/14/2024 5:29:34 PM,202309,London Area Airports,HEATHROW,7286467,7076251,2.970726,7286337,7075332,2.982263,130,919,-85.854189,2024-09-01
11/14/2024 5:29:34 PM,202309,Other UK Airports,HUMBERSIDE,14430,14387,0.298881,14430,14387,0.298881,0,0,Null,2024-09-01
11/14/2024 5:29:34 PM,202309,Other UK Airports,INVERNESS,77981,79179,-1.513027,77926,78994,-1.352001,55,185,-70.270270,2024-09-01
11/14/2024 5:29:34 PM,202309,Other UK Airports,ISLAY,3230,3085,4.700162,3230,3085,4.700162,0,0,Null,2024-09-01
11/14/2024 5:29:34 PM,202309,Non UK Reporting Airports,ISLE OF MAN,57237,54348,5.315743,57237,54348,5.315743,0,0,Null,2024-09-01
11/14/2024 5:29:34 PM,202309,Other UK Airports,ISLES OF SCILLY (ST.MARYS),7973,9442,-15.558144,7973,9442,-15.558144,0,0,Null,2024-09-01
11/14/2024 5:29:34 PM,202309,Non UK Reporting Airports,JERSEY,141456,143066,-1.125355,141401,143066,-1.163799,55,0,Null,2024-09-01
11/14/2024 5:29:34 PM,202309,Other UK Airports,KIRKWALL,14067,13807,1.883103,13130,12851,2.171037,937,956,-1.987448,2024-09-01
11/14/2024 5:29:34 PM,202309,Other UK Airports,LANDS END (ST JUST),5503,6711,-18.000298,5470,6650,-17.744361,33,61,-45.901639,2024-09-01
11/14/2024 5:29:34 PM,202309,Other UK Airports,LEEDS BRADFORD,463333,453227,2.229788,463333,453227,2.229788,0,0,Null,2024-09-01
11/14/2024 5:29:34 PM,202309,Other UK Airports,LERWICK (TINGWALL),335,303,10.561056,335,303,10.561056,0,0,Null,2024-09-01
11/14/2024 5:29:34 PM,202309,Other UK Airports,LIVERPOOL (JOHN LENNON),493515,395792,24.690494,493515,395611,24.747542,0,181,Null,2024-09-01
11/14/2024 5:29:34 PM,202309,London Area Airports,LONDON CITY,324495,296126,9.580044,324495,296126,9.580044,0,0,Null,2024-09-01
11/14/2024 5:29:34 PM,202309,London Area Airports,LUTON,1560372,1531651,1.875166,1560372,1531112,1.911029,0,539,Null,2024-09-01
11/14/2024 5:29:34 PM,202309,Other UK Airports,MANCHESTER,3056554,2831595,7.944604,3054392,2830539,7.908494,2162,1056,104.734848,2024-09-01
11/14/2024 5:29:34 PM,202309,Other UK Airports,NEWCASTLE,541120,518141,4.434893,541120,517797,4.504275,0,344,Null,2024-09-01
11/14/2024 5:29:34 PM,202309,Other UK Airports,NEWQUAY,42569,44479,-4.294161,42569,44469,-4.272639,0,10,Null,2024-09-01
11/14/2024 5:29:34 PM,202309,Other UK Airports,NORWICH,49292,40374,22.088473,49292,40374,22.088473,0,0,Null,2024-09-01
11/14/2024 5:29:34 PM,202309,Other UK Airports,OXFORD (KIDLINGTON),2,0,Null,2,0,Null,0,0,Null,2024-09-01
11/14/2024 5:29:34 PM,202309,Other UK Airports,PRESTWICK,62389,61052,2.189936,62389,60796,2.620238,0,256,Null,2024-09-01
11/14/2024 5:29:34 PM,202309,Other UK Airports,SOUTHAMPTON,82258,70466,16.734312,82258,70466,16.734312,0,0,Null,2024-09-01
11/14/2024 5:29:34 PM,202309,London Area Airports,SOUTHEND,35448,24250,46.177320,35448,24250,46.177320,0,0,Null,2024-09-01
11/14/2024 5:29:34 PM,202309,London Area Airports,STANSTED,2709707,2621650,3.358839,2709707,2621650,3.358839,0,0,Null,2024-09-01
11/14/2024 5:29:34 PM,202309,Other UK Airports,STORNOWAY,9028,9908,-8.881712,9028,9798,-7.858747,0,110,Null,2024-09-01
11/14/2024 5:29:34 PM,202309,Other UK Airports,SUMBURGH,25956,22209,16.871539,25956,22209,16.871539,0,0,Null,2024-09-01
11/14/2024 5:29:34 PM,202309,Other UK Airports,TEESSIDE INTERNATIONAL AIRPORT,25808,27323,-5.544779,25714,27323,-5.888812,94,0,Null,2024-09-01
11/14/2024 5:29:34 PM,202309,Other UK Airports,TIREE,1078,1203,-10.390690,1063,1188,-10.521886,15,15,(None),2024-09-01
11/14/2024 5:29:34 PM,202309,Other UK Airports,WICK JOHN O GROATS,852,976,-12.704918,852,976,-12.704918,0,0,Null,2024-09-01
12/16/2024 10:06:17 AM,202310,Other UK Airports,ABERDEEN,212638,201899,5.318996,212638,201899,5.318996,0,0,Null,2024-10-01
12/16/2024 10:06:17 AM,202310,Non UK Reporting Airports,ALDERNEY,4102,4371,-6.154198,4102,4371,-6.154198,0,0,Null,2024-10-01
12/16/2024 10:06:17 AM,202310,Other UK Airports,BARRA,773,956,-19.142259,773,956,-19.142259,0,0,Null,2024-10-01
12/16/2024 10:06:17 AM,202310,Other UK Airports,BELFAST CITY (GEORGE BEST),200345,184616,8.519847,200345,184616,8.519847,0,0,Null,2024-10-01
12/16/2024 10:06:17 AM,202310,Other UK Airports,BELFAST INTERNATIONAL,607728,556692,9.167726,607728,556692,9.167726,0,0,Null,2024-10-01
12/16/2024 10:06:17 AM,202310,Other UK Airports,BENBECULA,2561,2631,-2.660585,2561,2631,-2.660585,0,0,Null,2024-10-01
12/16/2024 10:06:17 AM,202310,Other UK Airports,BIGGIN HILL,504,385,30.909091,504,385,30.909091,0,0,Null,2024-10-01
12/16/2024 10:06:17 AM,202310,Other UK Airports,BIRMINGHAM,1192645,1104492,7.981316,1192645,1104308,7.999308,0,184,Null,2024-10-01
12/16/2024 10:06:17 AM,202310,Other UK Airports,BLACKPOOL,1894,1412,34.135977,1894,1412,34.135977,0,0,Null,2024-10-01
12/16/2024 10:06:17 AM,202310,Other UK Airports,BOURNEMOUTH,98825,98262,0.572958,98825,98262,0.572958,0,0,Null,2024-10-01
12/16/2024 10:06:17 AM,202310,Other UK Airports,BRISTOL,979913,969450,1.079272,979858,969436,1.075058,55,14,292.857143,2024-10-01
12/16/2024 10:06:17 AM,202310,Other UK Airports,CAMPBELTOWN,542,656,-17.378049,542,651,-16.743472,0,5,Null,2024-10-01
12/16/2024 10:06:17 AM,202310,Other UK Airports,CARDIFF WALES,77521,74768,3.682056,77521,74417,4.17109,0,351,Null,2024-10-01
12/16/2024 10:06:17 AM,202310,Other UK Airports,CITY OF DERRY (EGLINTON),14836,12623,17.53149,14836,12623,17.53149,0,0,Null,2024-10-01
12/16/2024 10:06:17 AM,202310,Other UK Airports,DUNDEE,3343,2883,15.955602,2802,2395,16.993737,541,488,10.860656,2024-10-01
12/16/2024 10:06:17 AM,202310,Other UK Airports,EAST MIDLANDS INTERNATIONAL,400080,412871,-3.098062,400080,412871,-3.098062,0,0,Null,2024-10-01
12/16/2024 10:06:17 AM,202310,Other UK Airports,EDINBURGH,1465440,1388463,5.544044,1465440,1388463,5.544044,0,0,Null,2024-10-01
12/16/2024 10:06:17 AM,202310,Other UK Airports,EXETER,43302,40180,7.770035,43302,40180,7.770035,0,0,Null,2024-10-01
12/16/2024 10:06:17 AM,202310,Other UK Airports,FARNBOROUGH,3656,3348,9.199522,3656,3348,9.199522,0,0,Null,2024-10-01
12/16/2024 10:06:17 AM,202310,London Area Airports,GATWICK,3864863,3720264,3.886794,3864770,3720264,3.884294,93,0,Null,2024-10-01
12/16/2024 10:06:17 AM,202310,Other UK Airports,GLASGOW,779305,723268,7.74775,778958,723268,7.699774,347,0,Null,2024-10-01
12/16/2024 10:06:17 AM,202310,Non UK Reporting Airports,GUERNSEY,57520,62387,-7.801305,57520,62387,-7.801305,0,0,Null,2024-10-01
12/16/2024 10:06:17 AM,202310,London Area Airports,HEATHROW,7215710,6960495,3.666621,7214851,6959659,3.666731,859,836,2.751196,2024-10-01
12/16/2024 10:06:17 AM,202310,Other UK Airports,HUMBERSIDE,13029,12354,5.463817,13029,12354,5.463817,0,0,Null,2024-10-01
12/16/2024 10:06:17 AM,202310,Other UK Airports,INVERNESS,76333,79255,-3.686834,76193,79062,-3.628798,140,193,-27.461140,2024-10-01
12/16/2024 10:06:17 AM,202310,Other UK Airports,ISLAY,2770,2946,-5.974202,2770,2946,-5.974202,0,0,Null,2024-10-01
12/16/2024 10:06:17 AM,202310,Non UK Reporting Airports,ISLE OF MAN,53647,58662,-8.548975,53647,58662,-8.548975,0,0,Null,2024-10-01
12/16/2024 10:06:17 AM,202310,Other UK Airports,ISLES OF SCILLY (ST.MARYS),5255,4608,14.040799,5255,4608,14.040799,0,0,Null,2024-10-01
12/16/2024 10:06:17 AM,202310,Non UK Reporting Airports,JERSEY,123564,128480,-3.826276,123556,128480,-3.832503,8,0,Null,2024-10-01
12/16/2024 10:06:17 AM,202310,Other UK Airports,KIRKWALL,13579,13041,4.125451,12545,12080,3.849338,1034,961,7.596254,2024-10-01
12/16/2024 10:06:17 AM,202310,Other UK Airports,LANDS END (ST JUST),4064,4247,-4.308924,4064,4247,-4.308924,0,0,Null,2024-10-01
12/16/2024 10:06:17 AM,202310,Other UK Airports,LEEDS BRADFORD,405390,382494,5.985976,405390,382494,5.985976,0,0,Null,2024-10-01
12/16/2024 10:06:17 AM,202310,Other UK Airports,LERWICK (TINGWALL),256,309,-17.152104,256,309,-17.152104,0,0,Null,2024-10-01
12/16/2024 10:06:17 AM,202310,Other UK Airports,LIVERPOOL (JOHN LENNON),463962,386482,20.047505,463962,386482,20.047505,0,0,Null,2024-10-01
12/16/2024 10:06:17 AM,202310,London Area Airports,LONDON CITY,334624,300889,11.211776,334624,300889,11.211776,0,0,Null,2024-10-01
12/16/2024 10:06:17 AM,202310,London Area Airports,LUTON,1499019,1433213,4.591502,1498859,1433213,4.580338,160,0,Null,2024-10-01
12/16/2024 10:06:17 AM,202310,Other UK Airports,MANCHESTER,2809491,2626368,6.972481,2807078,2625194,6.928402,2413,1174,105.536627,2024-10-01
12/16/2024 10:06:17 AM,202310,Other UK Airports,NEWCASTLE,487742,469174,3.957594,487742,469174,3.957594,0,0,Null,2024-10-01
12/16/2024 10:06:17 AM,202310,Other UK Airports,NEWQUAY,33074,37338,-11.420001,33074,37338,-11.420001,0,0,Null,2024-10-01
12/16/2024 10:06:17 AM,202310,Other UK Airports,NORWICH,43278,34535,25.316346,43278,34535,25.316346,0,0,Null,2024-10-01
12/16/2024 10:06:17 AM,202310,Other UK Airports,PRESTWICK,58731,57393,2.331295,58731,57346,2.415164,0,47,Null,2024-10-01
12/16/2024 10:06:17 AM,202310,Other UK Airports,SOUTHAMPTON,74226,65118,13.986916,74188,65118,13.92856,38,0,Null,2024-10-01
12/16/2024 10:06:17 AM,202310,London Area Airports,SOUTHEND,31429,24880,26.322347,31429,24880,26.322347,0,0,Null,2024-10-01
12/16/2024 10:06:17 AM,202310,London Area Airports,STANSTED,2649531,2570210,3.086168,2649531,2570210,3.086168,0,0,Null,2024-10-01
12/16/2024 10:06:17 AM,202310,Other UK Airports,STORNOWAY,9852,10497,-6.144613,9852,10374,-5.03181,0,123,Null,2024-10-01
12/16/2024 10:06:17 AM,202310,Other UK Airports,SUMBURGH,26457,24745,6.918569,26457,24745,6.918569,0,0,Null,2024-10-01
12/16/2024 10:06:17 AM,202310,Other UK Airports,TEESSIDE INTERNATIONAL AIRPORT,21225,21949,-3.298556,21174,21949,-3.530913,51,0,Null,2024-10-01
12/16/2024 10:06:17 AM,202310,Other UK Airports,TIREE,654,925,-29.297297,639,904,-29.314159,15,21,-28.571429,2024-10-01
12/16/2024 10:06:17 AM,202310,Other UK Airports,WICK JOHN O GROATS,822,1000,-17.8,822,1000,-17.8,0,0,Null,2024-10-01
1/16/2025 8:56:27 AM,202311,Other UK Airports,ABERDEEN,175310,172545,1.602481,175310,172545,1.602481,0,0,Null,2024-11-01
1/16/2025 8:56:27 AM,202311,Non UK Reporting Airports,ALDERNEY,3012,2929,2.833732,3012,2929,2.833732,0,0,Null,2024-11-01
1/16/2025 8:56:27 AM,202311,Other UK Airports,BARRA,642,604,6.291391,642,604,6.291391,0,0,Null,2024-11-01
1/16/2025 8:56:27 AM,202311,Other UK Airports,BELFAST CITY (GEORGE BEST),193502,187085,3.429992,193502,187085,3.429992,0,0,Null,2024-11-01
1/16/2025 8:56:27 AM,202311,Other UK Airports,BELFAST INTERNATIONAL,456616,431856,5.733393,456616,431856,5.733393,0,0,Null,2024-11-01
1/16/2025 8:56:27 AM,202311,Other UK Airports,BENBECULA,2042,2394,-14.703425,2042,2394,-14.703425,0,0,Null,2024-11-01
1/16/2025 8:56:27 AM,202311,Other UK Airports,BIGGIN HILL,307,207,48.309179,307,207,48.309179,0,0,Null,2024-11-01
1/16/2025 8:56:27 AM,202311,Other UK Airports,BIRMINGHAM,835914,765082,9.258093,835914,765082,9.258093,0,0,Null,2024-11-01
1/16/2025 8:56:27 AM,202311,Other UK Airports,BLACKPOOL,1813,1169,55.089820,1813,1169,55.089820,0,0,Null,2024-11-01
1/16/2025 8:56:27 AM,202311,Other UK Airports,BOURNEMOUTH,45520,38666,17.726168,45520,38666,17.726168,0,0,Null,2024-11-01
1/16/2025 8:56:27 AM,202311,Other UK Airports,BRISTOL,610175,563339,8.313999,610079,563132,8.336767,96,207,-53.623188,2024-11-01
1/16/2025 8:56:27 AM,202311,Other UK Airports,CAMPBELTOWN,417,563,-25.932504,417,559,-25.402504,0,4,Null,2024-11-01
1/16/2025 8:56:27 AM,202311,Other UK Airports,CARDIFF WALES,42118,43493,-3.161428,41895,43493,-3.674154,223,0,Null,2024-11-01
1/16/2025 8:56:27 AM,202311,Other UK Airports,CITY OF DERRY (EGLINTON),17572,9436,86.222976,17572,9436,86.222976,0,0,Null,2024-11-01
1/16/2025 8:56:27 AM,202311,Other UK Airports,DUNDEE,2363,3047,-22.448310,2363,2675,-11.663551,0,372,Null,2024-11-01
1/16/2025 8:56:27 AM,202311,Other UK Airports,EAST MIDLANDS INTERNATIONAL,158920,188735,-15.797282,158920,188735,-15.797282,0,0,Null,2024-11-01
1/16/2025 8:56:27 AM,202311,Other UK Airports,EDINBURGH,1090264,990227,10.102431,1090264,990099,10.116665,0,128,Null,2024-11-01
1/16/2025 8:56:27 AM,202311,Other UK Airports,EXETER,20539,21376,-3.915606,20539,21376,-3.915606,0,0,Null,2024-11-01
1/16/2025 8:56:27 AM,202311,Other UK Airports,FARNBOROUGH,2202,2292,-3.926702,2202,2292,-3.926702,0,0,Null,2024-11-01
1/16/2025 8:56:27 AM,202311,London Area Airports,GATWICK,2725070,2537735,7.381976,2724945,2537529,7.385768,125,206,-39.320388,2024-11-01
1/16/2025 8:56:27 AM,202311,Other UK Airports,GLASGOW,558251,505896,10.348965,558251,505896,10.348965,0,0,Null,2024-11-01
1/16/2025 8:56:27 AM,202311,Non UK Reporting Airports,GUERNSEY,48297,48261,0.074594,48297,48261,0.074594,0,0,Null,2024-11-01
1/16/2025 8:56:27 AM,202311,London Area Airports,HEATHROW,6503969,6131574,6.073400,6500380,6127210,6.090374,3589,4364,-17.758937,2024-11-01
1/16/2025 8:56:27 AM,202311,Other UK Airports,HUMBERSIDE,10200,10076,1.230647,10200,10076,1.230647,0,0,Null,2024-11-01
1/16/2025 8:56:27 AM,202311,Other UK Airports,INVERNESS,51154,49932,2.447328,51102,49852,2.507422,52,80,-35.000000,2024-11-01
1/16/2025 8:56:27 AM,202311,Other UK Airports,ISLAY,1945,2015,-3.473945,1945,2015,-3.473945,0,0,Null,2024-11-01
1/16/2025 8:56:27 AM,202311,Non UK Reporting Airports,ISLE OF MAN,47894,48027,-0.276928,47894,48027,-0.276928,0,0,Null,2024-11-01
1/16/2025 8:56:27 AM,202311,Other UK Airports,ISLES OF SCILLY (ST.MARYS),2695,3039,-11.319513,2695,3039,-11.319513,0,0,Null,2024-11-01
1/16/2025 8:56:27 AM,202311,Non UK Reporting Airports,JERSEY,95348,91868,3.788044,95348,91866,3.790303,0,2,Null,2024-11-01
1/16/2025 8:56:27 AM,202311,Other UK Airports,KIRKWALL,10894,11039,-1.313525,10278,10230,0.469208,616,809,-23.856613,2024-11-01
1/16/2025 8:56:27 AM,202311,Other UK Airports,LANDS END (ST JUST),2114,3029,-30.207989,2114,3029,-30.207989,0,0,Null,2024-11-01
1/16/2025 8:56:27 AM,202311,Other UK Airports,LEEDS BRADFORD,250347,219356,14.128175,250347,219356,14.128175,0,0,Null,2024-11-01
1/16/2025 8:56:27 AM,202311,Other UK Airports,LERWICK (TINGWALL),161,188,-14.361702,161,188,-14.361702,0,0,Null,2024-11-01
1/16/2025 8:56:27 AM,202311,Other UK Airports,LIVERPOOL (JOHN LENNON),330154,280639,17.643663,330154,280639,17.643663,0,0,Null,2024-11-01
1/16/2025 8:56:27 AM,202311,London Area Airports,LONDON CITY,307769,289506,6.308332,307769,289506,6.308332,0,0,Null,2024-11-01
1/16/2025 8:56:27 AM,202311,London Area Airports,LUTON,1149540,1081825,6.259330,1149406,1081825,6.246944,134,0,Null,2024-11-01
1/16/2025 8:56:27 AM,202311,Other UK Airports,MANCHESTER,2103488,1852505,13.548304,2100311,1850893,13.475549,3177,1612,97.084367,2024-11-01
1/16/2025 8:56:27 AM,202311,Other UK Airports,NEWCASTLE,320191,299259,6.994610,320191,299259,6.994610,0,0,Null,2024-11-01
1/16/2025 8:56:27 AM,202311,Other UK Airports,NEWQUAY,20644,23038,-10.391527,20644,23038,-10.391527,0,0,Null,2024-11-01
1/16/2025 8:56:27 AM,202311,Other UK Airports,NORWICH,22986,19197,19.737459,22986,19197,19.737459,0,0,Null,2024-11-01
1/16/2025 8:56:27 AM,202311,Other UK Airports,OXFORD (KIDLINGTON),0,2,Null,0,2,Null,0,0,Null,2024-11-01
1/16/2025 8:56:27 AM,202311,Other UK Airports,PRESTWICK,24649,20664,19.284746,24647,20664,19.275068,2,0,Null,2024-11-01
1/16/2025 8:56:27 AM,202311,Other UK Airports,SOUTHAMPTON,62723,56489,11.035777,62723,56489,11.035777,0,0,Null,2024-11-01
1/16/2025 8:56:27 AM,202311,London Area Airports,SOUTHEND,13555,11256,20.424662,13555,11256,20.424662,0,0,Null,2024-11-01
1/16/2025 8:56:27 AM,202311,London Area Airports,STANSTED,2117176,1971055,7.413340,2117176,1971055,7.413340,0,0,Null,2024-11-01
1/16/2025 8:56:27 AM,202311,Other UK Airports,STORNOWAY,8409,9120,-7.796053,8409,8981,-6.369001,0,139,Null,2024-11-01
1/16/2025 8:56:27 AM,202311,Other UK Airports,SUMBURGH,20771,20386,1.888551,20771,20382,1.908547,0,4,Null,2024-11-01
1/16/2025 8:56:27 AM,202311,Other UK Airports,TEESSIDE INTERNATIONAL AIRPORT,12041,13680,-11.980994,12041,13609,-11.521787,0,71,Null,2024-11-01
1/16/2025 8:56:27 AM,202311,Other UK Airports,TIREE,640,719,-10.987483,622,676,-7.988166,18,43,-58.139535,2024-11-01
1/16/2025 8:56:27 AM,202311,Other UK Airports,WICK JOHN O GROATS,654,1007,-35.054618,654,1007,-35.054618,0,0,Null,2024-11-01
2/13/2025 2:50:50 PM,202312,Other UK Airports,ABERDEEN,169354,158504,6.845253,169354,158504,6.845253,0,0,Null,2024-12-01
2/13/2025 2:50:50 PM,202312,Non UK Reporting Airports,ALDERNEY,2815,3186,-11.644696,2815,3186,-11.644696,0,0,Null,2024-12-01
2/13/2025 2:50:50 PM,202312,Other UK Airports,BARRA,476,543,-12.338858,476,543,-12.338858,0,0,Null,2024-12-01
2/13/2025 2:50:50 PM,202312,Other UK Airports,BELFAST CITY (GEORGE BEST),189157,190835,-0.879294,189089,190835,-0.914927,68,0,Null,2024-12-01
2/13/2025 2:50:50 PM,202312,Other UK Airports,BELFAST INTERNATIONAL,495809,453201,9.401568,495809,453201,9.401568,0,0,Null,2024-12-01
2/13/2025 2:50:50 PM,202312,Other UK Airports,BENBECULA,2032,2271,-10.523998,2032,2255,-9.889135,0,16,Null,2024-12-01
2/13/2025 2:50:50 PM,202312,Other UK Airports,BIGGIN HILL,345,317,8.832808,345,317,8.832808,0,0,Null,2024-12-01
2/13/2025 2:50:50 PM,202312,Other UK Airports,BIRMINGHAM,885913,798459,10.952848,885913,798459,10.952848,0,0,Null,2024-12-01
2/13/2025 2:50:50 PM,202312,Other UK Airports,BLACKPOOL,1799,1061,69.557022,1799,1061,69.557022,0,0,Null,2024-12-01
2/13/2025 2:50:50 PM,202312,Other UK Airports,BOURNEMOUTH,53080,48252,10.005803,53080,48252,10.005803,0,0,Null,2024-12-01
2/13/2025 2:50:50 PM,202312,Other UK Airports,BRISTOL,677594,652188,3.895503,677364,652016,3.887635,230,172,33.720930,2024-12-01
2/13/2025 2:50:50 PM,202312,Other UK Airports,CAMPBELTOWN,299,292,2.39726,299,292,2.39726,0,0,Null,2024-12-01
2/13/2025 2:50:50 PM,202312,Other UK Airports,CARDIFF WALES,39556,42062,-5.957872,39556,42062,-5.957872,0,0,Null,2024-12-01
2/13/2025 2:50:50 PM,202312,Other UK Airports,CITY OF DERRY (EGLINTON),20114,10203,97.138097,20114,10203,97.138097,0,0,Null,2024-12-01
2/13/2025 2:50:50 PM,202312,Other UK Airports,DUNDEE,2163,2716,-20.360825,2163,2373,-8.849558,0,343,Null,2024-12-01
2/13/2025 2:50:50 PM,202312,Other UK Airports,EAST MIDLANDS INTERNATIONAL,156329,191343,-18.299075,156329,191343,-18.299075,0,0,Null,2024-12-01
2/13/2025 2:50:50 PM,202312,Other UK Airports,EDINBURGH,1153317,1066685,8.12161,1152981,1066423,8.116667,336,262,28.244275,2024-12-01
2/13/2025 2:50:50 PM,202312,Other UK Airports,EXETER,22181,22761,-2.548218,22181,22761,-2.548218,0,0,Null,2024-12-01
2/13/2025 2:50:50 PM,202312,Other UK Airports,FARNBOROUGH,2728,2693,1.299666,2728,2693,1.299666,0,0,Null,2024-12-01
2/13/2025 2:50:50 PM,202312,London Area Airports,GATWICK,3179796,3096560,2.688015,3179646,3095959,2.703104,150,601,-75.041597,2024-12-01
2/13/2025 2:50:50 PM,202312,Other UK Airports,GLASGOW,546225,513234,6.428062,546225,513074,6.461251,0,160,Null,2024-12-01
2/13/2025 2:50:50 PM,202312,Non UK Reporting Airports,GUERNSEY,49055,53673,-8.603954,49012,53621,-8.595513,43,52,-17.307692,2024-12-01
2/13/2025 2:50:50 PM,202312,London Area Airports,HEATHROW,7077966,6706032,5.54626,7074968,6699244,5.608454,2998,6788,-55.833824,2024-12-01
2/13/2025 2:50:50 PM,202312,Other UK Airports,HUMBERSIDE,10985,10801,1.703546,10985,10801,1.703546,0,0,Null,2024-12-01
2/13/2025 2:50:50 PM,202312,Other UK Airports,INVERNESS,50565,48200,4.906639,50524,48096,5.048237,41,104,-60.576923,2024-12-01
2/13/2025 2:50:50 PM,202312,Other UK Airports,ISLAY,1423,1508,-5.636605,1423,1508,-5.636605,0,0,Null,2024-12-01
2/13/2025 2:50:50 PM,202312,Non UK Reporting Airports,ISLE OF MAN,50858,52183,-2.539141,50858,52183,-2.539141,0,0,Null,2024-12-01
2/13/2025 2:50:50 PM,202312,Other UK Airports,ISLES OF SCILLY (ST.MARYS),2367,2570,-7.898833,2367,2570,-7.898833,0,0,Null,2024-12-01
2/13/2025 2:50:50 PM,202312,Non UK Reporting Airports,JERSEY,99811,107047,-6.759648,99808,107039,-6.755482,3,8,-62.500000,2024-12-01
2/13/2025 2:50:50 PM,202312,Other UK Airports,KIRKWALL,10186,9846,3.453179,9509,9196,3.403654,677,650,4.153846,2024-12-01
2/13/2025 2:50:50 PM,202312,Other UK Airports,LANDS END (ST JUST),2049,2556,-19.835681,2049,2556,-19.835681,0,0,Null,2024-12-01
2/13/2025 2:50:50 PM,202312,Other UK Airports,LEEDS BRADFORD,228898,204723,11.808639,228898,204723,11.808639,0,0,Null,2024-12-01
2/13/2025 2:50:50 PM,202312,Other UK Airports,LERWICK (TINGWALL),122,87,40.229885,122,87,40.229885,0,0,Null,2024-12-01
2/13/2025 2:50:50 PM,202312,Other UK Airports,LIVERPOOL (JOHN LENNON),344294,328119,4.929614,344294,328119,4.929614,0,0,Null,2024-12-01
2/13/2025 2:50:50 PM,202312,London Area Airports,LONDON CITY,280940,279770,0.418201,280940,279770,0.418201,0,0,Null,2024-12-01
2/13/2025 2:50:50 PM,202312,London Area Airports,LUTON,1297918,1229001,5.607563,1297759,1229001,5.594625,159,0,Null,2024-12-01
2/13/2025 2:50:50 PM,202312,Other UK Airports,LYDD,5,7,-28.571429,5,7,-28.571429,0,0,Null,2024-12-01
2/13/2025 2:50:50 PM,202312,Other UK Airports,MANCHESTER,2239719,2017208,11.030642,2236481,2015800,10.947564,3238,1408,129.971591,2024-12-01
2/13/2025 2:50:50 PM,202312,Other UK Airports,NEWCASTLE,317851,293628,8.249554,317851,293628,8.249554,0,0,Null,2024-12-01
2/13/2025 2:50:50 PM,202312,Other UK Airports,NEWQUAY,19402,21707,-10.618694,19402,21707,-10.618694,0,0,Null,2024-12-01
2/13/2025 2:50:50 PM,202312,Other UK Airports,NORWICH,22971,20195,13.745977,22971,20195,13.745977,0,0,Null,2024-12-01
2/13/2025 2:50:50 PM,202312,Other UK Airports,PRESTWICK,24951,20749,20.251578,24951,20749,20.251578,0,0,Null,2024-12-01
2/13/2025 2:50:50 PM,202312,Other UK Airports,SOUTHAMPTON,64797,60902,6.395521,64730,60902,6.285508,67,0,Null,2024-12-01
2/13/2025 2:50:50 PM,202312,London Area Airports,SOUTHEND,15949,14208,12.25366,15949,14208,12.25366,0,0,Null,2024-12-01
2/13/2025 2:50:50 PM,202312,London Area Airports,STANSTED,2206750,2077234,6.235022,2206750,2077234,6.235022,0,0,Null,2024-12-01
2/13/2025 2:50:50 PM,202312,Other UK Airports,STORNOWAY,7295,7899,-7.646538,7295,7831,-6.844592,0,68,Null,2024-12-01
2/13/2025 2:50:50 PM,202312,Other UK Airports,SUMBURGH,20520,17966,14.215741,20520,17916,14.534494,0,50,Null,2024-12-01
2/13/2025 2:50:50 PM,202312,Other UK Airports,TEESSIDE INTERNATIONAL AIRPORT,12381,12260,0.986949,12336,12239,0.792548,45,21,114.285714,2024-12-01
2/13/2025 2:50:50 PM,202312,Other UK Airports,TIREE,448,575,-22.086957,444,568,-21.830986,4,7,-42.857143,2024-12-01
2/13/2025 2:50:50 PM,202312,Other UK Airports,WICK JOHN O GROATS,477,787,-39.390089,477,787,-39.390089,0,0,Null,2024-12-01
3/14/2025 9:47:35 AM,202401,Other UK Airports,ABERDEEN,149243,147266,1.342469,149243,147266,1.342469,0,0,Null,2025-01-01
3/14/2025 9:47:35 AM,202401,Non UK Reporting Airports,ALDERNEY,2456,2931,-16.206073,2456,2931,-16.206073,0,0,Null,2025-01-01
3/14/2025 9:47:35 AM,202401,Other UK Airports,BARRA,509,477,6.708595,507,473,7.188161,2,4,-50.000000,2025-01-01
3/14/2025 9:47:35 AM,202401,Other UK Airports,BELFAST CITY (GEORGE BEST),165373,153226,7.927506,165373,153212,7.937368,0,14,Null,2025-01-01
3/14/2025 9:47:35 AM,202401,Other UK Airports,BELFAST INTERNATIONAL,390629,364664,7.120253,390629,364664,7.120253,0,0,Null,2025-01-01
3/14/2025 9:47:35 AM,202401,Other UK Airports,BENBECULA,1546,1522,1.576873,1546,1522,1.576873,0,0,Null,2025-01-01
3/14/2025 9:47:35 AM,202401,Other UK Airports,BIGGIN HILL,247,118,109.322034,247,118,109.322034,0,0,Null,2025-01-01
3/14/2025 9:47:35 AM,202401,Other UK Airports,BIRMINGHAM,781639,716326,9.117776,780708,716326,8.987807,931,0,Null,2025-01-01
3/14/2025 9:47:35 AM,202401,Other UK Airports,BLACKPOOL,1068,1536,-30.468750,1068,1536,-30.468750,0,0,Null,2025-01-01
3/14/2025 9:47:35 AM,202401,Other UK Airports,BOURNEMOUTH,44728,43720,2.305581,44728,43720,2.305581,0,0,Null,2025-01-01
3/14/2025 9:47:35 AM,202401,Other UK Airports,BRISTOL,560729,519767,7.880839,560572,519362,7.934735,157,405,-61.234568,2025-01-01
3/14/2025 9:47:35 AM,202401,Other UK Airports,CAMPBELTOWN,414,395,4.810127,375,395,-5.063291,39,0,Null,2025-01-01
3/14/2025 9:47:35 AM,202401,Other UK Airports,CARDIFF WALES,37894,35347,7.205703,37894,35347,7.205703,0,0,Null,2025-01-01
3/14/2025 9:47:35 AM,202401,Other UK Airports,CITY OF DERRY (EGLINTON),15064,8575,75.673469,15064,8575,75.673469,0,0,Null,2025-01-01
3/14/2025 9:47:35 AM,202401,Other UK Airports,DUNDEE,1661,2075,-19.951807,1661,1969,-15.642458,0,106,Null,2025-01-01
3/14/2025 9:47:35 AM,202401,Other UK Airports,EAST MIDLANDS INTERNATIONAL,136573,175712,-22.274517,136573,175512,-22.185947,0,200,Null,2025-01-01
3/14/2025 9:47:35 AM,202401,Other UK Airports,EDINBURGH,949376,894763,6.103627,949376,894538,6.130315,0,225,Null,2025-01-01
3/14/2025 9:47:35 AM,202401,Other UK Airports,EXETER,17608,20886,-15.694724,17608,20886,-15.694724,0,0,Null,2025-01-01
3/14/2025 9:47:35 AM,202401,Other UK Airports,FARNBOROUGH,2262,2376,-4.797980,2262,2376,-4.797980,0,0,Null,2025-01-01
3/14/2025 9:47:35 AM,202401,London Area Airports,GATWICK,2542892,2370450,7.274652,2541908,2370018,7.252688,984,432,127.777778,2025-01-01
3/14/2025 9:47:35 AM,202401,Other UK Airports,GLASGOW,469823,432447,8.642909,469823,432447,8.642909,0,0,Null,2025-01-01
3/14/2025 9:47:35 AM,202401,Non UK Reporting Airports,GUERNSEY,39751,40454,-1.737776,39720,40454,-1.814406,31,0,Null,2025-01-01
3/14/2025 9:47:35 AM,202401,London Area Airports,HEATHROW,6324137,6004576,5.321958,6319244,5996142,5.388498,4893,8434,-41.984823,2025-01-01
3/14/2025 9:47:35 AM,202401,Other UK Airports,HUMBERSIDE,10016,9577,4.583899,10016,9577,4.583899,0,0,Null,2025-01-01
3/14/2025 9:47:35 AM,202401,Other UK Airports,INVERNESS,42151,37209,13.281733,42110,37183,13.250679,41,26,57.692308,2025-01-01
3/14/2025 9:47:35 AM,202401,Other UK Airports,ISLAY,1388,1280,8.437500,1388,1280,8.437500,0,0,Null,2025-01-01
3/14/2025 9:47:35 AM,202401,Non UK Reporting Airports,ISLE OF MAN,39462,37080,6.423948,39462,37080,6.423948,0,0,Null,2025-01-01
3/14/2025 9:47:35 AM,202401,Other UK Airports,ISLES OF SCILLY (ST.MARYS),2511,2346,7.033248,2511,2346,7.033248,0,0,Null,2025-01-01
3/14/2025 9:47:35 AM,202401,Non UK Reporting Airports,JERSEY,77283,76544,0.965458,77283,76544,0.965458,0,0,Null,2025-01-01
3/14/2025 9:47:35 AM,202401,Other UK Airports,KIRKWALL,8855,7524,17.690058,8309,6979,19.057172,546,545,0.183486,2025-01-01
3/14/2025 9:47:35 AM,202401,Other UK Airports,LANDS END (ST JUST),2080,2115,-1.654846,2080,2115,-1.654846,0,0,Null,2025-01-01
3/14/2025 9:47:35 AM,202401,Other UK Airports,LEEDS BRADFORD,197442,183548,7.569682,197442,183548,7.569682,0,0,Null,2025-01-01
3/14/2025 9:47:35 AM,202401,Other UK Airports,LERWICK (TINGWALL),126,127,-0.787402,126,127,-0.787402,0,0,Null,2025-01-01
3/14/2025 9:47:35 AM,202401,Other UK Airports,LIVERPOOL (JOHN LENNON),301329,273739,10.078944,301329,273561,10.150570,0,178,Null,2025-01-01
3/14/2025 9:47:35 AM,202401,London Area Airports,LONDON CITY,229818,215374,6.706473,229818,215374,6.706473,0,0,Null,2025-01-01
3/14/2025 9:47:35 AM,202401,London Area Airports,LUTON,1140509,1019360,11.884810,1140509,1019360,11.884810,0,0,Null,2025-01-01
3/14/2025 9:47:35 AM,202401,Other UK Airports,LYDD,1,0,Null,1,0,Null,0,0,Null,2025-01-01
3/14/2025 9:47:35 AM,202401,Other UK Airports,MANCHESTER,1941101,1790158,8.431826,1937964,1788581,8.352040,3137,1577,98.922004,2025-01-01
3/14/2025 9:47:35 AM,202401,Other UK Airports,NEWCASTLE,279356,263165,6.152414,279356,263042,6.202051,0,123,Null,2025-01-01
3/14/2025 9:47:35 AM,202401,Other UK Airports,NEWQUAY,15255,18325,-16.753070,15255,18325,-16.753070,0,0,Null,2025-01-01
3/14/2025 9:47:35 AM,202401,Other UK Airports,NORWICH,20347,15863,28.267037,20347,15863,28.267037,0,0,Null,2025-01-01
3/14/2025 9:47:35 AM,202401,Other UK Airports,PRESTWICK,21665,20902,3.650368,21665,20902,3.650368,0,0,Null,2025-01-01
3/14/2025 9:47:35 AM,202401,Other UK Airports,SOUTHAMPTON,52131,50441,3.350449,52131,50441,3.350449,0,0,Null,2025-01-01
3/14/2025 9:47:35 AM,202401,London Area Airports,SOUTHEND,10967,11302,-2.964077,10967,11302,-2.964077,0,0,Null,2025-01-01
3/14/2025 9:47:35 AM,202401,London Area Airports,STANSTED,1844805,1946934,-5.245632,1844805,1946934,-5.245632,0,0,Null,2025-01-01
3/14/2025 9:47:35 AM,202401,Other UK Airports,STORNOWAY,6004,5840,2.808219,6004,5785,3.785653,0,55,Null,2025-01-01
3/14/2025 9:47:35 AM,202401,Other UK Airports,SUMBURGH,19610,15147,29.464580,19584,15011,30.464326,26,136,-80.882353,2025-01-01
3/14/2025 9:47:35 AM,202401,Other UK Airports,TEESSIDE INTERNATIONAL AIRPORT,11344,12026,-5.671046,11291,12015,-6.025801,53,11,381.818182,2025-01-01
3/14/2025 9:47:35 AM,202401,Other UK Airports,TIREE,553,417,32.613909,494,399,23.809524,59,18,227.777778,2025-01-01
3/14/2025 9:47:35 AM,202401,Other UK Airports,WICK JOHN O GROATS,589,706,-16.572238,589,706,-16.572238,0,0,Null,2025-01-01
4/16/2025 9:31:15 AM,202402,Other UK Airports,ABERDEEN,154494,156482,-1.270434,154459,156482,-1.2928,35,0,Null,2025-02-01
4/16/2025 9:31:15 AM,202402,Non UK Reporting Airports,ALDERNEY,2913,2756,5.696662,2913,2756,5.696662,0,0,Null,2025-02-01
4/16/2025 9:31:15 AM,202402,Other UK Airports,BARRA,676,686,-1.457726,676,683,-1.02489,0,3,Null,2025-02-01
4/16/2025 9:31:15 AM,202402,Other UK Airports,BELFAST CITY (GEORGE BEST),177746,177630,0.065304,177746,177630,0.065304,0,0,Null,2025-02-01
4/16/2025 9:31:15 AM,202402,Other UK Airports,BELFAST INTERNATIONAL,465109,451515,3.010753,465109,451515,3.010753,0,0,Null,2025-02-01
4/16/2025 9:31:15 AM,202402,Other UK Airports,BENBECULA,1707,2093,-18.442427,1707,2093,-18.442427,0,0,Null,2025-02-01
4/16/2025 9:31:15 AM,202402,Other UK Airports,BIGGIN HILL,539,249,116.465863,539,249,116.465863,0,0,Null,2025-02-01
4/16/2025 9:31:15 AM,202402,Other UK Airports,BIRMINGHAM,819761,772060,6.178406,819761,772060,6.178406,0,0,Null,2025-02-01
4/16/2025 9:31:15 AM,202402,Other UK Airports,BLACKPOOL,1676,1374,21.979622,1676,1374,21.979622,0,0,Null,2025-02-01
4/16/2025 9:31:15 AM,202402,Other UK Airports,BOURNEMOUTH,56125,45130,24.362951,56121,45130,24.354088,4,0,Null,2025-02-01
4/16/2025 9:31:15 AM,202402,Other UK Airports,BRISTOL,656983,606785,8.272782,656825,606569,8.28529,158,216,-26.851852,2025-02-01
4/16/2025 9:31:15 AM,202402,Other UK Airports,CAMPBELTOWN,424,465,-8.817204,424,444,-4.504505,0,21,Null,2025-02-01
4/16/2025 9:31:15 AM,202402,Other UK Airports,CARDIFF WALES,45284,41466,9.207544,45284,41466,9.207544,0,0,Null,2025-02-01
4/16/2025 9:31:15 AM,202402,Other UK Airports,CITY OF DERRY (EGLINTON),17313,9192,88.348564,17313,9192,88.348564,0,0,Null,2025-02-01
4/16/2025 9:31:15 AM,202402,Other UK Airports,DUNDEE,1739,2115,-17.777778,1739,2115,-17.777778,0,0,Null,2025-02-01
4/16/2025 9:31:15 AM,202402,Other UK Airports,EAST MIDLANDS INTERNATIONAL,142507,183232,-22.225921,142507,183232,-22.225921,0,0,Null,2025-02-01
4/16/2025 9:31:15 AM,202402,Other UK Airports,EDINBURGH,1016219,948005,7.195532,1016219,948005,7.195532,0,0,Null,2025-02-01
4/16/2025 9:31:15 AM,202402,Other UK Airports,EXETER,18560,21700,-14.470046,18560,21700,-14.470046,0,0,Null,2025-02-01
4/16/2025 9:31:15 AM,202402,Other UK Airports,FARNBOROUGH,2248,2623,-14.296607,2248,2623,-14.296607,0,0,Null,2025-02-01
4/16/2025 9:31:15 AM,202402,London Area Airports,GATWICK,2743711,2772374,-1.033879,2743711,2771652,-1.008099,0,722,Null,2025-02-01
4/16/2025 9:31:15 AM,202402,Other UK Airports,GLASGOW,491097,475854,3.203293,491097,475271,3.32989,0,583,Null,2025-02-01
4/16/2025 9:31:15 AM,202402,Non UK Reporting Airports,GUERNSEY,43767,43173,1.37586,43717,43173,1.260047,50,0,Null,2025-02-01
4/16/2025 9:31:15 AM,202402,London Area Airports,HEATHROW,5713253,5801997,-1.529542,5709132,5795633,-1.49252,4121,6364,-35.245129,2025-02-01
4/16/2025 9:31:15 AM,202402,Other UK Airports,HUMBERSIDE,10520,10150,3.64532,10520,10150,3.64532,0,0,Null,2025-02-01
4/16/2025 9:31:15 AM,202402,Other UK Airports,INVERNESS,45881,43964,4.360386,45847,43956,4.302029,34,8,325.000000,2025-02-01
4/16/2025 9:31:15 AM,202402,Other UK Airports,ISLAY,1813,1736,4.435484,1813,1736,4.435484,0,0,Null,2025-02-01
4/16/2025 9:31:15 AM,202402,Non UK Reporting Airports,ISLE OF MAN,46292,45372,2.027682,46292,45372,2.027682,0,0,Null,2025-02-01
4/16/2025 9:31:15 AM,202402,Other UK Airports,ISLES OF SCILLY (ST.MARYS),2952,2554,15.583399,2952,2554,15.583399,0,0,Null,2025-02-01
4/16/2025 9:31:15 AM,202402,Non UK Reporting Airports,JERSEY,87946,87380,0.647745,87946,87380,0.647745,0,0,Null,2025-02-01
4/16/2025 9:31:15 AM,202402,Other UK Airports,KIRKWALL,10137,10662,-4.924029,9380,8817,6.385392,757,1845,-58.970190,2025-02-01
4/16/2025 9:31:15 AM,202402,Other UK Airports,LANDS END (ST JUST),2440,2242,8.831401,2440,2242,8.831401,0,0,Null,2025-02-01
4/16/2025 9:31:15 AM,202402,Other UK Airports,LEEDS BRADFORD,228584,207557,10.130711,228584,207557,10.130711,0,0,Null,2025-02-01
4/16/2025 9:31:15 AM,202402,Other UK Airports,LERWICK (TINGWALL),177,153,15.686275,177,153,15.686275,0,0,Null,2025-02-01
4/16/2025 9:31:15 AM,202402,Other UK Airports,LIVERPOOL (JOHN LENNON),336121,299183,12.34629,336121,299183,12.34629,0,0,Null,2025-02-01
4/16/2025 9:31:15 AM,202402,London Area Airports,LONDON CITY,254443,251844,1.031988,254443,251844,1.031988,0,0,Null,2025-02-01
4/16/2025 9:31:15 AM,202402,London Area Airports,LUTON,1184162,1136905,4.156636,1183984,1136815,4.149224,178,90,97.777778,2025-02-01
4/16/2025 9:31:15 AM,202402,Other UK Airports,MANCHESTER,2012172,1899430,5.93557,2009620,1898148,5.872672,2552,1282,99.063963,2025-02-01
4/16/2025 9:31:15 AM,202402,Other UK Airports,NEWCASTLE,298765,276472,8.063384,298765,276379,8.099747,0,93,Null,2025-02-01
4/16/2025 9:31:15 AM,202402,Other UK Airports,NEWQUAY,16872,22947,-26.474049,16868,22947,-26.49148,4,0,Null,2025-02-01
4/16/2025 9:31:15 AM,202402,Other UK Airports,NORWICH,21088,18379,14.739649,21088,18379,14.739649,0,0,Null,2025-02-01
4/16/2025 9:31:15 AM,202402,Other UK Airports,PRESTWICK,25267,18110,39.519602,25267,18110,39.519602,0,0,Null,2025-02-01
4/16/2025 9:31:15 AM,202402,Other UK Airports,SOUTHAMPTON,58631,58553,0.133213,58631,58482,0.254779,0,71,Null,2025-02-01
4/16/2025 9:31:15 AM,202402,London Area Airports,SOUTHEND,14698,15457,-4.910397,14698,15457,-4.910397,0,0,Null,2025-02-01
4/16/2025 9:31:15 AM,202402,London Area Airports,STANSTED,1998004,1919756,4.075935,1998004,1919756,4.075935,0,0,Null,2025-02-01
4/16/2025 9:31:15 AM,202402,Other UK Airports,STORNOWAY,6851,7150,-4.181818,6851,7083,-3.275448,0,67,Null,2025-02-01
4/16/2025 9:31:15 AM,202402,Other UK Airports,SUMBURGH,20193,21985,-8.151012,20179,21415,-5.771655,14,570,-97.543860,2025-02-01
4/16/2025 9:31:15 AM,202402,Other UK Airports,TEESSIDE INTERNATIONAL AIRPORT,11768,13171,-10.65219,11768,13171,-10.65219,0,0,Null,2025-02-01
4/16/2025 9:31:15 AM,202402,Other UK Airports,TIREE,630,679,-7.216495,614,637,-3.610675,16,42,-61.904762,2025-02-01
4/16/2025 9:31:15 AM,202402,Other UK Airports,WICK JOHN O GROATS,550,843,-34.756821,550,843,-34.756821,0,0,Null,2025-02-01
5/13/2025 2:49:30 PM,202403,Other UK Airports,ABERDEEN,173821,174666,-0.48378,173821,174666,-0.48378,0,0,Null,2025-03-01
5/13/2025 2:49:30 PM,202403,Non UK Reporting Airports,ALDERNEY,3588,3761,-4.59984,3588,3761,-4.59984,0,0,Null,2025-03-01
5/13/2025 2:49:30 PM,202403,Other UK Airports,BARRA,938,789,18.884664,938,789,18.884664,0,0,Null,2025-03-01
5/13/2025 2:49:30 PM,202403,Other UK Airports,BELFAST CITY (GEORGE BEST),198496,205287,-3.308052,198496,205287,-3.308052,0,0,Null,2025-03-01
5/13/2025 2:49:30 PM,202403,Other UK Airports,BELFAST INTERNATIONAL,507361,509163,-0.353914,507361,509163,-0.353914,0,0,Null,2025-03-01
5/13/2025 2:49:30 PM,202403,Other UK Airports,BENBECULA,1939,1991,-2.611753,1938,1991,-2.661979,1,0,Null,2025-03-01
5/13/2025 2:49:30 PM,202403,Other UK Airports,BIGGIN HILL,319,190,67.894737,319,190,67.894737,0,0,Null,2025-03-01
5/13/2025 2:49:30 PM,202403,Other UK Airports,BIRMINGHAM,947510,912547,3.831364,947510,912192,3.871773,0,355,Null,2025-03-01
5/13/2025 2:49:30 PM,202403,Other UK Airports,BLACKPOOL,1453,1520,-4.407895,1453,1520,-4.407895,0,0,Null,2025-03-01
5/13/2025 2:49:30 PM,202403,Other UK Airports,BOURNEMOUTH,68303,53830,26.886495,68303,53830,26.886495,0,0,Null,2025-03-01
5/13/2025 2:49:30 PM,202403,Other UK Airports,BRISTOL,763688,738356,3.430865,763541,738165,3.437714,147,191,-23.036649,2025-03-01
5/13/2025 2:49:30 PM,202403,Other UK Airports,CAMPBELTOWN,507,563,-9.946714,507,563,-9.946714,0,0,Null,2025-03-01
5/13/2025 2:49:30 PM,202403,Other UK Airports,CARDIFF WALES,47909,58172,-17.642508,47909,58172,-17.642508,0,0,Null,2025-03-01
5/13/2025 2:49:30 PM,202403,Other UK Airports,CITY OF DERRY (EGLINTON),17431,10604,64.381366,17431,10604,64.381366,0,0,Null,2025-03-01
5/13/2025 2:49:30 PM,202403,Other UK Airports,DUNDEE,1924,2718,-29.212656,1897,2282,-16.871166,27,436,-93.807339,2025-03-01
5/13/2025 2:49:30 PM,202403,Other UK Airports,EAST MIDLANDS INTERNATIONAL,200133,240182,-16.674439,200133,240182,-16.674439,0,0,Null,2025-03-01
5/13/2025 2:49:30 PM,202403,Other UK Airports,EDINBURGH,1190545,1118057,6.48339,1190545,1117970,6.491677,0,87,Null,2025-03-01
5/13/2025 2:49:30 PM,202403,Other UK Airports,EXETER,25653,24385,5.199918,25653,24385,5.199918,0,0,Null,2025-03-01
5/13/2025 2:49:30 PM,202403,Other UK Airports,FARNBOROUGH,2384,2717,-12.256165,2384,2717,-12.256165,0,0,Null,2025-03-01
5/13/2025 2:49:30 PM,202403,London Area Airports,GATWICK,3146347,3191689,-1.420627,3146106,3191365,-1.418171,241,324,-25.617284,2025-03-01
5/13/2025 2:49:30 PM,202403,Other UK Airports,GLASGOW,586778,568517,3.212041,586592,568517,3.179324,186,0,Null,2025-03-01
5/13/2025 2:49:30 PM,202403,Non UK Reporting Airports,GUERNSEY,52498,53807,-2.432769,52463,53807,-2.497816,35,0,Null,2025-03-01
5/13/2025 2:49:30 PM,202403,London Area Airports,HEATHROW,6220512,6726250,-7.51887,6218116,6725714,-7.547124,2396,536,347.014925,2025-03-01
5/13/2025 2:49:30 PM,202403,Other UK Airports,HUMBERSIDE,11555,11554,0.008655,11555,11554,0.008655,0,0,Null,2025-03-01
5/13/2025 2:49:30 PM,202403,Other UK Airports,INVERNESS,54684,51219,6.765068,54631,51198,6.70534,53,21,152.380952,2025-03-01
5/13/2025 2:49:30 PM,202403,Other UK Airports,ISLAY,2715,2591,4.785797,2715,2591,4.785797,0,0,Null,2025-03-01
5/13/2025 2:49:30 PM,202403,Non UK Reporting Airports,ISLE OF MAN,50682,51761,-2.084581,50682,51761,-2.084581,0,0,Null,2025-03-01
5/13/2025 2:49:30 PM,202403,Other UK Airports,ISLES OF SCILLY (ST.MARYS),3982,3504,13.641553,3982,3504,13.641553,0,0,Null,2025-03-01
5/13/2025 2:49:30 PM,202403,Non UK Reporting Airports,JERSEY,104587,106622,-1.908612,104581,106622,-1.914239,6,0,Null,2025-03-01
5/13/2025 2:49:30 PM,202403,Other UK Airports,KIRKWALL,11810,12233,-3.45786,11153,10274,8.555577,657,1959,-66.462481,2025-03-01
5/13/2025 2:49:30 PM,202403,Other UK Airports,LANDS END (ST JUST),3042,3031,0.362917,3042,3016,0.862069,0,15,Null,2025-03-01
5/13/2025 2:49:30 PM,202403,Other UK Airports,LEEDS BRADFORD,279945,265727,5.350604,279945,265580,5.408916,0,147,Null,2025-03-01
5/13/2025 2:49:30 PM,202403,Other UK Airports,LERWICK (TINGWALL),218,220,-0.909091,218,220,-0.909091,0,0,Null,2025-03-01
5/13/2025 2:49:30 PM,202403,Other UK Airports,LIVERPOOL (JOHN LENNON),403398,341875,17.995759,403398,341875,17.995759,0,0,Null,2025-03-01
5/13/2025 2:49:30 PM,202403,London Area Airports,LONDON CITY,306648,287650,6.604554,306648,287650,6.604554,0,0,Null,2025-03-01
5/13/2025 2:49:30 PM,202403,London Area Airports,LUTON,1334231,1255771,6.247954,1334095,1255771,6.237124,136,0,Null,2025-03-01
5/13/2025 2:49:30 PM,202403,Other UK Airports,MANCHESTER,2241820,2150162,4.262842,2238629,2148774,4.181687,3191,1388,129.899135,2025-03-01
5/13/2025 2:49:30 PM,202403,Other UK Airports,NEWCASTLE,356036,339130,4.985109,356036,338888,5.060079,0,242,Null,2025-03-01
5/13/2025 2:49:30 PM,202403,Other UK Airports,NEWQUAY,23630,29807,-20.72332,23630,29807,-20.72332,0,0,Null,2025-03-01
5/13/2025 2:49:30 PM,202403,Other UK Airports,NORWICH,24625,19473,26.457146,24625,19473,26.457146,0,0,Null,2025-03-01
5/13/2025 2:49:30 PM,202403,Other UK Airports,PRESTWICK,35302,28114,25.567333,35302,28114,25.567333,0,0,Null,2025-03-01
5/13/2025 2:49:30 PM,202403,Other UK Airports,SOUTHAMPTON,68717,67160,2.318344,68717,67160,2.318344,0,0,Null,2025-03-01
5/13/2025 2:49:30 PM,202403,London Area Airports,SOUTHEND,17795,15078,18.019631,17795,15078,18.019631,0,0,Null,2025-03-01
5/13/2025 2:49:30 PM,202403,London Area Airports,STANSTED,2291560,2185239,4.865417,2291560,2185239,4.865417,0,0,Null,2025-03-01
5/13/2025 2:49:30 PM,202403,Other UK Airports,STORNOWAY,8317,8262,0.665698,8317,8203,1.389735,0,59,Null,2025-03-01
5/13/2025 2:49:30 PM,202403,Other UK Airports,SUMBURGH,22100,22967,-3.774981,22100,22453,-1.572173,0,514,Null,2025-03-01
5/13/2025 2:49:30 PM,202403,Other UK Airports,TEESSIDE INTERNATIONAL AIRPORT,15181,14396,5.452904,15152,14396,5.251459,29,0,Null,2025-03-01
5/13/2025 2:49:30 PM,202403,Other UK Airports,TIREE,707,718,-1.532033,705,706,-0.141643,2,12,-83.333333,2025-03-01
5/13/2025 2:49:30 PM,202403,Other UK Airports,WICK JOHN O GROATS,646,994,-35.01006,646,994,-35.01006,0,0,Null,2025-03-01
6/16/2025 10:58:05 AM,202404,Other UK Airports,ABERDEEN,189632,189148,0.255884,189632,189148,0.255884,0,0,Null,2025-04-01
6/16/2025 10:58:05 AM,202404,Non UK Reporting Airports,ALDERNEY,4177,4099,1.902903,4177,4099,1.902903,0,0,Null,2025-04-01
6/16/2025 10:58:05 AM,202404,Other UK Airports,BARRA,1147,856,33.995327,1147,856,33.995327,0,0,Null,2025-04-01
6/16/2025 10:58:05 AM,202404,Other UK Airports,BELFAST CITY (GEORGE BEST),197920,193160,2.464278,197920,193160,2.464278,0,0,Null,2025-04-01
6/16/2025 10:58:05 AM,202404,Other UK Airports,BELFAST INTERNATIONAL,552566,555835,-0.588124,552566,555835,-0.588124,0,0,Null,2025-04-01
6/16/2025 10:58:05 AM,202404,Other UK Airports,BENBECULA,2372,2018,17.542121,2369,1995,18.746867,3,23,-86.956522,2025-04-01
6/16/2025 10:58:05 AM,202404,Other UK Airports,BIGGIN HILL,395,339,16.519174,395,339,16.519174,0,0,Null,2025-04-01
6/16/2025 10:58:05 AM,202404,Other UK Airports,BIRMINGHAM,1090931,989116,10.293535,1090931,989116,10.293535,0,0,Null,2025-04-01
6/16/2025 10:58:05 AM,202404,Other UK Airports,BLACKPOOL,1942,1379,40.826686,1942,1379,40.826686,0,0,Null,2025-04-01
6/16/2025 10:58:05 AM,202404,Other UK Airports,BOURNEMOUTH,105482,86068,22.556583,105482,86068,22.556583,0,0,Null,2025-04-01
6/16/2025 10:58:05 AM,202404,Other UK Airports,BRISTOL,893015,869074,2.754771,893015,868895,2.775940,0,179,Null,2025-04-01
6/16/2025 10:58:05 AM,202404,Other UK Airports,CAMPBELTOWN,678,585,15.897436,678,585,15.897436,0,0,Null,2025-04-01
6/16/2025 10:58:05 AM,202404,Other UK Airports,CARDIFF WALES,58461,52353,11.666953,58461,52353,11.666953,0,0,Null,2025-04-01
6/16/2025 10:58:05 AM,202404,Other UK Airports,CITY OF DERRY (EGLINTON),17434,14662,18.906016,17434,14662,18.906016,0,0,Null,2025-04-01
6/16/2025 10:58:05 AM,202404,Other UK Airports,DUNDEE,2762,3123,-11.559398,2188,2395,-8.643006,574,728,-21.153846,2025-04-01
6/16/2025 10:58:05 AM,202404,Other UK Airports,EAST MIDLANDS INTERNATIONAL,319449,328703,-2.815307,319449,328703,-2.815307,0,0,Null,2025-04-01
6/16/2025 10:58:05 AM,202404,Other UK Airports,EDINBURGH,1393452,1283382,8.576558,1393452,1283382,8.576558,0,0,Null,2025-04-01
6/16/2025 10:58:05 AM,202404,Other UK Airports,EXETER,42761,34200,25.032164,42761,34200,25.032164,0,0,Null,2025-04-01
6/16/2025 10:58:05 AM,202404,Other UK Airports,FARNBOROUGH,2532,2575,-1.669903,2532,2575,-1.669903,0,0,Null,2025-04-01
6/16/2025 10:58:05 AM,202404,London Area Airports,GATWICK,3556618,3467333,2.575034,3556255,3466713,2.582908,363,620,-41.451613,2025-04-01
6/16/2025 10:58:05 AM,202404,Other UK Airports,GLASGOW,669761,637960,4.984795,669645,637314,5.073010,116,646,-82.043344,2025-04-01
6/16/2025 10:58:05 AM,202404,Non UK Reporting Airports,GUERNSEY,57839,55805,3.644835,57776,55786,3.567203,63,19,231.578947,2025-04-01
6/16/2025 10:58:05 AM,202404,London Area Airports,HEATHROW,7099310,6705732,5.869277,7098836,6705450,5.866661,474,282,68.085106,2025-04-01
6/16/2025 10:58:05 AM,202404,Other UK Airports,HUMBERSIDE,12410,10701,15.970470,12410,10701,15.970470,0,0,Null,2025-04-01
6/16/2025 10:58:05 AM,202404,Other UK Airports,INVERNESS,79035,74380,6.258403,78759,74325,5.965691,276,55,401.818182,2025-04-01
6/16/2025 10:58:05 AM,202404,Other UK Airports,ISLAY,2874,2873,0.034807,2874,2873,0.034807,0,0,Null,2025-04-01
6/16/2025 10:58:05 AM,202404,Non UK Reporting Airports,ISLE OF MAN,47170,49401,-4.516103,47100,49401,-4.657800,70,0,Null,2025-04-01
6/16/2025 10:58:05 AM,202404,Other UK Airports,ISLES OF SCILLY (ST.MARYS),7119,5075,40.275862,7119,5075,40.275862,0,0,Null,2025-04-01
6/16/2025 10:58:05 AM,202404,Non UK Reporting Airports,JERSEY,122900,118664,3.569743,122886,118664,3.557945,14,0,Null,2025-04-01
6/16/2025 10:58:05 AM,202404,Other UK Airports,KIRKWALL,13176,12661,4.067609,12290,10531,16.703067,886,2130,-58.403756,2025-04-01
6/16/2025 10:58:05 AM,202404,Other UK Airports,LANDS END (ST JUST),5264,4206,25.154541,5241,4185,25.232975,23,21,9.523810,2025-04-01
6/16/2025 10:58:05 AM,202404,Other UK Airports,LEEDS BRADFORD,365033,312032,16.985758,365033,311948,17.017259,0,84,Null,2025-04-01
6/16/2025 10:58:05 AM,202404,Other UK Airports,LERWICK (TINGWALL),322,217,48.387097,322,217,48.387097,0,0,Null,2025-04-01
6/16/2025 10:58:05 AM,202404,Other UK Airports,LIVERPOOL (JOHN LENNON),465418,430200,8.186425,465418,430200,8.186425,0,0,Null,2025-04-01
6/16/2025 10:58:05 AM,202404,London Area Airports,LONDON CITY,313986,290967,7.911206,313986,290967,7.911206,0,0,Null,2025-04-01
6/16/2025 10:58:05 AM,202404,London Area Airports,LUTON,1527436,1440344,6.046611,1527353,1439848,6.077378,83,496,-83.266129,2025-04-01
6/16/2025 10:58:05 AM,202404,Other UK Airports,LYDD,1,0,Null,1,0,Null,0,0,Null,2025-04-01
6/16/2025 10:58:05 AM,202404,Other UK Airports,MANCHESTER,2632285,2414033,9.040970,2631970,2411741,9.131536,315,2292,-86.256545,2025-04-01
6/16/2025 10:58:05 AM,202404,Other UK Airports,NEWCASTLE,423471,388922,8.883272,423471,388706,8.943778,0,216,Null,2025-04-01
6/16/2025 10:58:05 AM,202404,Other UK Airports,NEWQUAY,34118,32478,5.049572,34103,32478,5.003387,15,0,Null,2025-04-01
6/16/2025 10:58:05 AM,202404,Other UK Airports,NORWICH,31437,29471,6.670965,31437,29471,6.670965,0,0,Null,2025-04-01
6/16/2025 10:58:05 AM,202404,Other UK Airports,PRESTWICK,66209,53446,23.880178,66209,53342,24.121705,0,104,Null,2025-04-01
6/16/2025 10:58:05 AM,202404,Other UK Airports,SOUTHAMPTON,76515,64734,18.199092,76515,64684,18.290458,0,50,Null,2025-04-01
6/16/2025 10:58:05 AM,202404,London Area Airports,SOUTHEND,75466,15971,372.518941,75466,15971,372.518941,0,0,Null,2025-04-01
6/16/2025 10:58:05 AM,202404,London Area Airports,STANSTED,2509637,2479728,1.206140,2509637,2479724,1.206304,0,4,Null,2025-04-01
6/16/2025 10:58:05 AM,202404,Other UK Airports,STORNOWAY,8282,8054,2.830891,8282,8054,2.830891,0,0,Null,2025-04-01
6/16/2025 10:58:05 AM,202404,Other UK Airports,SUMBURGH,24155,24463,-1.259044,24155,23759,1.666737,0,704,Null,2025-04-01
6/16/2025 10:58:05 AM,202404,Other UK Airports,TEESSIDE INTERNATIONAL AIRPORT,22448,17684,26.939606,22397,17684,26.651210,51,0,Null,2025-04-01
6/16/2025 10:58:05 AM,202404,Other UK Airports,TIREE,1047,659,58.877086,1024,656,56.097561,23,3,666.666667,2025-04-01
6/16/2025 10:58:05 AM,202404,Other UK Airports,WICK JOHN O GROATS,655,887,-26.155581,655,887,-26.155581,0,0,Null,2025-04-01
7/16/2025 11:01:55 AM,202405,Other UK Airports,ABERDEEN,203135,203708,-0.281285,203135,203708,-0.281285,0,0,Null,2025-05-01
7/16/2025 11:01:55 AM,202405,Non UK Reporting Airports,ALDERNEY,4291,4560,-5.899123,4291,4560,-5.899123,0,0,Null,2025-05-01
7/16/2025 11:01:55 AM,202405,Other UK Airports,BARRA,1309,1186,10.370995,1309,1186,10.370995,0,0,Null,2025-05-01
7/16/2025 11:01:55 AM,202405,Other UK Airports,BELFAST CITY (GEORGE BEST),198100,210261,-5.783764,198100,210261,-5.783764,0,0,Null,2025-05-01
7/16/2025 11:01:55 AM,202405,Other UK Airports,BELFAST INTERNATIONAL,599543,631539,-5.066354,599543,631539,-5.066354,0,0,Null,2025-05-01
7/16/2025 11:01:55 AM,202405,Other UK Airports,BENBECULA,2794,2316,20.639033,2794,2316,20.639033,0,0,Null,2025-05-01
7/16/2025 11:01:55 AM,202405,Other UK Airports,BIGGIN HILL,1019,1300,-21.615385,1019,1300,-21.615385,0,0,Null,2025-05-01
7/16/2025 11:01:55 AM,202405,Other UK Airports,BIRMINGHAM,1263991,1176265,7.458013,1263729,1176265,7.435739,262,0,Null,2025-05-01
7/16/2025 11:01:55 AM,202405,Other UK Airports,BLACKPOOL,1198,1402,-14.550642,1198,1402,-14.550642,0,0,Null,2025-05-01
7/16/2025 11:01:55 AM,202405,Other UK Airports,BOURNEMOUTH,146487,113343,29.242212,146487,113343,29.242212,0,0,Null,2025-05-01
7/16/2025 11:01:55 AM,202405,Other UK Airports,BRISTOL,1040187,1044874,-0.448571,1040187,1044847,-0.445998,0,27,Null,2025-05-01
7/16/2025 11:01:55 AM,202405,Other UK Airports,CAMPBELTOWN,869,843,3.084223,866,843,2.728351,3,0,Null,2025-05-01
7/16/2025 11:01:55 AM,202405,Other UK Airports,CARDIFF WALES,98763,84741,16.54689,98763,84741,16.54689,0,0,Null,2025-05-01
7/16/2025 11:01:55 AM,202405,Other UK Airports,CITY OF DERRY (EGLINTON),18987,15402,23.276198,18987,15402,23.276198,0,0,Null,2025-05-01
7/16/2025 11:01:55 AM,202405,Other UK Airports,DUNDEE,3068,3484,-11.940299,2374,2694,-11.878248,694,790,-12.151899,2025-05-01
7/16/2025 11:01:55 AM,202405,Other UK Airports,EAST MIDLANDS INTERNATIONAL,446768,434909,2.726777,446768,434909,2.726777,0,0,Null,2025-05-01
7/16/2025 11:01:55 AM,202405,Other UK Airports,EDINBURGH,1575941,1494105,5.477259,1575941,1494105,5.477259,0,0,Null,2025-05-01
7/16/2025 11:01:55 AM,202405,Other UK Airports,EXETER,58815,47461,23.9228,58815,47461,23.9228,0,0,Null,2025-05-01
7/16/2025 11:01:55 AM,202405,Other UK Airports,FARNBOROUGH,3670,3380,8.579882,3670,3380,8.579882,0,0,Null,2025-05-01
7/16/2025 11:01:55 AM,202405,London Area Airports,GATWICK,3889244,3904579,-0.392744,3888864,3903979,-0.387169,380,600,-36.666667,2025-05-01
7/16/2025 11:01:55 AM,202405,Other UK Airports,GLASGOW,778846,796343,-2.197169,778556,795852,-2.173268,290,491,-40.936864,2025-05-01
7/16/2025 11:01:55 AM,202405,Non UK Reporting Airports,GUERNSEY,66466,64362,3.26901,66072,64135,3.020192,394,227,73.568282,2025-05-01
7/16/2025 11:01:55 AM,202405,London Area Airports,HEATHROW,7204362,7175463,0.402748,7204092,7175463,0.398985,270,0,Null,2025-05-01
7/16/2025 11:01:55 AM,202405,Other UK Airports,HUMBERSIDE,16010,12837,24.717613,16010,12837,24.717613,0,0,Null,2025-05-01
7/16/2025 11:01:55 AM,202405,Other UK Airports,INVERNESS,84392,81413,3.659121,84137,81359,3.414496,255,54,372.222222,2025-05-01
7/16/2025 11:01:55 AM,202405,Other UK Airports,ISLAY,3409,3379,0.887837,3409,3379,0.887837,0,0,Null,2025-05-01
7/16/2025 11:01:55 AM,202405,Non UK Reporting Airports,ISLE OF MAN,57201,60664,-5.708493,57201,60664,-5.708493,0,0,Null,2025-05-01
7/16/2025 11:01:55 AM,202405,Other UK Airports,ISLES OF SCILLY (ST.MARYS),9445,9525,-0.839895,9445,9525,-0.839895,0,0,Null,2025-05-01
7/16/2025 11:01:55 AM,202405,Non UK Reporting Airports,JERSEY,135234,139208,-2.854721,135233,139191,-2.843575,1,17,-94.117647,2025-05-01
7/16/2025 11:01:55 AM,202405,Other UK Airports,KIRKWALL,15219,13585,12.027972,14257,12577,13.357716,962,1008,-4.563492,2025-05-01
7/16/2025 11:01:55 AM,202405,Other UK Airports,LANDS END (ST JUST),6400,6474,-1.143034,6360,6474,-1.76089,40,0,Null,2025-05-01
7/16/2025 11:01:55 AM,202405,Other UK Airports,LEEDS BRADFORD,452908,414449,9.279549,452908,414449,9.279549,0,0,Null,2025-05-01
7/16/2025 11:01:55 AM,202405,Other UK Airports,LERWICK (TINGWALL),10,360,-97.222222,10,360,-97.222222,0,0,Null,2025-05-01
7/16/2025 11:01:55 AM,202405,Other UK Airports,LIVERPOOL (JOHN LENNON),558722,511005,9.337873,558722,511005,9.337873,0,0,Null,2025-05-01
7/16/2025 11:01:55 AM,202405,London Area Airports,LONDON CITY,322461,319262,1.001998,322461,319262,1.001998,0,0,Null,2025-05-01
7/16/2025 11:01:55 AM,202405,London Area Airports,LUTON,1622766,1573903,3.104575,1622331,1573903,3.076937,435,0,Null,2025-05-01
7/16/2025 11:01:55 AM,202405,Other UK Airports,MANCHESTER,2917087,2784046,4.778693,2916632,2779904,4.918443,455,4142,-89.014969,2025-05-01
7/16/2025 11:01:55 AM,202405,Other UK Airports,NEWCASTLE,536552,497759,7.793531,536531,497759,7.789312,21,0,Null,2025-05-01
7/16/2025 11:01:55 AM,202405,Other UK Airports,NEWQUAY,40355,38882,3.788385,40355,38882,3.788385,0,0,Null,2025-05-01
7/16/2025 11:01:55 AM,202405,Other UK Airports,NORWICH,46892,44346,5.741217,46892,44346,5.741217,0,0,Null,2025-05-01
7/16/2025 11:01:55 AM,202405,Other UK Airports,PRESTWICK,70894,57358,23.599149,70633,57358,23.144112,261,0,Null,2025-05-01
7/16/2025 11:01:55 AM,202405,Other UK Airports,SOUTHAMPTON,81640,76752,6.368564,81640,76752,6.368564,0,0,Null,2025-05-01
7/16/2025 11:01:55 AM,202405,London Area Airports,SOUTHEND,83204,27579,201.693317,83204,27579,201.693317,0,0,Null,2025-05-01
7/16/2025 11:01:55 AM,202405,London Area Airports,STANSTED,2703981,2711601,-0.281015,2703981,2711601,-0.281015,0,0,Null,2025-05-01
7/16/2025 11:01:55 AM,202405,Other UK Airports,STORNOWAY,9398,9128,2.957932,9398,9128,2.957932,0,0,Null,2025-05-01
7/16/2025 11:01:55 AM,202405,Other UK Airports,SUMBURGH,28844,26220,10.007628,28815,26165,10.128034,29,55,-47.272727,2025-05-01
7/16/2025 11:01:55 AM,202405,Other UK Airports,TEESSIDE INTERNATIONAL AIRPORT,26792,20994,27.617414,26665,20994,27.01248,127,0,Null,2025-05-01
7/16/2025 11:01:55 AM,202405,Other UK Airports,TIREE,1198,1165,2.832618,1181,1143,3.324584,17,22,-22.727273,2025-05-01
7/16/2025 11:01:55 AM,202405,Other UK Airports,WICK JOHN O GROATS,583,845,-31.005917,583,845,-31.005917,0,0,Null,2025-05-01
8/14/2025 3:56:11 PM,202406,Other UK Airports,ABERDEEN,212941,211464,0.698464,212941,211464,0.698464,0,0,Null,2025-06-01
8/14/2025 3:56:11 PM,202406,Non UK Reporting Airports,ALDERNEY,4386,4638,-5.433376,4386,4638,-5.433376,0,0,Null,2025-06-01
8/14/2025 3:56:11 PM,202406,Other UK Airports,BARRA,1381,1209,14.226634,1381,1209,14.226634,0,0,Null,2025-06-01
8/14/2025 3:56:11 PM,202406,Other UK Airports,BELFAST CITY (GEORGE BEST),201168,211831,-5.033730,201103,211831,-5.064415,65,0,Null,2025-06-01
8/14/2025 3:56:11 PM,202406,Other UK Airports,BELFAST INTERNATIONAL,640102,641761,-0.258507,640102,641761,-0.258507,0,0,Null,2025-06-01
8/14/2025 3:56:11 PM,202406,Other UK Airports,BENBECULA,2311,2345,-1.449893,2311,2345,-1.449893,0,0,Null,2025-06-01
8/14/2025 3:56:11 PM,202406,Other UK Airports,BIGGIN HILL,1040,1217,-14.543961,1040,1217,-14.543961,0,0,Null,2025-06-01
8/14/2025 3:56:11 PM,202406,Other UK Airports,BIRMINGHAM,1361256,1264664,7.637760,1361106,1264500,7.639858,150,164,-8.536585,2025-06-01
8/14/2025 3:56:11 PM,202406,Other UK Airports,BLACKPOOL,1583,1369,15.631848,1583,1369,15.631848,0,0,Null,2025-06-01
8/14/2025 3:56:11 PM,202406,Other UK Airports,BOURNEMOUTH,171288,132742,29.038285,171288,132742,29.038285,0,0,Null,2025-06-01
8/14/2025 3:56:11 PM,202406,Other UK Airports,BRISTOL,1083518,1115246,-2.844933,1083518,1115246,-2.844933,0,0,Null,2025-06-01
8/14/2025 3:56:11 PM,202406,Other UK Airports,CAMPBELTOWN,656,723,-9.266943,656,723,-9.266943,0,0,Null,2025-06-01
8/14/2025 3:56:11 PM,202406,Other UK Airports,CARDIFF WALES,116385,112098,3.824332,116385,111569,4.316611,0,529,Null,2025-06-01
8/14/2025 3:56:11 PM,202406,Other UK Airports,CITY OF DERRY (EGLINTON),17741,15625,13.542400,17741,15625,13.542400,0,0,Null,2025-06-01
8/14/2025 3:56:11 PM,202406,Other UK Airports,DUNDEE,3296,3536,-6.787330,2494,2865,-12.949389,802,671,19.523100,2025-06-01
8/14/2025 3:56:11 PM,202406,Other UK Airports,EAST MIDLANDS INTERNATIONAL,493071,502067,-1.791793,493071,502067,-1.791793,0,0,Null,2025-06-01
8/14/2025 3:56:11 PM,202406,Other UK Airports,EDINBURGH,1643153,1560119,5.322286,1643153,1560119,5.322286,0,0,Null,2025-06-01
8/14/2025 3:56:11 PM,202406,Other UK Airports,EXETER,70704,51608,37.002015,70704,51608,37.002015,0,0,Null,2025-06-01
8/14/2025 3:56:11 PM,202406,Other UK Airports,FARNBOROUGH,4036,4353,-7.282334,4036,4353,-7.282334,0,0,Null,2025-06-01
8/14/2025 3:56:11 PM,202406,London Area Airports,GATWICK,4122415,4213955,-2.172306,4122078,4212315,-2.142219,337,1640,-79.451220,2025-06-01
8/14/2025 3:56:11 PM,202406,Other UK Airports,GLASGOW,825962,830479,-0.543903,825670,830479,-0.579063,292,0,Null,2025-06-01
8/14/2025 3:56:11 PM,202406,Non UK Reporting Airports,GUERNSEY,63864,64717,-1.318046,63492,64552,-1.642087,372,165,125.454545,2025-06-01
8/14/2025 3:56:11 PM,202406,London Area Airports,HEATHROW,7359020,7433044,-0.995877,7359020,7432458,-0.988072,0,586,Null,2025-06-01
8/14/2025 3:56:11 PM,202406,Other UK Airports,HUMBERSIDE,14828,15330,-3.274625,14828,15330,-3.274625,0,0,Null,2025-06-01
8/14/2025 3:56:11 PM,202406,Other UK Airports,INVERNESS,82839,81332,1.852899,82443,81261,1.454572,396,71,457.746479,2025-06-01
8/14/2025 3:56:11 PM,202406,Other UK Airports,ISLAY,3191,3082,3.536665,3191,3082,3.536665,0,0,Null,2025-06-01
8/14/2025 3:56:11 PM,202406,Non UK Reporting Airports,ISLE OF MAN,63604,68716,-7.439315,63604,68716,-7.439315,0,0,Null,2025-06-01
8/14/2025 3:56:11 PM,202406,Other UK Airports,ISLES OF SCILLY (ST.MARYS),6845,9301,-26.405763,6845,9301,-26.405763,0,0,Null,2025-06-01
8/14/2025 3:56:11 PM,202406,Non UK Reporting Airports,JERSEY,137968,144309,-4.394043,137968,144280,-4.374827,0,29,Null,2025-06-01
8/14/2025 3:56:11 PM,202406,Other UK Airports,KIRKWALL,15060,14095,6.846399,14101,13059,7.979171,959,1036,-7.432432,2025-06-01
8/14/2025 3:56:11 PM,202406,Other UK Airports,LANDS END (ST JUST),5383,6221,-13.470503,5344,6219,-14.069786,39,2,1850.000000,2025-06-01
8/14/2025 3:56:11 PM,202406,Other UK Airports,LEEDS BRADFORD,496774,488265,1.742701,496774,488265,1.742701,0,0,Null,2025-06-01
8/14/2025 3:56:11 PM,202406,Other UK Airports,LERWICK (TINGWALL),98,283,-65.371025,98,283,-65.371025,0,0,Null,2025-06-01
8/14/2025 3:56:11 PM,202406,Other UK Airports,LIVERPOOL (JOHN LENNON),556000,507191,9.623396,556000,507191,9.623396,0,0,Null,2025-06-01
8/14/2025 3:56:11 PM,202406,London Area Airports,LONDON CITY,354195,320394,10.549823,354195,320394,10.549823,0,0,Null,2025-06-01
8/14/2025 3:56:11 PM,202406,London Area Airports,LUTON,1635088,1609854,1.567471,1634942,1608637,1.635235,146,1217,-88.003287,2025-06-01
8/14/2025 3:56:11 PM,202406,Other UK Airports,LYDD,2,0,Null,2,0,Null,0,0,Null,2025-06-01
8/14/2025 3:56:11 PM,202406,Other UK Airports,MANCHESTER,3018402,2980106,1.285055,3018208,2975746,1.426936,194,4360,-95.550459,2025-06-01
8/14/2025 3:56:11 PM,202406,Other UK Airports,NEWCASTLE,572373,544111,5.194161,572373,544111,5.194161,0,0,Null,2025-06-01
8/14/2025 3:56:11 PM,202406,Other UK Airports,NEWQUAY,47601,46705,1.918424,47601,46705,1.918424,0,0,Null,2025-06-01
8/14/2025 3:56:11 PM,202406,Other UK Airports,NORWICH,51179,46956,8.993526,51179,46956,8.993526,0,0,Null,2025-06-01
8/14/2025 3:56:11 PM,202406,Other UK Airports,PRESTWICK,72603,60185,20.633048,72603,60019,20.966694,0,166,Null,2025-06-01
8/14/2025 3:56:11 PM,202406,Other UK Airports,SOUTHAMPTON,84515,81562,3.620559,84515,81562,3.620559,0,0,Null,2025-06-01
8/14/2025 3:56:11 PM,202406,London Area Airports,SOUTHEND,83648,37450,123.359146,83648,37450,123.359146,0,0,Null,2025-06-01
8/14/2025 3:56:11 PM,202406,London Area Airports,STANSTED,2758809,2807915,-1.748842,2758809,2807915,-1.748842,0,0,Null,2025-06-01
8/14/2025 3:56:11 PM,202406,Other UK Airports,STORNOWAY,9534,9196,3.675511,9534,9196,3.675511,0,0,Null,2025-06-01
8/14/2025 3:56:11 PM,202406,Other UK Airports,SUMBURGH,28967,26623,8.804417,28876,26506,8.941372,91,117,-22.222222,2025-06-01
8/14/2025 3:56:11 PM,202406,Other UK Airports,TEESSIDE INTERNATIONAL AIRPORT,28153,28166,-0.046155,28058,28166,-0.383441,95,0,Null,2025-06-01
8/14/2025 3:56:11 PM,202406,Other UK Airports,TIREE,994,1038,-4.238921,974,1024,-4.882813,20,14,42.857143,2025-06-01
8/14/2025 3:56:11 PM,202406,Other UK Airports,WICK JOHN O GROATS,561,798,-29.699248,561,798,-29.699248,0,0,Null,2025-06-01
9/15/2025 1:34:02 PM,202407,Other UK Airports,ABERDEEN,229384,229349,0.015261,229384,229349,0.015261,0,0,Null,2025-07-01
9/15/2025 1:34:02 PM,202407,Non UK Reporting Airports,ALDERNEY,4698,4961,-5.301351,4698,4961,-5.301351,0,0,Null,2025-07-01
9/15/2025 1:34:02 PM,202407,Other UK Airports,BARRA,1187,1417,-16.231475,1187,1417,-16.231475,0,0,Null,2025-07-01
9/15/2025 1:34:02 PM,202407,Other UK Airports,BELFAST CITY (GEORGE BEST),222038,225886,-1.703514,222038,225886,-1.703514,0,0,Null,2025-07-01
9/15/2025 1:34:02 PM,202407,Other UK Airports,BELFAST INTERNATIONAL,694251,709170,-2.103727,694251,709170,-2.103727,0,0,Null,2025-07-01
9/15/2025 1:34:02 PM,202407,Other UK Airports,BENBECULA,2642,2728,-3.152493,2642,2728,-3.152493,0,0,Null,2025-07-01
9/15/2025 1:34:02 PM,202407,Other UK Airports,BIGGIN HILL,1437,1754,-18.072976,1437,1754,-18.072976,0,0,Null,2025-07-01
9/15/2025 1:34:02 PM,202407,Other UK Airports,BIRMINGHAM,1456744,1343822,8.403047,1455882,1343822,8.338902,862,0,Null,2025-07-01
9/15/2025 1:34:02 PM,202407,Other UK Airports,BLACKPOOL,1289,1608,-19.838308,1289,1608,-19.838308,0,0,Null,2025-07-01
9/15/2025 1:34:02 PM,202407,Other UK Airports,BOURNEMOUTH,178526,135652,31.605874,178526,135652,31.605874,0,0,Null,2025-07-01
9/15/2025 1:34:02 PM,202407,Other UK Airports,BRISTOL,1162650,1158076,0.394965,1162650,1158076,0.394965,0,0,Null,2025-07-01
9/15/2025 1:34:02 PM,202407,Other UK Airports,CAMPBELTOWN,808,688,17.44186,808,688,17.44186,0,0,Null,2025-07-01
9/15/2025 1:34:02 PM,202407,Other UK Airports,CARDIFF WALES,121460,110572,9.846978,121460,110572,9.846978,0,0,Null,2025-07-01
9/15/2025 1:34:02 PM,202407,Other UK Airports,CITY OF DERRY (EGLINTON),20924,19153,9.246593,20924,19153,9.246593,0,0,Null,2025-07-01
9/15/2025 1:34:02 PM,202407,Other UK Airports,DUNDEE,3662,3873,-5.447973,2740,2963,-7.526156,922,910,1.318681,2025-07-01
9/15/2025 1:34:02 PM,202407,Other UK Airports,EAST MIDLANDS INTERNATIONAL,508719,521093,-2.374624,508719,521093,-2.374624,0,0,Null,2025-07-01
9/15/2025 1:34:02 PM,202407,Other UK Airports,EDINBURGH,1781758,1626726,9.530308,1781758,1626726,9.530308,0,0,Null,2025-07-01
9/15/2025 1:34:02 PM,202407,Other UK Airports,EXETER,72540,53934,34.497719,72540,53934,34.497719,0,0,Null,2025-07-01
9/15/2025 1:34:02 PM,202407,Other UK Airports,FARNBOROUGH,4693,4541,3.34728,4693,4541,3.34728,0,0,Null,2025-07-01
9/15/2025 1:34:02 PM,202407,London Area Airports,GATWICK,4434282,4554987,-2.649953,4433598,4554245,-2.649111,684,742,-7.816712,2025-07-01
9/15/2025 1:34:02 PM,202407,Other UK Airports,GLASGOW,843108,846819,-0.438228,843108,846250,-0.371285,0,569,Null,2025-07-01
9/15/2025 1:34:02 PM,202407,Non UK Reporting Airports,GUERNSEY,68059,69405,-1.939342,67584,69309,-2.488854,475,96,394.791667,2025-07-01
9/15/2025 1:34:02 PM,202407,London Area Airports,HEATHROW,7981535,7981129,0.005087,7981137,7980064,0.013446,398,1065,-62.629108,2025-07-01
9/15/2025 1:34:02 PM,202407,Other UK Airports,HUMBERSIDE,16205,16129,0.471201,16205,16129,0.471201,0,0,Null,2025-07-01
9/15/2025 1:34:02 PM,202407,Other UK Airports,INVERNESS,82908,87489,-5.236087,82474,87429,-5.667456,434,60,623.333333,2025-07-01
9/15/2025 1:34:02 PM,202407,Other UK Airports,ISLAY,2872,3177,-9.600252,2872,3177,-9.600252,0,0,Null,2025-07-01
9/15/2025 1:34:02 PM,202407,Non UK Reporting Airports,ISLE OF MAN,51942,56631,-8.279917,51942,56631,-8.279917,0,0,Null,2025-07-01
9/15/2025 1:34:02 PM,202407,Other UK Airports,ISLES OF SCILLY (ST.MARYS),8826,8214,7.450694,8826,8214,7.450694,0,0,Null,2025-07-01
9/15/2025 1:34:02 PM,202407,Non UK Reporting Airports,JERSEY,152596,162607,-6.156562,152585,162583,-6.149474,11,24,-54.166667,2025-07-01
9/15/2025 1:34:02 PM,202407,Other UK Airports,KIRKWALL,15812,14998,5.42739,14801,13888,6.574021,1011,1110,-8.918919,2025-07-01
9/15/2025 1:34:02 PM,202407,Other UK Airports,LANDS END (ST JUST),6090,5368,13.450075,6088,5348,13.836948,2,20,-90.000000,2025-07-01
9/15/2025 1:34:02 PM,202407,Other UK Airports,LEEDS BRADFORD,516022,484488,6.508727,516022,484488,6.508727,0,0,Null,2025-07-01
9/15/2025 1:34:02 PM,202407,Other UK Airports,LERWICK (TINGWALL),527,334,57.784431,527,334,57.784431,0,0,Null,2025-07-01
9/15/2025 1:34:02 PM,202407,Other UK Airports,LIVERPOOL (JOHN LENNON),576548,528897,9.009505,576548,528897,9.009505,0,0,Null,2025-07-01
9/15/2025 1:34:02 PM,202407,London Area Airports,LONDON CITY,351402,328649,6.923192,351402,328649,6.923192,0,0,Null,2025-07-01
9/15/2025 1:34:02 PM,202407,London Area Airports,LUTON,1723731,1655100,4.146638,1723731,1654927,4.157525,0,173,Null,2025-07-01
9/15/2025 1:34:02 PM,202407,Other UK Airports,MANCHESTER,3298322,3202172,3.002649,3297920,3197675,3.134934,402,4497,-91.060707,2025-07-01
9/15/2025 1:34:02 PM,202407,Other UK Airports,NEWCASTLE,599787,572577,4.752199,599787,572577,4.752199,0,0,Null,2025-07-01
9/15/2025 1:34:02 PM,202407,Other UK Airports,NEWQUAY,51143,55171,-7.300937,51143,55171,-7.300937,0,0,Null,2025-07-01
9/15/2025 1:34:02 PM,202407,Other UK Airports,NORWICH,52024,50407,3.207888,52024,50407,3.207888,0,0,Null,2025-07-01
9/15/2025 1:34:02 PM,202407,Other UK Airports,PRESTWICK,75817,63619,19.173517,75817,63619,19.173517,0,0,Null,2025-07-01
9/15/2025 1:34:02 PM,202407,Other UK Airports,SOUTHAMPTON,86416,81622,5.873416,86365,81622,5.810933,51,0,Null,2025-07-01
9/15/2025 1:34:02 PM,202407,London Area Airports,SOUTHEND,73181,33372,119.288625,73181,33372,119.288625,0,0,Null,2025-07-01
9/15/2025 1:34:02 PM,202407,London Area Airports,STANSTED,2896976,2898479,-0.051855,2896976,2898479,-0.051855,0,0,Null,2025-07-01
9/15/2025 1:34:02 PM,202407,Other UK Airports,STORNOWAY,10070,9578,5.136772,10070,9578,5.136772,0,0,Null,2025-07-01
9/15/2025 1:34:02 PM,202407,Other UK Airports,SUMBURGH,28187,30243,-6.798267,28090,29956,-6.229136,97,287,-66.202091,2025-07-01
9/15/2025 1:34:02 PM,202407,Other UK Airports,TEESSIDE INTERNATIONAL AIRPORT,28335,24054,17.797456,28270,23995,17.816212,65,59,10.169492,2025-07-01
9/15/2025 1:34:02 PM,202407,Other UK Airports,TIREE,1335,1366,-2.2694,1322,1349,-2.001483,13,17,-23.529412,2025-07-01
9/15/2025 1:34:02 PM,202407,Other UK Airports,WICK JOHN O GROATS,1297,971,33.573635,1297,971,33.573635,0,0,Null,2025-07-01
10/15/2025 12:59:28 PM,202408,Other UK Airports,ABERDEEN,212903,222672,-4.38717,212903,222672,-4.38717,0,0,Null,2025-08-01
10/15/2025 12:59:28 PM,202408,Non UK Reporting Airports,ALDERNEY,5673,5351,6.017567,5673,5351,6.017567,0,0,Null,2025-08-01
10/15/2025 12:59:28 PM,202408,Other UK Airports,BARRA,1323,1420,-6.830986,1323,1420,-6.830986,0,0,Null,2025-08-01
10/15/2025 12:59:28 PM,202408,Other UK Airports,BELFAST CITY (GEORGE BEST),218302,230220,-5.176787,218302,230220,-5.176787,0,0,Null,2025-08-01
10/15/2025 12:59:28 PM,202408,Other UK Airports,BELFAST INTERNATIONAL,695823,707906,-1.706865,695823,707906,-1.706865,0,0,Null,2025-08-01
10/15/2025 12:59:28 PM,202408,Other UK Airports,BENBECULA,2405,2676,-10.127055,2405,2676,-10.127055,0,0,Null,2025-08-01
10/15/2025 12:59:28 PM,202408,Other UK Airports,BIGGIN HILL,1060,1350,-21.481481,1060,1350,-21.481481,0,0,Null,2025-08-01
10/15/2025 12:59:28 PM,202408,Other UK Airports,BIRMINGHAM,1524140,1450441,5.081144,1524140,1450441,5.081144,0,0,Null,2025-08-01
10/15/2025 12:59:28 PM,202408,Other UK Airports,BLACKPOOL,1515,1470,3.061224,1515,1470,3.061224,0,0,Null,2025-08-01
10/15/2025 12:59:28 PM,202408,Other UK Airports,BOURNEMOUTH,194456,147455,31.874809,194456,147455,31.874809,0,0,Null,2025-08-01
10/15/2025 12:59:28 PM,202408,Other UK Airports,BRISTOL,1217472,1203832,1.133048,1217472,1203799,1.135821,0,33,Null,2025-08-01
10/15/2025 12:59:28 PM,202408,Other UK Airports,CAMPBELTOWN,733,773,-5.174644,733,773,-5.174644,0,0,Null,2025-08-01
10/15/2025 12:59:28 PM,202408,Other UK Airports,CARDIFF WALES,123785,115547,7.129566,123785,115547,7.129566,0,0,Null,2025-08-01
10/15/2025 12:59:28 PM,202408,Other UK Airports,CITY OF DERRY (EGLINTON),21274,18989,12.033282,21274,18989,12.033282,0,0,Null,2025-08-01
10/15/2025 12:59:28 PM,202408,Other UK Airports,DUNDEE,2977,3724,-20.059076,2245,2838,-20.894996,732,886,-17.381490,2025-08-01
10/15/2025 12:59:28 PM,202408,Other UK Airports,EAST MIDLANDS INTERNATIONAL,531859,545002,-2.411551,531859,545002,-2.411551,0,0,Null,2025-08-01
10/15/2025 12:59:28 PM,202408,Other UK Airports,EDINBURGH,1769586,1617538,9.399965,1769586,1617324,9.41444,0,214,Null,2025-08-01
10/15/2025 12:59:28 PM,202408,Other UK Airports,EXETER,77247,57167,35.12516,77247,57167,35.12516,0,0,Null,2025-08-01
10/15/2025 12:59:28 PM,202408,Other UK Airports,FARNBOROUGH,4157,3763,10.470369,4157,3763,10.470369,0,0,Null,2025-08-01
10/15/2025 12:59:28 PM,202408,London Area Airports,GATWICK,4662405,4740309,-1.643437,4661770,4739389,-1.637743,635,920,-30.978261,2025-08-01
10/15/2025 12:59:28 PM,202408,Other UK Airports,GLASGOW,822084,793832,3.558939,821264,793832,3.455643,820,0,Null,2025-08-01
10/15/2025 12:59:28 PM,202408,Non UK Reporting Airports,GUERNSEY,71396,72395,-1.37993,70880,72197,-1.824176,516,198,160.606061,2025-08-01
10/15/2025 12:59:28 PM,202408,London Area Airports,HEATHROW,8036159,7969837,0.832163,8035996,7969837,0.830117,163,0,Null,2025-08-01
10/15/2025 12:59:28 PM,202408,Other UK Airports,HUMBERSIDE,17243,15693,9.877015,17243,15693,9.877015,0,0,Null,2025-08-01
10/15/2025 12:59:28 PM,202408,Other UK Airports,INVERNESS,81075,84020,-3.505118,80643,83952,-3.941538,432,68,535.294118,2025-08-01
10/15/2025 12:59:28 PM,202408,Other UK Airports,ISLAY,3366,3049,10.396851,3366,3049,10.396851,0,0,Null,2025-08-01
10/15/2025 12:59:28 PM,202408,Non UK Reporting Airports,ISLE OF MAN,55585,59877,-7.168028,55585,59877,-7.168028,0,0,Null,2025-08-01
10/15/2025 12:59:28 PM,202408,Other UK Airports,ISLES OF SCILLY (ST.MARYS),10799,9277,16.406166,10799,9277,16.406166,0,0,Null,2025-08-01
10/15/2025 12:59:28 PM,202408,Non UK Reporting Airports,JERSEY,164238,174433,-5.844651,164226,174429,-5.849371,12,4,200.000000,2025-08-01
10/15/2025 12:59:28 PM,202408,Other UK Airports,KIRKWALL,14622,15019,-2.643318,13645,13993,-2.486958,977,1026,-4.775828,2025-08-01
10/15/2025 12:59:28 PM,202408,Other UK Airports,LANDS END (ST JUST),7066,6284,12.444303,7051,6284,12.205602,15,0,Null,2025-08-01
10/15/2025 12:59:28 PM,202408,Other UK Airports,LEEDS BRADFORD,543043,518453,4.742956,543043,518453,4.742956,0,0,Null,2025-08-01
10/15/2025 12:59:28 PM,202408,Other UK Airports,LERWICK (TINGWALL),393,272,44.485294,393,272,44.485294,0,0,Null,2025-08-01
10/15/2025 12:59:28 PM,202408,Other UK Airports,LIVERPOOL (JOHN LENNON),615733,550251,11.900387,615733,550251,11.900387,0,0,Null,2025-08-01
10/15/2025 12:59:28 PM,202408,London Area Airports,LONDON CITY,326086,311282,4.755816,326086,311282,4.755816,0,0,Null,2025-08-01
10/15/2025 12:59:28 PM,202408,London Area Airports,LUTON,1830164,1741816,5.072178,1829839,1741461,5.074934,325,355,-8.450704,2025-08-01
10/15/2025 12:59:28 PM,202408,Other UK Airports,MANCHESTER,3480632,3359697,3.599581,3480474,3356747,3.68592,158,2950,-94.644068,2025-08-01
10/15/2025 12:59:28 PM,202408,Other UK Airports,NEWCASTLE,622134,594372,4.670812,622134,594372,4.670812,0,0,Null,2025-08-01
10/15/2025 12:59:28 PM,202408,Other UK Airports,NEWQUAY,53689,55985,-4.101099,53689,55985,-4.101099,0,0,Null,2025-08-01
10/15/2025 12:59:28 PM,202408,Other UK Airports,NORWICH,54256,51677,4.990615,54256,51677,4.990615,0,0,Null,2025-08-01
10/15/2025 12:59:28 PM,202408,Other UK Airports,PRESTWICK,70823,63116,12.21085,70823,62919,12.562183,0,197,Null,2025-08-01
10/15/2025 12:59:28 PM,202408,Other UK Airports,SOUTHAMPTON,88903,87899,1.14222,88903,87899,1.14222,0,0,Null,2025-08-01
10/15/2025 12:59:28 PM,202408,London Area Airports,SOUTHEND,89586,35168,154.737261,89586,35168,154.737261,0,0,Null,2025-08-01
10/15/2025 12:59:28 PM,202408,London Area Airports,STANSTED,3044819,3061500,-0.544864,3044819,3061500,-0.544864,0,0,Null,2025-08-01
10/15/2025 12:59:28 PM,202408,Other UK Airports,STORNOWAY,9726,9196,5.763375,9726,9196,5.763375,0,0,Null,2025-08-01
10/15/2025 12:59:28 PM,202408,Other UK Airports,SUMBURGH,25424,28372,-10.390526,25337,28242,-10.286099,87,130,-33.076923,2025-08-01
10/15/2025 12:59:28 PM,202408,Other UK Airports,TEESSIDE INTERNATIONAL AIRPORT,30780,26180,17.570665,30670,26098,17.518584,110,82,34.146341,2025-08-01
10/15/2025 12:59:28 PM,202408,Other UK Airports,TIREE,1186,1164,1.890034,1182,1147,3.051439,4,17,-76.470588,2025-08-01
10/15/2025 12:59:28 PM,202408,Other UK Airports,WICK JOHN O GROATS,560,1114,-49.7307,560,1114,-49.7307,0,0,Null,2025-08-01
11/15/2025 12:51:54 PM,202409,Other UK Airports,ABERDEEN,216902,208600,3.979866,216902,208600,3.979866,0,0,Null,2025-09-01
11/15/2025 12:51:54 PM,202409,Non UK Reporting Airports,ALDERNEY,4831,4750,1.705263,4831,4750,1.705263,0,0,Null,2025-09-01
11/15/2025 12:51:54 PM,202409,Other UK Airports,BARRA,1244,1133,9.796999,1244,1133,9.796999,0,0,Null,2025-09-01
11/15/2025 12:51:54 PM,202409,Other UK Airports,BELFAST CITY (GEORGE BEST),187890,200619,-6.344863,187890,200619,-6.344863,0,0,Null,2025-09-01
11/15/2025 12:51:54 PM,202409,Other UK Airports,BELFAST INTERNATIONAL,594984,618734,-3.838483,594984,618734,-3.838483,0,0,Null,2025-09-01
11/15/2025 12:51:54 PM,202409,Other UK Airports,BENBECULA,2257,2170,4.009217,2257,2170,4.009217,0,0,Null,2025-09-01
11/15/2025 12:51:54 PM,202409,Other UK Airports,BIGGIN HILL,868,680,27.647059,868,680,27.647059,0,0,Null,2025-09-01
11/15/2025 12:51:54 PM,202409,Other UK Airports,BIRMINGHAM,1346087,1308488,2.873469,1345596,1308488,2.835945,491,0,Null,2025-09-01
11/15/2025 12:51:54 PM,202409,Other UK Airports,BLACKPOOL,1610,1565,2.875399,1610,1565,2.875399,0,0,Null,2025-09-01
11/15/2025 12:51:54 PM,202409,Other UK Airports,BOURNEMOUTH,161589,133005,21.490921,161589,133005,21.490921,0,0,Null,2025-09-01
11/15/2025 12:51:54 PM,202409,Other UK Airports,BRISTOL,1085671,1092172,-0.595236,1085671,1092155,-0.593689,0,17,Null,2025-09-01
11/15/2025 12:51:54 PM,202409,Other UK Airports,CAMPBELTOWN,802,735,9.115646,798,735,8.571429,4,0,Null,2025-09-01
11/15/2025 12:51:54 PM,202409,Other UK Airports,CARDIFF WALES,115769,106160,9.051432,115769,105975,9.241802,0,185,Null,2025-09-01
11/15/2025 12:51:54 PM,202409,Other UK Airports,CITY OF DERRY (EGLINTON),18912,14371,31.598358,18912,14371,31.598358,0,0,Null,2025-09-01
11/15/2025 12:51:54 PM,202409,Other UK Airports,DUNDEE,3709,3554,4.361283,2923,2906,0.584997,786,648,21.296296,2025-09-01
11/15/2025 12:51:54 PM,202409,Other UK Airports,EAST MIDLANDS INTERNATIONAL,448204,487169,-7.998251,448204,487169,-7.998251,0,0,Null,2025-09-01
11/15/2025 12:51:54 PM,202409,Other UK Airports,EDINBURGH,1627402,1528637,6.460985,1627286,1528637,6.453396,116,0,Null,2025-09-01
11/15/2025 12:51:54 PM,202409,Other UK Airports,EXETER,70500,52359,34.647339,70500,52359,34.647339,0,0,Null,2025-09-01
11/15/2025 12:51:54 PM,202409,Other UK Airports,FARNBOROUGH,3958,3428,15.460910,3958,3428,15.460910,0,0,Null,2025-09-01
11/15/2025 12:51:54 PM,202409,London Area Airports,GATWICK,4147624,4263877,-2.726462,4146994,4263118,-2.723922,630,759,-16.996047,2025-09-01
11/15/2025 12:51:54 PM,202409,Other UK Airports,GLASGOW,802405,801653,0.093806,802405,801395,0.126030,0,258,Null,2025-09-01
11/15/2025 12:51:54 PM,202409,Non UK Reporting Airports,GUERNSEY,66164,65564,0.915136,65852,65540,0.476045,312,24,1200.000000,2025-09-01
11/15/2025 12:51:54 PM,202409,London Area Airports,HEATHROW,7348513,7286467,0.851524,7348252,7286337,0.849741,261,130,100.769231,2025-09-01
11/15/2025 12:51:54 PM,202409,Other UK Airports,HUMBERSIDE,15827,14430,9.681220,15827,14430,9.681220,0,0,Null,2025-09-01
11/15/2025 12:51:54 PM,202409,Other UK Airports,INVERNESS,81308,77981,4.266424,80948,77926,3.878038,360,55,554.545455,2025-09-01
11/15/2025 12:51:54 PM,202409,Other UK Airports,ISLAY,3849,3230,19.164087,3849,3230,19.164087,0,0,Null,2025-09-01
11/15/2025 12:51:54 PM,202409,Non UK Reporting Airports,ISLE OF MAN,50862,57237,-11.137900,50862,57237,-11.137900,0,0,Null,2025-09-01
11/15/2025 12:51:54 PM,202409,Other UK Airports,ISLES OF SCILLY (ST.MARYS),8767,7973,9.958610,8767,7973,9.958610,0,0,Null,2025-09-01
11/15/2025 12:51:54 PM,202409,Non UK Reporting Airports,JERSEY,139244,141456,-1.563737,139235,141401,-1.531814,9,55,-83.636364,2025-09-01
11/15/2025 12:51:54 PM,202409,Other UK Airports,KIRKWALL,15322,14067,8.921590,14285,13130,8.796649,1037,937,10.672359,2025-09-01
11/15/2025 12:51:54 PM,202409,Other UK Airports,LANDS END (ST JUST),5769,5503,4.833727,5758,5470,5.265082,11,33,-66.666667,2025-09-01
11/15/2025 12:51:54 PM,202409,Other UK Airports,LEEDS BRADFORD,480028,463333,3.603240,480028,463333,3.603240,0,0,Null,2025-09-01
11/15/2025 12:51:54 PM,202409,Other UK Airports,LERWICK (TINGWALL),444,335,32.537313,444,335,32.537313,0,0,Null,2025-09-01
11/15/2025 12:51:54 PM,202409,Other UK Airports,LIVERPOOL (JOHN LENNON),538126,493515,9.039442,538126,493515,9.039442,0,0,Null,2025-09-01
11/15/2025 12:51:54 PM,202409,London Area Airports,LONDON CITY,343573,324495,5.879289,343573,324495,5.879289,0,0,Null,2025-09-01
11/15/2025 12:51:54 PM,202409,London Area Airports,LUTON,1611432,1560372,3.272297,1611432,1560372,3.272297,0,0,Null,2025-09-01
11/15/2025 12:51:54 PM,202409,Other UK Airports,MANCHESTER,3101453,3056554,1.468942,3101285,3054392,1.535265,168,2162,-92.229417,2025-09-01
11/15/2025 12:51:54 PM,202409,Other UK Airports,NEWCASTLE,567762,541120,4.923492,567762,541120,4.923492,0,0,Null,2025-09-01
11/15/2025 12:51:54 PM,202409,Other UK Airports,NEWQUAY,43663,42569,2.569945,43663,42569,2.569945,0,0,Null,2025-09-01
11/15/2025 12:51:54 PM,202409,Other UK Airports,NORWICH,51040,49292,3.546214,51040,49292,3.546214,0,0,Null,2025-09-01
11/15/2025 12:51:54 PM,202409,Other UK Airports,OXFORD (KIDLINGTON),0,2,Null,0,2,Null,0,0,Null,2025-09-01
11/15/2025 12:51:54 PM,202409,Other UK Airports,PRESTWICK,70367,62389,12.787511,70367,62389,12.787511,0,0,Null,2025-09-01
11/15/2025 12:51:54 PM,202409,Other UK Airports,SOUTHAMPTON,81222,82258,-1.259452,81222,82258,-1.259452,0,0,Null,2025-09-01
11/15/2025 12:51:54 PM,202409,London Area Airports,SOUTHEND,81097,35448,128.777364,81097,35448,128.777364,0,0,Null,2025-09-01
11/15/2025 12:51:54 PM,202409,London Area Airports,STANSTED,2679150,2709707,-1.127686,2679150,2709707,-1.127686,0,0,Null,2025-09-01
11/15/2025 12:51:54 PM,202409,Other UK Airports,STORNOWAY,9938,9028,10.079752,9938,9028,10.079752,0,0,Null,2025-09-01
11/15/2025 12:51:54 PM,202409,Other UK Airports,SUMBURGH,24954,25956,-3.860379,24954,25956,-3.860379,0,0,Null,2025-09-01
11/15/2025 12:51:54 PM,202409,Other UK Airports,TEESSIDE INTERNATIONAL AIRPORT,31267,25808,21.152356,31163,25714,21.190791,104,94,10.638298,2025-09-01
11/15/2025 12:51:54 PM,202409,Other UK Airports,TIREE,1069,1078,-0.834879,1060,1063,-0.282220,9,15,-40.000000,2025-09-01
11/15/2025 12:51:54 PM,202409,Other UK Airports,WICK JOHN O GROATS,567,852,-33.450704,567,852,-33.450704,0,0,Null,2025-09-01
12/18/2025 9:55:54 AM,202410,Other UK Airports,ABERDEEN,212513,212638,-0.058785,212513,212638,-0.058785,0,0,Null,2025-10-01
12/18/2025 9:55:54 AM,202410,Non UK Reporting Airports,ALDERNEY,4049,4102,-1.292053,4049,4102,-1.292053,0,0,Null,2025-10-01
12/18/2025 9:55:54 AM,202410,Other UK Airports,BARRA,741,773,-4.139715,741,773,-4.139715,0,0,Null,2025-10-01
12/18/2025 9:55:54 AM,202410,Other UK Airports,BELFAST CITY (GEORGE BEST),193552,200345,-3.390651,193552,200345,-3.390651,0,0,Null,2025-10-01
12/18/2025 9:55:54 AM,202410,Other UK Airports,BELFAST INTERNATIONAL,595468,607728,-2.01735,595468,607728,-2.01735,0,0,Null,2025-10-01
12/18/2025 9:55:54 AM,202410,Other UK Airports,BENBECULA,2262,2561,-11.675127,2262,2561,-11.675127,0,0,Null,2025-10-01
12/18/2025 9:55:54 AM,202410,Other UK Airports,BIGGIN HILL,535,504,6.150794,535,504,6.150794,0,0,Null,2025-10-01
12/18/2025 9:55:54 AM,202410,Other UK Airports,BIRMINGHAM,1244356,1192645,4.335825,1243812,1192645,4.290212,544,0,Null,2025-10-01
12/18/2025 9:55:54 AM,202410,Other UK Airports,BLACKPOOL,1654,1894,-12.671595,1654,1894,-12.671595,0,0,Null,2025-10-01
12/18/2025 9:55:54 AM,202410,Other UK Airports,BOURNEMOUTH,134988,98825,36.592967,134988,98825,36.592967,0,0,Null,2025-10-01
12/18/2025 9:55:54 AM,202410,Other UK Airports,BRISTOL,1020269,979913,4.118325,1020195,979858,4.116617,74,55,34.545455,2025-10-01
12/18/2025 9:55:54 AM,202410,Other UK Airports,CAMPBELTOWN,613,542,13.099631,613,542,13.099631,0,0,Null,2025-10-01
12/18/2025 9:55:54 AM,202410,Other UK Airports,CARDIFF WALES,94156,77521,21.458702,94156,77521,21.458702,0,0,Null,2025-10-01
12/18/2025 9:55:54 AM,202410,Other UK Airports,CITY OF DERRY (EGLINTON),18959,14836,27.79051,18959,14836,27.79051,0,0,Null,2025-10-01
12/18/2025 9:55:54 AM,202410,Other UK Airports,DUNDEE,3354,3343,0.329046,2830,2802,0.999286,524,541,-3.142329,2025-10-01
12/18/2025 9:55:54 AM,202410,Other UK Airports,EAST MIDLANDS INTERNATIONAL,392544,400080,-1.883623,392544,400080,-1.883623,0,0,Null,2025-10-01
12/18/2025 9:55:54 AM,202410,Other UK Airports,EDINBURGH,1607682,1465440,9.706436,1607518,1465440,9.695245,164,0,Null,2025-10-01
12/18/2025 9:55:54 AM,202410,Other UK Airports,EXETER,62689,43302,44.771604,62689,43302,44.771604,0,0,Null,2025-10-01
12/18/2025 9:55:54 AM,202410,Other UK Airports,FARNBOROUGH,2833,3656,-22.510941,2833,3656,-22.510941,0,0,Null,2025-10-01
12/18/2025 9:55:54 AM,202410,London Area Airports,GATWICK,3788286,3864863,-1.981364,3787837,3864770,-1.990623,449,93,382.795699,2025-10-01
12/18/2025 9:55:54 AM,202410,Other UK Airports,GLASGOW,775866,779305,-0.441291,775782,778958,-0.407724,84,347,-75.792507,2025-10-01
12/18/2025 9:55:54 AM,202410,Non UK Reporting Airports,GUERNSEY,60535,57520,5.241655,60385,57520,4.980876,150,0,Null,2025-10-01
12/18/2025 9:55:54 AM,202410,London Area Airports,HEATHROW,7366983,7215710,2.09644,7365769,7214851,2.091769,1214,859,41.327125,2025-10-01
12/18/2025 9:55:54 AM,202410,Other UK Airports,HUMBERSIDE,14805,13029,13.631131,14805,13029,13.631131,0,0,Null,2025-10-01
12/18/2025 9:55:54 AM,202410,Other UK Airports,INVERNESS,78636,76333,3.017044,78388,76193,2.880842,248,140,77.142857,2025-10-01
12/18/2025 9:55:54 AM,202410,Other UK Airports,ISLAY,3053,2770,10.216606,3053,2770,10.216606,0,0,Null,2025-10-01
12/18/2025 9:55:54 AM,202410,Non UK Reporting Airports,ISLE OF MAN,50657,53647,-5.573471,50657,53647,-5.573471,0,0,Null,2025-10-01
12/18/2025 9:55:54 AM,202410,Other UK Airports,ISLES OF SCILLY (ST.MARYS),5297,5255,0.799239,5297,5255,0.799239,0,0,Null,2025-10-01
12/18/2025 9:55:54 AM,202410,Non UK Reporting Airports,JERSEY,123932,123564,0.297821,123906,123556,0.283272,26,8,225.000000,2025-10-01
12/18/2025 9:55:54 AM,202410,Other UK Airports,KIRKWALL,14594,13579,7.474777,13619,12545,8.56118,975,1034,-5.705996,2025-10-01
12/18/2025 9:55:54 AM,202410,Other UK Airports,LANDS END (ST JUST),3943,4064,-2.977362,3943,4064,-2.977362,0,0,Null,2025-10-01
12/18/2025 9:55:54 AM,202410,Other UK Airports,LEEDS BRADFORD,410433,405390,1.243987,410433,405390,1.243987,0,0,Null,2025-10-01
12/18/2025 9:55:54 AM,202410,Other UK Airports,LERWICK (TINGWALL),217,256,-15.234375,217,256,-15.234375,0,0,Null,2025-10-01
12/18/2025 9:55:54 AM,202410,Other UK Airports,LIVERPOOL (JOHN LENNON),526025,463962,13.376742,526025,463962,13.376742,0,0,Null,2025-10-01
12/18/2025 9:55:54 AM,202410,London Area Airports,LONDON CITY,339500,334624,1.457158,339500,334624,1.457158,0,0,Null,2025-10-01
12/18/2025 9:55:54 AM,202410,London Area Airports,LUTON,1584398,1499019,5.695658,1584398,1498859,5.706941,0,160,Null,2025-10-01
12/18/2025 9:55:54 AM,202410,Other UK Airports,MANCHESTER,2869307,2809491,2.129069,2869050,2807078,2.207705,257,2413,-89.349358,2025-10-01
12/18/2025 9:55:54 AM,202410,Other UK Airports,NEWCASTLE,523192,487742,7.268187,523192,487742,7.268187,0,0,Null,2025-10-01
12/18/2025 9:55:54 AM,202410,Other UK Airports,NEWQUAY,33419,33074,1.043115,33419,33074,1.043115,0,0,Null,2025-10-01
12/18/2025 9:55:54 AM,202410,Other UK Airports,NORWICH,43290,43278,0.027728,43290,43278,0.027728,0,0,Null,2025-10-01
12/18/2025 9:55:54 AM,202410,Other UK Airports,PRESTWICK,65282,58731,11.154246,65282,58731,11.154246,0,0,Null,2025-10-01
12/18/2025 9:55:54 AM,202410,Other UK Airports,SOUTHAMPTON,75386,74226,1.562795,75386,74188,1.614816,0,38,Null,2025-10-01
12/18/2025 9:55:54 AM,202410,London Area Airports,SOUTHEND,78789,31429,150.688854,78789,31429,150.688854,0,0,Null,2025-10-01
12/18/2025 9:55:54 AM,202410,London Area Airports,STANSTED,2657489,2649531,0.300355,2657489,2649531,0.300355,0,0,Null,2025-10-01
12/18/2025 9:55:54 AM,202410,Other UK Airports,STORNOWAY,10178,9852,3.308973,10178,9852,3.308973,0,0,Null,2025-10-01
12/18/2025 9:55:54 AM,202410,Other UK Airports,SUMBURGH,24814,26457,-6.210077,24814,26457,-6.210077,0,0,Null,2025-10-01
12/18/2025 9:55:54 AM,202410,Other UK Airports,TEESSIDE INTERNATIONAL AIRPORT,26479,21225,24.753828,26435,21174,24.84651,44,51,-13.725490,2025-10-01
12/18/2025 9:55:54 AM,202410,Other UK Airports,TIREE,747,654,14.220183,736,639,15.179969,11,15,-26.666667,2025-10-01
12/18/2025 9:55:54 AM,202410,Other UK Airports,WICK JOHN O GROATS,499,822,-39.294404,499,822,-39.294404,0,0,Null,2025-10-01
1/16/2026 9:28:26 AM,202411,Other UK Airports,ABERDEEN,173193,175310,-1.207575,173193,175310,-1.207575,0,0,Null,2025-11-01
1/16/2026 9:28:26 AM,202411,Non UK Reporting Airports,ALDERNEY,3319,3012,10.192563,3319,3012,10.192563,0,0,Null,2025-11-01
1/16/2026 9:28:26 AM,202411,Other UK Airports,BARRA,780,642,21.495327,780,642,21.495327,0,0,Null,2025-11-01
1/16/2026 9:28:26 AM,202411,Other UK Airports,BELFAST CITY (GEORGE BEST),200573,193502,3.654226,200573,193502,3.654226,0,0,Null,2025-11-01
1/16/2026 9:28:26 AM,202411,Other UK Airports,BELFAST INTERNATIONAL,457466,456616,0.186152,457466,456616,0.186152,0,0,Null,2025-11-01
1/16/2026 9:28:26 AM,202411,Other UK Airports,BENBECULA,1842,2042,-9.794319,1842,2042,-9.794319,0,0,Null,2025-11-01
1/16/2026 9:28:26 AM,202411,Other UK Airports,BIGGIN HILL,411,307,33.876221,411,307,33.876221,0,0,Null,2025-11-01
1/16/2026 9:28:26 AM,202411,Other UK Airports,BIRMINGHAM,883338,835914,5.673311,883338,835914,5.673311,0,0,Null,2025-11-01
1/16/2026 9:28:26 AM,202411,Other UK Airports,BLACKPOOL,1862,1813,2.702703,1862,1813,2.702703,0,0,Null,2025-11-01
1/16/2026 9:28:26 AM,202411,Other UK Airports,BOURNEMOUTH,52785,45520,15.960018,52785,45520,15.960018,0,0,Null,2025-11-01
1/16/2026 9:28:26 AM,202411,Other UK Airports,BRISTOL,616807,610175,1.086901,616617,610079,1.071664,190,96,97.916667,2025-11-01
1/16/2026 9:28:26 AM,202411,Other UK Airports,CAMPBELTOWN,455,417,9.11271,446,417,6.954436,9,0,Null,2025-11-01
1/16/2026 9:28:26 AM,202411,Other UK Airports,CARDIFF WALES,47278,42118,12.251294,47278,41895,12.848789,0,223,Null,2025-11-01
1/16/2026 9:28:26 AM,202411,Other UK Airports,CITY OF DERRY (EGLINTON),17623,17572,0.290234,17623,17572,0.290234,0,0,Null,2025-11-01
1/16/2026 9:28:26 AM,202411,Other UK Airports,DUNDEE,2536,2363,7.321202,2536,2363,7.321202,0,0,Null,2025-11-01
1/16/2026 9:28:26 AM,202411,Other UK Airports,EAST MIDLANDS INTERNATIONAL,169568,158920,6.700227,169568,158920,6.700227,0,0,Null,2025-11-01
1/16/2026 9:28:26 AM,202411,Other UK Airports,EDINBURGH,1193251,1090264,9.446061,1193251,1090264,9.446061,0,0,Null,2025-11-01
1/16/2026 9:28:26 AM,202411,Other UK Airports,EXETER,28181,20539,37.207264,28181,20539,37.207264,0,0,Null,2025-11-01
1/16/2026 9:28:26 AM,202411,Other UK Airports,FARNBOROUGH,2471,2202,12.216167,2471,2202,12.216167,0,0,Null,2025-11-01
1/16/2026 9:28:26 AM,202411,London Area Airports,GATWICK,2626307,2725070,-3.624237,2625662,2724945,-3.643486,645,125,416.000000,2025-11-01
1/16/2026 9:28:26 AM,202411,Other UK Airports,GLASGOW,570228,558251,2.145451,570083,558251,2.119477,145,0,Null,2025-11-01
1/16/2026 9:28:26 AM,202411,Non UK Reporting Airports,GUERNSEY,51653,48297,6.948672,51653,48297,6.948672,0,0,Null,2025-11-01
1/16/2026 9:28:26 AM,202411,London Area Airports,HEATHROW,6636316,6503969,2.034865,6634021,6500380,2.055895,2295,3589,-36.054611,2025-11-01
1/16/2026 9:28:26 AM,202411,Other UK Airports,HUMBERSIDE,10579,10200,3.715686,10579,10200,3.715686,0,0,Null,2025-11-01
1/16/2026 9:28:26 AM,202411,Other UK Airports,INVERNESS,57099,51154,11.62177,56890,51102,11.326367,209,52,301.923077,2025-11-01
1/16/2026 9:28:26 AM,202411,Other UK Airports,ISLAY,2117,1945,8.843188,2117,1945,8.843188,0,0,Null,2025-11-01
1/16/2026 9:28:26 AM,202411,Non UK Reporting Airports,ISLE OF MAN,50814,47894,6.096797,50814,47894,6.096797,0,0,Null,2025-11-01
1/16/2026 9:28:26 AM,202411,Other UK Airports,ISLES OF SCILLY (ST.MARYS),2743,2695,1.781076,2743,2695,1.781076,0,0,Null,2025-11-01
1/16/2026 9:28:26 AM,202411,Non UK Reporting Airports,JERSEY,102215,95348,7.202039,102214,95348,7.20099,1,0,Null,2025-11-01
1/16/2026 9:28:26 AM,202411,Other UK Airports,KIRKWALL,11632,10894,6.774371,10930,10278,6.343647,702,616,13.961039,2025-11-01
1/16/2026 9:28:26 AM,202411,Other UK Airports,LANDS END (ST JUST),1962,2114,-7.190161,1962,2114,-7.190161,0,0,Null,2025-11-01
1/16/2026 9:28:26 AM,202411,Other UK Airports,LEEDS BRADFORD,243622,250347,-2.686271,243622,250347,-2.686271,0,0,Null,2025-11-01
1/16/2026 9:28:26 AM,202411,Other UK Airports,LERWICK (TINGWALL),103,161,-36.024845,103,161,-36.024845,0,0,Null,2025-11-01
1/16/2026 9:28:26 AM,202411,Other UK Airports,LIVERPOOL (JOHN LENNON),347052,330154,5.118218,347052,330154,5.118218,0,0,Null,2025-11-01
1/16/2026 9:28:26 AM,202411,London Area Airports,LONDON CITY,306326,307769,-0.468858,306326,307769,-0.468858,0,0,Null,2025-11-01
1/16/2026 9:28:26 AM,202411,London Area Airports,LUTON,1217573,1149540,5.91828,1217573,1149406,5.930629,0,134,Null,2025-11-01
1/16/2026 9:28:26 AM,202411,Other UK Airports,MANCHESTER,2191809,2103488,4.198788,2191809,2100311,4.356402,0,3177,Null,2025-11-01
1/16/2026 9:28:26 AM,202411,Other UK Airports,NEWCASTLE,353287,320191,10.336331,353287,320191,10.336331,0,0,Null,2025-11-01
1/16/2026 9:28:26 AM,202411,Other UK Airports,NEWQUAY,16616,20644,-19.511723,16616,20644,-19.511723,0,0,Null,2025-11-01
1/16/2026 9:28:26 AM,202411,Other UK Airports,NORWICH,24742,22986,7.639433,24742,22986,7.639433,0,0,Null,2025-11-01
1/16/2026 9:28:26 AM,202411,Other UK Airports,PRESTWICK,23203,24649,-5.866364,23203,24647,-5.858725,0,2,Null,2025-11-01
1/16/2026 9:28:26 AM,202411,Other UK Airports,SOUTHAMPTON,64242,62723,2.421759,64242,62723,2.421759,0,0,Null,2025-11-01
1/16/2026 9:28:26 AM,202411,London Area Airports,SOUTHEND,53103,13555,291.759498,53103,13555,291.759498,0,0,Null,2025-11-01
1/16/2026 9:28:26 AM,202411,London Area Airports,STANSTED,2124932,2117176,0.366337,2124932,2117176,0.366337,0,0,Null,2025-11-01
1/16/2026 9:28:26 AM,202411,Other UK Airports,STORNOWAY,8463,8409,0.642169,8463,8409,0.642169,0,0,Null,2025-11-01
1/16/2026 9:28:26 AM,202411,Other UK Airports,SUMBURGH,17372,20771,-16.364162,17372,20771,-16.364162,0,0,Null,2025-11-01
1/16/2026 9:28:26 AM,202411,Other UK Airports,TEESSIDE INTERNATIONAL AIRPORT,14226,12041,18.146333,14226,12041,18.146333,0,0,Null,2025-11-01
1/16/2026 9:28:26 AM,202411,Other UK Airports,TIREE,667,640,4.21875,660,622,6.109325,7,18,-61.111111,2025-11-01
1/16/2026 9:28:26 AM,202411,Other UK Airports,WICK JOHN O GROATS,181,654,-72.324159,181,654,-72.324159,0,0,Null,2025-11-01
2/13/2026 7:10:32 PM,202412,Other UK Airports,ABERDEEN,173817,169354,2.635308,173817,169354,2.635308,0,0,Null,2025-12-01
2/13/2026 7:10:32 PM,202412,Non UK Reporting Airports,ALDERNEY,3006,2815,6.785080,3006,2815,6.785080,0,0,Null,2025-12-01
2/13/2026 7:10:32 PM,202412,Other UK Airports,BARRA,587,476,23.319328,587,476,23.319328,0,0,Null,2025-12-01
2/13/2026 7:10:32 PM,202412,Other UK Airports,BELFAST CITY (GEORGE BEST),202623,189157,7.118954,202623,189089,7.157476,0,68,Null,2025-12-01
2/13/2026 7:10:32 PM,202412,Other UK Airports,BELFAST INTERNATIONAL,483719,495809,-2.438439,483719,495809,-2.438439,0,0,Null,2025-12-01
2/13/2026 7:10:32 PM,202412,Other UK Airports,BENBECULA,2174,2032,6.988189,2157,2032,6.151575,17,0,Null,2025-12-01
2/13/2026 7:10:32 PM,202412,Other UK Airports,BIGGIN HILL,449,345,30.144928,449,345,30.144928,0,0,Null,2025-12-01
2/13/2026 7:10:32 PM,202412,Other UK Airports,BIRMINGHAM,944124,885913,6.570736,943869,885913,6.541952,255,0,Null,2025-12-01
2/13/2026 7:10:32 PM,202412,Other UK Airports,BLACKPOOL,1760,1799,-2.167871,1760,1799,-2.167871,0,0,Null,2025-12-01
2/13/2026 7:10:32 PM,202412,Other UK Airports,BOURNEMOUTH,65697,53080,23.769781,65697,53080,23.769781,0,0,Null,2025-12-01
2/13/2026 7:10:32 PM,202412,Other UK Airports,BRISTOL,732741,677594,8.138649,732450,677364,8.132407,291,230,26.521739,2025-12-01
2/13/2026 7:10:32 PM,202412,Other UK Airports,CAMPBELTOWN,348,299,16.387960,329,299,10.033445,19,0,Null,2025-12-01
2/13/2026 7:10:32 PM,202412,Other UK Airports,CARDIFF WALES,51351,39556,29.818485,50867,39556,28.594903,484,0,Null,2025-12-01
2/13/2026 7:10:32 PM,202412,Other UK Airports,CITY OF DERRY (EGLINTON),19271,20114,-4.191111,19271,20114,-4.191111,0,0,Null,2025-12-01
2/13/2026 7:10:32 PM,202412,Other UK Airports,DUNDEE,2380,2163,10.032362,2380,2163,10.032362,0,0,Null,2025-12-01
2/13/2026 7:10:32 PM,202412,Other UK Airports,EAST MIDLANDS INTERNATIONAL,166361,156329,6.417235,166361,156329,6.417235,0,0,Null,2025-12-01
2/13/2026 7:10:32 PM,202412,Other UK Airports,EDINBURGH,1221778,1153317,5.936009,1221104,1152981,5.908423,674,336,100.595238,2025-12-01
2/13/2026 7:10:32 PM,202412,Other UK Airports,EXETER,27002,22181,21.734818,27002,22181,21.734818,0,0,Null,2025-12-01
2/13/2026 7:10:32 PM,202412,Other UK Airports,FARNBOROUGH,2561,2728,-6.121701,2561,2728,-6.121701,0,0,Null,2025-12-01
2/13/2026 7:10:32 PM,202412,London Area Airports,GATWICK,3115110,3179796,-2.034281,3114381,3179646,-2.052587,729,150,386.000000,2025-12-01
2/13/2026 7:10:32 PM,202412,Other UK Airports,GLASGOW,571437,546225,4.615680,571255,546225,4.582361,182,0,Null,2025-12-01
2/13/2026 7:10:32 PM,202412,Non UK Reporting Airports,GUERNSEY,50147,49055,2.226073,50120,49012,2.260671,27,43,-37.209302,2025-12-01
2/13/2026 7:10:32 PM,202412,London Area Airports,HEATHROW,7191078,7077966,1.598086,7188658,7074968,1.606933,2420,2998,-19.279520,2025-12-01
2/13/2026 7:10:32 PM,202412,Other UK Airports,HUMBERSIDE,11173,10985,1.711425,11173,10985,1.711425,0,0,Null,2025-12-01
2/13/2026 7:10:32 PM,202412,Other UK Airports,INVERNESS,54038,50565,6.868387,53869,50524,6.620616,169,41,312.195122,2025-12-01
2/13/2026 7:10:32 PM,202412,Other UK Airports,ISLAY,1433,1423,0.702741,1433,1423,0.702741,0,0,Null,2025-12-01
2/13/2026 7:10:32 PM,202412,Non UK Reporting Airports,ISLE OF MAN,52814,50858,3.846003,52814,50858,3.846003,0,0,Null,2025-12-01
2/13/2026 7:10:32 PM,202412,Other UK Airports,ISLES OF SCILLY (ST.MARYS),2958,2367,24.968314,2958,2367,24.968314,0,0,Null,2025-12-01
2/13/2026 7:10:32 PM,202412,Non UK Reporting Airports,JERSEY,105532,99811,5.731833,105532,99808,5.735011,0,3,Null,2025-12-01
2/13/2026 7:10:32 PM,202412,Other UK Airports,KIRKWALL,10812,10186,6.145690,10176,9509,7.014407,636,677,-6.056130,2025-12-01
2/13/2026 7:10:32 PM,202412,Other UK Airports,LANDS END (ST JUST),2149,2049,4.880429,2149,2049,4.880429,0,0,Null,2025-12-01
2/13/2026 7:10:32 PM,202412,Other UK Airports,LEEDS BRADFORD,233190,228898,1.875071,233190,228898,1.875071,0,0,Null,2025-12-01
2/13/2026 7:10:32 PM,202412,Other UK Airports,LERWICK (TINGWALL),133,122,9.016393,133,122,9.016393,0,0,Null,2025-12-01
2/13/2026 7:10:32 PM,202412,Other UK Airports,LIVERPOOL (JOHN LENNON),386951,344294,12.389702,386951,344294,12.389702,0,0,Null,2025-12-01
2/13/2026 7:10:32 PM,202412,London Area Airports,LONDON CITY,289450,280940,3.029117,289450,280940,3.029117,0,0,Null,2025-12-01
2/13/2026 7:10:32 PM,202412,London Area Airports,LUTON,1358757,1297918,4.687430,1358757,1297759,4.700256,0,159,Null,2025-12-01
2/13/2026 7:10:32 PM,202412,Other UK Airports,LYDD,1,5,-80.000000,1,5,-80.000000,0,0,Null,2025-12-01
2/13/2026 7:10:32 PM,202412,Other UK Airports,MANCHESTER,2367746,2239719,5.716208,2367746,2236481,5.869265,0,3238,Null,2025-12-01
2/13/2026 7:10:32 PM,202412,Other UK Airports,NEWCASTLE,347686,317851,9.386474,347686,317851,9.386474,0,0,Null,2025-12-01
2/13/2026 7:10:32 PM,202412,Other UK Airports,NEWQUAY,17965,19402,-7.406453,17965,19402,-7.406453,0,0,Null,2025-12-01
2/13/2026 7:10:32 PM,202412,Other UK Airports,NORWICH,25132,22971,9.407514,25132,22971,9.407514,0,0,Null,2025-12-01
2/13/2026 7:10:32 PM,202412,Other UK Airports,PRESTWICK,23528,24951,-5.703178,23528,24951,-5.703178,0,0,Null,2025-12-01
2/13/2026 7:10:32 PM,202412,Other UK Airports,SOUTHAMPTON,66948,64797,3.319598,66919,64730,3.381740,29,67,-56.716418,2025-12-01
2/13/2026 7:10:32 PM,202412,London Area Airports,SOUTHEND,57979,15949,263.527494,57979,15949,263.527494,0,0,Null,2025-12-01
2/13/2026 7:10:32 PM,202412,London Area Airports,STANSTED,2248328,2206750,1.884128,2248328,2206750,1.884128,0,0,Null,2025-12-01
2/13/2026 7:10:32 PM,202412,Other UK Airports,STORNOWAY,7793,7295,6.826594,7775,7295,6.579849,18,0,Null,2025-12-01
2/13/2026 7:10:32 PM,202412,Other UK Airports,SUMBURGH,17975,20520,-12.402534,17962,20520,-12.465887,13,0,Null,2025-12-01
2/13/2026 7:10:32 PM,202412,Other UK Airports,TEESSIDE INTERNATIONAL AIRPORT,14667,12381,18.463775,14667,12336,18.895914,0,45,Null,2025-12-01
2/13/2026 7:10:32 PM,202412,Other UK Airports,TIREE,574,448,28.125000,559,444,25.900901,15,4,275.000000,2025-12-01
2/13/2026 7:10:32 PM,202412,Other UK Airports,WICK JOHN O GROATS,0,477,Null,0,477,Null,0,0,Null,2025-12-01
3/19/2026 8:22:28 AM,202501,Other UK Airports,ABERDEEN,138926,149243,-6.912887,138926,149243,-6.912887,0,0,Null,2026-01-01
3/19/2026 8:22:28 AM,202501,Non UK Reporting Airports,ALDERNEY,2246,2456,-8.550489,2246,2456,-8.550489,0,0,Null,2026-01-01
3/19/2026 8:22:28 AM,202501,Other UK Airports,BARRA,583,509,14.538310,583,507,14.990138,0,2,Null,2026-01-01
3/19/2026 8:22:28 AM,202501,Other UK Airports,BELFAST CITY (GEORGE BEST),171431,165373,3.663234,171431,165373,3.663234,0,0,Null,2026-01-01
3/19/2026 8:22:28 AM,202501,Other UK Airports,BELFAST INTERNATIONAL,388637,390629,-0.509947,388637,390629,-0.509947,0,0,Null,2026-01-01
3/19/2026 8:22:28 AM,202501,Other UK Airports,BENBECULA,1410,1546,-8.796895,1410,1546,-8.796895,0,0,Null,2026-01-01
3/19/2026 8:22:28 AM,202501,Other UK Airports,BIGGIN HILL,478,247,93.522267,478,247,93.522267,0,0,Null,2026-01-01
3/19/2026 8:22:28 AM,202501,Other UK Airports,BIRMINGHAM,792160,781639,1.346018,791978,780708,1.443561,182,931,-80.451128,2026-01-01
3/19/2026 8:22:28 AM,202501,Other UK Airports,BLACKPOOL,1769,1068,65.636704,1769,1068,65.636704,0,0,Null,2026-01-01
3/19/2026 8:22:28 AM,202501,Other UK Airports,BOURNEMOUTH,54381,44728,21.581560,54381,44728,21.581560,0,0,Null,2026-01-01
3/19/2026 8:22:28 AM,202501,Other UK Airports,BRISTOL,576284,560729,2.774067,575993,560572,2.750940,291,157,85.350318,2026-01-01
3/19/2026 8:22:28 AM,202501,Other UK Airports,CAMPBELTOWN,339,414,-18.115942,336,375,-10.400000,3,39,-92.307692,2026-01-01
3/19/2026 8:22:28 AM,202501,Other UK Airports,CARDIFF WALES,46079,37894,21.599726,46079,37894,21.599726,0,0,Null,2026-01-01
3/19/2026 8:22:28 AM,202501,Other UK Airports,CITY OF DERRY (EGLINTON),15498,15064,2.881041,15498,15064,2.881041,0,0,Null,2026-01-01
3/19/2026 8:22:28 AM,202501,Other UK Airports,DUNDEE,1910,1661,14.990969,1910,1661,14.990969,0,0,Null,2026-01-01
3/19/2026 8:22:28 AM,202501,Other UK Airports,EAST MIDLANDS INTERNATIONAL,138207,136573,1.196430,138207,136573,1.196430,0,0,Null,2026-01-01
3/19/2026 8:22:28 AM,202501,Other UK Airports,EDINBURGH,1017844,949376,7.211895,1017498,949376,7.175450,346,0,Null,2026-01-01
3/19/2026 8:22:28 AM,202501,Other UK Airports,EXETER,22297,17608,26.629941,22213,17608,26.152885,84,0,Null,2026-01-01
3/19/2026 8:22:28 AM,202501,Other UK Airports,FARNBOROUGH,2401,2262,6.145004,2401,2262,6.145004,0,0,Null,2026-01-01
3/19/2026 8:22:28 AM,202501,London Area Airports,GATWICK,2439742,2542892,-4.056405,2439426,2541908,-4.031696,316,984,-67.886179,2026-01-01
3/19/2026 8:22:28 AM,202501,Other UK Airports,GLASGOW,506315,469823,7.767180,505879,469823,7.674380,436,0,Null,2026-01-01
3/19/2026 8:22:28 AM,202501,Non UK Reporting Airports,GUERNSEY,40592,39751,2.115670,40565,39720,2.127392,27,31,-12.903226,2026-01-01
3/19/2026 8:22:28 AM,202501,London Area Airports,HEATHROW,6463289,6324137,2.200332,6460541,6319244,2.235979,2748,4893,-43.838136,2026-01-01
3/19/2026 8:22:28 AM,202501,Other UK Airports,HUMBERSIDE,8202,10016,-18.111022,8202,10016,-18.111022,0,0,Null,2026-01-01
3/19/2026 8:22:28 AM,202501,Other UK Airports,INVERNESS,44064,42151,4.538445,44011,42110,4.514367,53,41,29.268293,2026-01-01
3/19/2026 8:22:28 AM,202501,Other UK Airports,ISLAY,1435,1388,3.386167,1435,1388,3.386167,0,0,Null,2026-01-01
3/19/2026 8:22:28 AM,202501,Non UK Reporting Airports,ISLE OF MAN,39849,39462,0.980690,39849,39462,0.980690,0,0,Null,2026-01-01
3/19/2026 8:22:28 AM,202501,Other UK Airports,ISLES OF SCILLY (ST.MARYS),2630,2511,4.739148,2630,2511,4.739148,0,0,Null,2026-01-01
3/19/2026 8:22:28 AM,202501,Non UK Reporting Airports,JERSEY,80321,77283,3.931007,80321,77283,3.931007,0,0,Null,2026-01-01
3/19/2026 8:22:28 AM,202501,Other UK Airports,KIRKWALL,8696,8855,-1.795596,7460,8309,-10.217836,1236,546,126.373626,2026-01-01
3/19/2026 8:22:28 AM,202501,Other UK Airports,LANDS END (ST JUST),1757,2080,-15.528846,1757,2080,-15.528846,0,0,Null,2026-01-01
3/19/2026 8:22:28 AM,202501,Other UK Airports,LEEDS BRADFORD,195049,197442,-1.212001,195049,197442,-1.212001,0,0,Null,2026-01-01
3/19/2026 8:22:28 AM,202501,Other UK Airports,LERWICK (TINGWALL),80,126,-36.507937,80,126,-36.507937,0,0,Null,2026-01-01
3/19/2026 8:22:28 AM,202501,Other UK Airports,LIVERPOOL (JOHN LENNON),293366,301329,-2.642626,293366,301329,-2.642626,0,0,Null,2026-01-01
3/19/2026 8:22:28 AM,202501,London Area Airports,LONDON CITY,227038,229818,-1.209653,227038,229818,-1.209653,0,0,Null,2026-01-01
3/19/2026 8:22:28 AM,202501,London Area Airports,LUTON,1185533,1140509,3.947711,1185332,1140509,3.930087,201,0,Null,2026-01-01
3/19/2026 8:22:28 AM,202501,Other UK Airports,LYDD,0,1,Null,0,1,Null,0,0,Null,2026-01-01
3/19/2026 8:22:28 AM,202501,Other UK Airports,MANCHESTER,2046798,1941101,5.445209,2046798,1937964,5.615894,0,3137,Null,2026-01-01
3/19/2026 8:22:28 AM,202501,Other UK Airports,NEWCASTLE,304724,279356,9.080886,304724,279356,9.080886,0,0,Null,2026-01-01
3/19/2026 8:22:28 AM,202501,Other UK Airports,NEWQUAY,14383,15255,-5.716159,14383,15255,-5.716159,0,0,Null,2026-01-01
3/19/2026 8:22:28 AM,202501,Other UK Airports,NORWICH,20619,20347,1.336806,20619,20347,1.336806,0,0,Null,2026-01-01
3/19/2026 8:22:28 AM,202501,Other UK Airports,OXFORD (KIDLINGTON),73,0,Null,73,0,Null,0,0,Null,2026-01-01
3/19/2026 8:22:28 AM,202501,Other UK Airports,PRESTWICK,18942,21665,-12.568659,18942,21665,-12.568659,0,0,Null,2026-01-01
3/19/2026 8:22:28 AM,202501,Other UK Airports,SOUTHAMPTON,53436,52131,2.503309,53436,52131,2.503309,0,0,Null,2026-01-01
3/19/2026 8:22:28 AM,202501,London Area Airports,SOUTHEND,42903,10967,291.200875,42903,10967,291.200875,0,0,Null,2026-01-01
3/19/2026 8:22:28 AM,202501,London Area Airports,STANSTED,1881453,1844805,1.986551,1881453,1844805,1.986551,0,0,Null,2026-01-01
3/19/2026 8:22:28 AM,202501,Other UK Airports,STORNOWAY,6411,6004,6.778814,6411,6004,6.778814,0,0,Null,2026-01-01
3/19/2026 8:22:28 AM,202501,Other UK Airports,SUMBURGH,18141,19610,-7.491076,17518,19584,-10.549428,623,26,2296.153846,2026-01-01
3/19/2026 8:22:28 AM,202501,Other UK Airports,TEESSIDE INTERNATIONAL AIRPORT,10114,11344,-10.842736,10114,11291,-10.424232,0,53,Null,2026-01-01
3/19/2026 8:22:28 AM,202501,Other UK Airports,TIREE,631,553,14.104882,599,494,21.255061,32,59,-45.762712,2026-01-01
3/19/2026 8:22:28 AM,202501,Other UK Airports,WICK JOHN O GROATS,128,589,-78.268251,128,589,-78.268251,0,0,Null,2026-01-01
4/15/2026 3:07:30 PM,202502,Other UK Airports,ABERDEEN,151297,154494,-2.069336,151297,154459,-2.047145,0,35,Null,2026-02-01
4/15/2026 3:07:30 PM,202502,Non UK Reporting Airports,ALDERNEY,2489,2913,-14.555441,2489,2913,-14.555441,0,0,Null,2026-02-01
4/15/2026 3:07:30 PM,202502,Other UK Airports,BARRA,720,676,6.508876,720,676,6.508876,0,0,Null,2026-02-01
4/15/2026 3:07:30 PM,202502,Other UK Airports,BELFAST CITY (GEORGE BEST),187934,177746,5.731775,187934,177746,5.731775,0,0,Null,2026-02-01
4/15/2026 3:07:30 PM,202502,Other UK Airports,BELFAST INTERNATIONAL,459643,465109,-1.175208,459643,465109,-1.175208,0,0,Null,2026-02-01
4/15/2026 3:07:30 PM,202502,Other UK Airports,BENBECULA,1939,1707,13.591095,1939,1707,13.591095,0,0,Null,2026-02-01
4/15/2026 3:07:30 PM,202502,Other UK Airports,BIGGIN HILL,363,539,-32.653061,363,539,-32.653061,0,0,Null,2026-02-01
4/15/2026 3:07:30 PM,202502,Other UK Airports,BIRMINGHAM,842890,819761,2.821432,842756,819761,2.805086,134,0,Null,2026-02-01
4/15/2026 3:07:30 PM,202502,Other UK Airports,BLACKPOOL,1319,1676,-21.300716,1319,1676,-21.300716,0,0,Null,2026-02-01
4/15/2026 3:07:30 PM,202502,Other UK Airports,BOURNEMOUTH,58309,56125,3.891314,58309,56121,3.898719,0,4,Null,2026-02-01
4/15/2026 3:07:30 PM,202502,Other UK Airports,BRISTOL,678065,656983,3.208911,677896,656825,3.208008,169,158,6.962025,2026-02-01
4/15/2026 3:07:30 PM,202502,Other UK Airports,CAMPBELTOWN,437,424,3.066038,412,424,-2.830189,25,0,Null,2026-02-01
4/15/2026 3:07:30 PM,202502,Other UK Airports,CARDIFF WALES,58869,45284,29.999558,58869,45284,29.999558,0,0,Null,2026-02-01
4/15/2026 3:07:30 PM,202502,Other UK Airports,CITY OF DERRY (EGLINTON),18441,17313,6.515335,18441,17313,6.515335,0,0,Null,2026-02-01
4/15/2026 3:07:30 PM,202502,Other UK Airports,DUNDEE,2211,1739,27.142036,2211,1739,27.142036,0,0,Null,2026-02-01
4/15/2026 3:07:30 PM,202502,Other UK Airports,EAST MIDLANDS INTERNATIONAL,137993,142507,-3.167564,137993,142507,-3.167564,0,0,Null,2026-02-01
4/15/2026 3:07:30 PM,202502,Other UK Airports,EDINBURGH,1071174,1016219,5.407791,1071174,1016219,5.407791,0,0,Null,2026-02-01
4/15/2026 3:07:30 PM,202502,Other UK Airports,EXETER,23361,18560,25.867457,23313,18560,25.608836,48,0,Null,2026-02-01
4/15/2026 3:07:30 PM,202502,Other UK Airports,FARNBOROUGH,2346,2248,4.359431,2346,2248,4.359431,0,0,Null,2026-02-01
4/15/2026 3:07:30 PM,202502,London Area Airports,GATWICK,2620187,2743711,-4.502078,2619836,2743711,-4.514871,351,0,Null,2026-02-01
4/15/2026 3:07:30 PM,202502,Other UK Airports,GLASGOW,510884,491097,4.029143,510884,491097,4.029143,0,0,Null,2026-02-01
4/15/2026 3:07:30 PM,202502,Non UK Reporting Airports,GUERNSEY,42811,43767,-2.184294,42811,43717,-2.072420,0,50,Null,2026-02-01
4/15/2026 3:07:30 PM,202502,London Area Airports,HEATHROW,5821301,5713253,1.891182,5818778,5709132,1.920537,2523,4121,-38.776996,2026-02-01
4/15/2026 3:07:30 PM,202502,Other UK Airports,HUMBERSIDE,9842,10520,-6.444867,9842,10520,-6.444867,0,0,Null,2026-02-01
4/15/2026 3:07:30 PM,202502,Other UK Airports,INVERNESS,49835,45881,8.617946,49747,45847,8.506554,88,34,158.823529,2026-02-01
4/15/2026 3:07:30 PM,202502,Other UK Airports,ISLAY,1895,1813,4.522890,1895,1813,4.522890,0,0,Null,2026-02-01
4/15/2026 3:07:30 PM,202502,Non UK Reporting Airports,ISLE OF MAN,45224,46292,-2.307094,45224,46292,-2.307094,0,0,Null,2026-02-01
4/15/2026 3:07:30 PM,202502,Other UK Airports,ISLES OF SCILLY (ST.MARYS),2755,2952,-6.673442,2755,2952,-6.673442,0,0,Null,2026-02-01
4/15/2026 3:07:30 PM,202502,Non UK Reporting Airports,JERSEY,89630,87946,1.914811,89439,87946,1.697633,191,0,Null,2026-02-01
4/15/2026 3:07:30 PM,202502,Other UK Airports,KIRKWALL,11014,10137,8.651475,9419,9380,0.415778,1595,757,110.700132,2026-02-01
4/15/2026 3:07:30 PM,202502,Other UK Airports,LANDS END (ST JUST),1702,2440,-30.245902,1702,2440,-30.245902,0,0,Null,2026-02-01
4/15/2026 3:07:30 PM,202502,Other UK Airports,LEEDS BRADFORD,218273,228584,-4.510814,218273,228584,-4.510814,0,0,Null,2026-02-01
4/15/2026 3:07:30 PM,202502,Other UK Airports,LERWICK (TINGWALL),145,177,-18.079096,145,177,-18.079096,0,0,Null,2026-02-01
4/15/2026 3:07:30 PM,202502,Other UK Airports,LIVERPOOL (JOHN LENNON),346479,336121,3.081628,346479,336121,3.081628,0,0,Null,2026-02-01
4/15/2026 3:07:30 PM,202502,London Area Airports,LONDON CITY,253456,254443,-0.387906,253456,254443,-0.387906,0,0,Null,2026-02-01
4/15/2026 3:07:30 PM,202502,London Area Airports,LUTON,1219081,1184162,2.948836,1219081,1183984,2.964314,0,178,Null,2026-02-01
4/15/2026 3:07:30 PM,202502,Other UK Airports,MANCHESTER,2054909,2012172,2.123924,2054909,2009620,2.253610,0,2552,Null,2026-02-01
4/15/2026 3:07:30 PM,202502,Other UK Airports,NEWCASTLE,327793,298765,9.715998,327793,298765,9.715998,0,0,Null,2026-02-01
4/15/2026 3:07:30 PM,202502,Other UK Airports,NEWQUAY,16049,16872,-4.877904,16049,16868,-4.855347,0,4,Null,2026-02-01
4/15/2026 3:07:30 PM,202502,Other UK Airports,NORWICH,22514,21088,6.762140,22514,21088,6.762140,0,0,Null,2026-02-01
4/15/2026 3:07:30 PM,202502,Other UK Airports,OXFORD (KIDLINGTON),226,0,Null,226,0,Null,0,0,Null,2026-02-01
4/15/2026 3:07:30 PM,202502,Other UK Airports,PRESTWICK,20634,25267,-18.336170,20553,25267,-18.656746,81,0,Null,2026-02-01
4/15/2026 3:07:30 PM,202502,Other UK Airports,SOUTHAMPTON,58996,58631,0.622538,58996,58631,0.622538,0,0,Null,2026-02-01
4/15/2026 3:07:30 PM,202502,London Area Airports,SOUTHEND,49352,14698,235.773575,49352,14698,235.773575,0,0,Null,2026-02-01
4/15/2026 3:07:30 PM,202502,London Area Airports,STANSTED,1982613,1998004,-0.770319,1982613,1998004,-0.770319,0,0,Null,2026-02-01
4/15/2026 3:07:30 PM,202502,Other UK Airports,STORNOWAY,7344,6851,7.196030,7344,6851,7.196030,0,0,Null,2026-02-01
4/15/2026 3:07:30 PM,202502,Other UK Airports,SUMBURGH,20567,20193,1.852127,19846,20179,-1.650230,721,14,5050.000000,2026-02-01
4/15/2026 3:07:30 PM,202502,Other UK Airports,TEESSIDE INTERNATIONAL AIRPORT,11356,11768,-3.501020,11356,11768,-3.501020,0,0,Null,2026-02-01
4/15/2026 3:07:30 PM,202502,Other UK Airports,TIREE,587,630,-6.825397,559,614,-8.957655,28,16,75.000000,2026-02-01
4/15/2026 3:07:30 PM,202502,Other UK Airports,WICK JOHN O GROATS,201,550,-63.454545,201,550,-63.454545,0,0,Null,2026-02-01
5/19/2026 9:31:46 AM,202503,Other UK Airports,ABERDEEN,177127,173821,1.901957,177127,173821,1.901957,0,0,Null,2026-03-01
5/19/2026 9:31:46 AM,202503,Non UK Reporting Airports,ALDERNEY,3063,3588,-14.632107,3063,3588,-14.632107,0,0,Null,2026-03-01
5/19/2026 9:31:46 AM,202503,Other UK Airports,BARRA,931,938,-0.746269,931,938,-0.746269,0,0,Null,2026-03-01
5/19/2026 9:31:46 AM,202503,Other UK Airports,BELFAST CITY (GEORGE BEST),212706,198496,7.158834,212641,198496,7.126088,65,0,Null,2026-03-01
5/19/2026 9:31:46 AM,202503,Other UK Airports,BELFAST INTERNATIONAL,532799,507361,5.013787,532799,507361,5.013787,0,0,Null,2026-03-01
5/19/2026 9:31:46 AM,202503,Other UK Airports,BENBECULA,1929,1939,-0.515730,1928,1938,-0.515996,1,1,(None),2026-03-01
5/19/2026 9:31:46 AM,202503,Other UK Airports,BIGGIN HILL,412,319,29.153605,412,319,29.153605,0,0,Null,2026-03-01
5/19/2026 9:31:46 AM,202503,Other UK Airports,BIRMINGHAM,986448,947510,4.109508,986448,947510,4.109508,0,0,Null,2026-03-01
5/19/2026 9:31:46 AM,202503,Other UK Airports,BLACKPOOL,1853,1453,27.529250,1853,1453,27.529250,0,0,Null,2026-03-01
5/19/2026 9:31:46 AM,202503,Other UK Airports,BOURNEMOUTH,79321,68303,16.131063,79321,68303,16.131063,0,0,Null,2026-03-01
5/19/2026 9:31:46 AM,202503,Other UK Airports,BRISTOL,818866,763688,7.225202,818693,763541,7.223188,173,147,17.687075,2026-03-01
5/19/2026 9:31:46 AM,202503,Other UK Airports,CAMPBELTOWN,469,507,-7.495069,469,507,-7.495069,0,0,Null,2026-03-01
5/19/2026 9:31:46 AM,202503,Other UK Airports,CARDIFF WALES,57172,47909,19.334572,57172,47909,19.334572,0,0,Null,2026-03-01
5/19/2026 9:31:46 AM,202503,Other UK Airports,CITY OF DERRY (EGLINTON),21022,17431,20.601228,21022,17431,20.601228,0,0,Null,2026-03-01
5/19/2026 9:31:46 AM,202503,Other UK Airports,DUNDEE,2594,1924,34.823285,2525,1897,33.104902,69,27,155.555556,2026-03-01
5/19/2026 9:31:46 AM,202503,Other UK Airports,EAST MIDLANDS INTERNATIONAL,207897,200133,3.879420,207897,200133,3.879420,0,0,Null,2026-03-01
5/19/2026 9:31:46 AM,202503,Other UK Airports,EDINBURGH,1274234,1191087,6.980766,1274234,1191087,6.980766,0,0,Null,2026-03-01
5/19/2026 9:31:46 AM,202503,Other UK Airports,EXETER,29102,25653,13.444821,28709,25653,11.912837,393,0,Null,2026-03-01
5/19/2026 9:31:46 AM,202503,Other UK Airports,FARNBOROUGH,3102,2384,30.117450,3102,2384,30.117450,0,0,Null,2026-03-01
5/19/2026 9:31:46 AM,202503,London Area Airports,GATWICK,3067847,3146347,-2.494957,3067248,3146106,-2.506527,599,241,148.547718,2026-03-01
5/19/2026 9:31:46 AM,202503,Other UK Airports,GLASGOW,590300,586778,0.600227,590151,586592,0.606725,149,186,-19.892473,2026-03-01
5/19/2026 9:31:46 AM,202503,Non UK Reporting Airports,GUERNSEY,52573,52498,0.142863,52573,52463,0.209672,0,35,Null,2026-03-01
5/19/2026 9:31:46 AM,202503,London Area Airports,HEATHROW,6648550,6220512,6.881073,6645228,6218116,6.868833,3322,2396,38.647746,2026-03-01
5/19/2026 9:31:46 AM,202503,Other UK Airports,HUMBERSIDE,10679,11555,-7.581134,10679,11555,-7.581134,0,0,Null,2026-03-01
5/19/2026 9:31:46 AM,202503,Other UK Airports,INVERNESS,59237,54684,8.326019,59112,54631,8.202303,125,53,135.849057,2026-03-01
5/19/2026 9:31:46 AM,202503,Other UK Airports,ISLAY,2233,2715,-17.753223,2233,2715,-17.753223,0,0,Null,2026-03-01
5/19/2026 9:31:46 AM,202503,Non UK Reporting Airports,ISLE OF MAN,52336,50682,3.263486,52326,50682,3.243755,10,0,Null,2026-03-01
5/19/2026 9:31:46 AM,202503,Other UK Airports,ISLES OF SCILLY (ST.MARYS),3445,3982,-13.485686,3445,3982,-13.485686,0,0,Null,2026-03-01
5/19/2026 9:31:46 AM,202503,Non UK Reporting Airports,JERSEY,105267,104587,0.650176,105267,104581,0.655951,0,6,Null,2026-03-01
5/19/2026 9:31:46 AM,202503,Other UK Airports,KIRKWALL,12735,11810,7.832345,11612,11153,4.115485,1123,657,70.928463,2026-03-01
5/19/2026 9:31:46 AM,202503,Other UK Airports,LANDS END (ST JUST),2330,3042,-23.405654,2330,3042,-23.405654,0,0,Null,2026-03-01
5/19/2026 9:31:46 AM,202503,Other UK Airports,LEEDS BRADFORD,285998,279945,2.162210,285998,279945,2.162210,0,0,Null,2026-03-01
5/19/2026 9:31:46 AM,202503,Other UK Airports,LERWICK (TINGWALL),247,218,13.302752,247,218,13.302752,0,0,Null,2026-03-01
5/19/2026 9:31:46 AM,202503,Other UK Airports,LIVERPOOL (JOHN LENNON),434457,403398,7.699344,434457,403398,7.699344,0,0,Null,2026-03-01
5/19/2026 9:31:46 AM,202503,London Area Airports,LONDON CITY,302387,306648,-1.389541,302387,306648,-1.389541,0,0,Null,2026-03-01
5/19/2026 9:31:46 AM,202503,London Area Airports,LUTON,1357889,1334231,1.773156,1357889,1334095,1.783531,0,136,Null,2026-03-01
5/19/2026 9:31:46 AM,202503,Other UK Airports,MANCHESTER,2262766,2241820,0.934330,2262766,2238629,1.078205,0,3191,Null,2026-03-01
5/19/2026 9:31:46 AM,202503,Other UK Airports,NEWCASTLE,386509,356036,8.558966,386509,356036,8.558966,0,0,Null,2026-03-01
5/19/2026 9:31:46 AM,202503,Other UK Airports,NEWQUAY,22991,23630,-2.704190,22991,23630,-2.704190,0,0,Null,2026-03-01
5/19/2026 9:31:46 AM,202503,Other UK Airports,NORWICH,26998,24625,9.636548,26998,24625,9.636548,0,0,Null,2026-03-01
5/19/2026 9:31:46 AM,202503,Other UK Airports,OXFORD (KIDLINGTON),163,0,Null,163,0,Null,0,0,Null,2026-03-01
5/19/2026 9:31:46 AM,202503,Other UK Airports,PRESTWICK,30802,35302,-12.747153,30802,35302,-12.747153,0,0,Null,2026-03-01
5/19/2026 9:31:46 AM,202503,Other UK Airports,SOUTHAMPTON,69556,68717,1.220950,69556,68717,1.220950,0,0,Null,2026-03-01
5/19/2026 9:31:46 AM,202503,London Area Airports,SOUTHEND,58623,17795,229.435235,58623,17795,229.435235,0,0,Null,2026-03-01
5/19/2026 9:31:46 AM,202503,London Area Airports,STANSTED,2257554,2291560,-1.483967,2257554,2291560,-1.483967,0,0,Null,2026-03-01
5/19/2026 9:31:46 AM,202503,Other UK Airports,STORNOWAY,8641,8317,3.895635,8641,8317,3.895635,0,0,Null,2026-03-01
5/19/2026 9:31:46 AM,202503,Other UK Airports,SUMBURGH,23530,22100,6.470588,23353,22100,5.669683,177,0,Null,2026-03-01
5/19/2026 9:31:46 AM,202503,Other UK Airports,TEESSIDE INTERNATIONAL AIRPORT,16658,15181,9.729267,16658,15152,9.939282,0,29,Null,2026-03-01
5/19/2026 9:31:46 AM,202503,Other UK Airports,TIREE,710,707,0.424328,703,705,-0.283688,7,2,250.000000,2026-03-01
5/19/2026 9:31:46 AM,202503,Other UK Airports,WICK JOHN O GROATS,266,646,-58.823529,266,646,-58.823529,0,0,Null,2026-03-01
6/17/2026 9:53:01 AM,202504,Other UK Airports,ABERDEEN,190053,189632,0.222009,190053,189632,0.222009,0,0,Null,2026-04-01
6/17/2026 9:53:01 AM,202504,Non UK Reporting Airports,ALDERNEY,3694,4177,-11.563323,3694,4177,-11.563323,0,0,Null,2026-04-01
6/17/2026 9:53:01 AM,202504,Other UK Airports,BARRA,1119,1147,-2.441151,1119,1147,-2.441151,0,0,Null,2026-04-01
6/17/2026 9:53:01 AM,202504,Other UK Airports,BELFAST CITY (GEORGE BEST),214935,197920,8.596908,214935,197920,8.596908,0,0,Null,2026-04-01
6/17/2026 9:53:01 AM,202504,Other UK Airports,BELFAST INTERNATIONAL,568632,552566,2.907526,568632,552566,2.907526,0,0,Null,2026-04-01
6/17/2026 9:53:01 AM,202504,Other UK Airports,BENBECULA,2208,2372,-6.913997,2208,2369,-6.796117,0,3,Null,2026-04-01
6/17/2026 9:53:01 AM,202504,Other UK Airports,BIGGIN HILL,422,395,6.835443,422,395,6.835443,0,0,Null,2026-04-01
6/17/2026 9:53:01 AM,202504,Other UK Airports,BIRMINGHAM,1077529,1090931,-1.228492,1077529,1090931,-1.228492,0,0,Null,2026-04-01
6/17/2026 9:53:01 AM,202504,Other UK Airports,BLACKPOOL,2296,1942,18.228630,2296,1942,18.228630,0,0,Null,2026-04-01
6/17/2026 9:53:01 AM,202504,Other UK Airports,BOURNEMOUTH,113323,105482,7.433496,113323,105482,7.433496,0,0,Null,2026-04-01
6/17/2026 9:53:01 AM,202504,Other UK Airports,BRISTOL,899935,893015,0.774903,899645,893015,0.742429,290,0,Null,2026-04-01
6/17/2026 9:53:01 AM,202504,Other UK Airports,CAMPBELTOWN,615,678,-9.292035,615,678,-9.292035,0,0,Null,2026-04-01
6/17/2026 9:53:01 AM,202504,Other UK Airports,CARDIFF WALES,69246,58461,18.448196,69090,58461,18.181352,156,0,Null,2026-04-01
6/17/2026 9:53:01 AM,202504,Other UK Airports,CITY OF DERRY (EGLINTON),21493,17434,23.282092,21493,17434,23.282092,0,0,Null,2026-04-01
6/17/2026 9:53:01 AM,202504,Other UK Airports,DUNDEE,3002,2762,8.689356,2527,2188,15.493601,475,574,-17.247387,2026-04-01
6/17/2026 9:53:01 AM,202504,Other UK Airports,EAST MIDLANDS INTERNATIONAL,336757,319449,5.418079,336757,319449,5.418079,0,0,Null,2026-04-01
6/17/2026 9:53:01 AM,202504,Other UK Airports,EDINBURGH,1464495,1393452,5.098346,1464495,1393452,5.098346,0,0,Null,2026-04-01
6/17/2026 9:53:01 AM,202504,Other UK Airports,EXETER,46061,42761,7.717313,45809,42761,7.127990,252,0,Null,2026-04-01
6/17/2026 9:53:01 AM,202504,Other UK Airports,FARNBOROUGH,2637,2532,4.146919,2637,2532,4.146919,0,0,Null,2026-04-01
6/17/2026 9:53:01 AM,202504,London Area Airports,GATWICK,3318685,3556618,-6.689867,3318547,3556255,-6.684223,138,363,-61.983471,2026-04-01
6/17/2026 9:53:01 AM,202504,Other UK Airports,GLASGOW,695534,669761,3.848089,695448,669645,3.853236,86,116,-25.862069,2026-04-01
6/17/2026 9:53:01 AM,202504,Non UK Reporting Airports,GUERNSEY,57261,57839,-0.999326,57254,57776,-0.903489,7,63,-88.888889,2026-04-01
6/17/2026 9:53:01 AM,202504,London Area Airports,HEATHROW,6721740,7099310,-5.318404,6720994,7098836,-5.322591,746,474,57.383966,2026-04-01
6/17/2026 9:53:01 AM,202504,Other UK Airports,HUMBERSIDE,11398,12410,-8.154714,11398,12410,-8.154714,0,0,Null,2026-04-01
6/17/2026 9:53:01 AM,202504,Other UK Airports,INVERNESS,83716,79035,5.922692,83520,78759,6.045023,196,276,-28.985507,2026-04-01
6/17/2026 9:53:01 AM,202504,Other UK Airports,ISLAY,2783,2874,-3.166319,2783,2874,-3.166319,0,0,Null,2026-04-01
6/17/2026 9:53:01 AM,202504,Non UK Reporting Airports,ISLE OF MAN,48052,47170,1.869833,48047,47100,2.010616,5,70,-92.857143,2026-04-01
6/17/2026 9:53:01 AM,202504,Other UK Airports,ISLES OF SCILLY (ST.MARYS),6356,7119,-10.717797,6356,7119,-10.717797,0,0,Null,2026-04-01
6/17/2026 9:53:01 AM,202504,Non UK Reporting Airports,JERSEY,125989,122900,2.513426,125989,122886,2.525105,0,14,Null,2026-04-01
6/17/2026 9:53:01 AM,202504,Other UK Airports,KIRKWALL,12853,13176,-2.451427,12008,12290,-2.294548,845,886,-4.627540,2026-04-01
6/17/2026 9:53:01 AM,202504,Other UK Airports,LANDS END (ST JUST),4262,5264,-19.034954,4262,5241,-18.679641,0,23,Null,2026-04-01
6/17/2026 9:53:01 AM,202504,Other UK Airports,LEEDS BRADFORD,389660,365033,6.746513,389660,365033,6.746513,0,0,Null,2026-04-01
6/17/2026 9:53:01 AM,202504,Other UK Airports,LERWICK (TINGWALL),350,322,8.695652,350,322,8.695652,0,0,Null,2026-04-01
6/17/2026 9:53:01 AM,202504,Other UK Airports,LIVERPOOL (JOHN LENNON),501242,465418,7.697167,501242,465418,7.697167,0,0,Null,2026-04-01
6/17/2026 9:53:01 AM,202504,London Area Airports,LONDON CITY,298002,313986,-5.090673,298002,313986,-5.090673,0,0,Null,2026-04-01
6/17/2026 9:53:01 AM,202504,London Area Airports,LUTON,1563349,1527436,2.351195,1562991,1527353,2.333318,358,83,331.325301,2026-04-01
6/17/2026 9:53:01 AM,202504,Other UK Airports,LYDD,0,1,Null,0,1,Null,0,0,Null,2026-04-01
6/17/2026 9:53:01 AM,202504,Other UK Airports,MANCHESTER,2567394,2632285,-2.465197,2567394,2631970,-2.453523,0,315,Null,2026-04-01
6/17/2026 9:53:01 AM,202504,Other UK Airports,NEWCASTLE,469777,423471,10.934869,469777,423471,10.934869,0,0,Null,2026-04-01
6/17/2026 9:53:01 AM,202504,Other UK Airports,NEWQUAY,36149,34118,5.952869,36149,34103,5.999472,0,15,Null,2026-04-01
6/17/2026 9:53:01 AM,202504,Other UK Airports,NORWICH,31181,31437,-0.814327,31181,31437,-0.814327,0,0,Null,2026-04-01
6/17/2026 9:53:01 AM,202504,Other UK Airports,OXFORD (KIDLINGTON),189,0,Null,189,0,Null,0,0,Null,2026-04-01
6/17/2026 9:53:01 AM,202504,Other UK Airports,PRESTWICK,65761,66209,-0.676645,65761,66209,-0.676645,0,0,Null,2026-04-01
6/17/2026 9:53:01 AM,202504,Other UK Airports,SOUTHAMPTON,76267,76515,-0.324119,76267,76515,-0.324119,0,0,Null,2026-04-01
6/17/2026 9:53:01 AM,202504,London Area Airports,SOUTHEND,76875,75466,1.867066,76875,75466,1.867066,0,0,Null,2026-04-01
6/17/2026 9:53:01 AM,202504,London Area Airports,STANSTED,2592667,2509637,3.308447,2592667,2509637,3.308447,0,0,Null,2026-04-01
6/17/2026 9:53:01 AM,202504,Other UK Airports,STORNOWAY,8648,8282,4.419222,8648,8282,4.419222,0,0,Null,2026-04-01
6/17/2026 9:53:01 AM,202504,Other UK Airports,SUMBURGH,24965,24155,3.353343,24953,24155,3.303664,12,0,Null,2026-04-01
6/17/2026 9:53:01 AM,202504,Other UK Airports,TEESSIDE INTERNATIONAL AIRPORT,21218,22448,-5.479330,21218,22397,-5.264098,0,51,Null,2026-04-01
6/17/2026 9:53:01 AM,202504,Other UK Airports,TIREE,935,1047,-10.697230,926,1024,-9.570313,9,23,-60.869565,2026-04-01
6/17/2026 9:53:01 AM,202504,Other UK Airports,WICK JOHN O GROATS,272,655,-58.473282,272,655,-58.473282,0,0,Null,2026-04-01
7/28/2026 10:57:35 AM,202505,Other UK Airports,ABERDEEN,199115,203135,-1.978979,199115,203135,-1.978979,0,0,Null,2026-05-01
7/28/2026 10:57:35 AM,202505,Non UK Reporting Airports,ALDERNEY,4011,4291,-6.525285,4011,4291,-6.525285,0,0,Null,2026-05-01
7/28/2026 10:57:35 AM,202505,Other UK Airports,BARRA,1247,1309,-4.736440,1247,1309,-4.736440,0,0,Null,2026-05-01
7/28/2026 10:57:35 AM,202505,Other UK Airports,BELFAST CITY (GEORGE BEST),217022,198100,9.551742,217022,198100,9.551742,0,0,Null,2026-05-01
7/28/2026 10:57:35 AM,202505,Other UK Airports,BELFAST INTERNATIONAL,632287,599543,5.461493,632287,599543,5.461493,0,0,Null,2026-05-01
7/28/2026 10:57:35 AM,202505,Other UK Airports,BENBECULA,2368,2794,-15.246958,2368,2794,-15.246958,0,0,Null,2026-05-01
7/28/2026 10:57:35 AM,202505,Other UK Airports,BIGGIN HILL,577,1019,-43.375859,577,1019,-43.375859,0,0,Null,2026-05-01
7/28/2026 10:57:35 AM,202505,Other UK Airports,BIRMINGHAM,1306203,1263991,3.339581,1306203,1263729,3.361005,0,262,Null,2026-05-01
7/28/2026 10:57:35 AM,202505,Other UK Airports,BLACKPOOL,2377,1198,98.414023,2377,1198,98.414023,0,0,Null,2026-05-01
7/28/2026 10:57:35 AM,202505,Other UK Airports,BOURNEMOUTH,152013,146487,3.772348,152013,146487,3.772348,0,0,Null,2026-05-01
7/28/2026 10:57:35 AM,202505,Other UK Airports,BRISTOL,1077861,1040187,3.621849,1077177,1040187,3.556091,684,0,Null,2026-05-01
7/28/2026 10:57:35 AM,202505,Other UK Airports,CAMPBELTOWN,841,869,-3.222094,841,866,-2.886836,0,3,Null,2026-05-01
7/28/2026 10:57:35 AM,202505,Other UK Airports,CARDIFF WALES,110944,98763,12.333566,110610,98763,11.995383,334,0,Null,2026-05-01
7/28/2026 10:57:35 AM,202505,Other UK Airports,CITY OF DERRY (EGLINTON),21955,18987,15.631748,21955,18987,15.631748,0,0,Null,2026-05-01
7/28/2026 10:57:35 AM,202505,Other UK Airports,DUNDEE,3125,3068,1.857888,2531,2374,6.613311,594,694,-14.409222,2026-05-01
7/28/2026 10:57:35 AM,202505,Other UK Airports,EAST MIDLANDS INTERNATIONAL,456030,446768,2.073112,456030,446768,2.073112,0,0,Null,2026-05-01
7/28/2026 10:57:35 AM,202505,Other UK Airports,EDINBURGH,1655053,1575941,5.019985,1654718,1575941,4.998728,335,0,Null,2026-05-01
7/28/2026 10:57:35 AM,202505,Other UK Airports,EXETER,59415,58815,1.020148,58831,58815,0.027204,584,0,Null,2026-05-01
7/28/2026 10:57:35 AM,202505,Other UK Airports,FARNBOROUGH,3588,3670,-2.234332,3588,3670,-2.234332,0,0,Null,2026-05-01
7/28/2026 10:57:35 AM,202505,London Area Airports,GATWICK,3739339,3889244,-3.854348,3738837,3888864,-3.857862,502,380,32.105263,2026-05-01
7/28/2026 10:57:35 AM,202505,Other UK Airports,GLASGOW,817491,778846,4.961828,817491,778556,5.000925,0,290,Null,2026-05-01
7/28/2026 10:57:35 AM,202505,Non UK Reporting Airports,GUERNSEY,66885,66466,0.630397,66757,66072,1.036748,128,394,-67.512690,2026-05-01
7/28/2026 10:57:35 AM,202505,London Area Airports,HEATHROW,7121542,7204362,-1.149581,7120998,7204092,-1.153428,544,270,101.481481,2026-05-01
7/28/2026 10:57:35 AM,202505,Other UK Airports,HUMBERSIDE,14205,16010,-11.274204,14205,16010,-11.274204,0,0,Null,2026-05-01
7/28/2026 10:57:35 AM,202505,Other UK Airports,INVERNESS,90528,84392,7.270831,90317,84137,7.345163,211,255,-17.254902,2026-05-01
7/28/2026 10:57:35 AM,202505,Other UK Airports,ISLAY,3199,3409,-6.160164,3199,3409,-6.160164,0,0,Null,2026-05-01
7/28/2026 10:57:35 AM,202505,Non UK Reporting Airports,ISLE OF MAN,62707,57201,9.625706,62707,57201,9.625706,0,0,Null,2026-05-01
7/28/2026 10:57:35 AM,202505,Other UK Airports,ISLES OF SCILLY (ST.MARYS),7295,9445,-22.763367,7295,9445,-22.763367,0,0,Null,2026-05-01
7/28/2026 10:57:35 AM,202505,Non UK Reporting Airports,JERSEY,138157,135234,2.161439,138157,135233,2.162194,0,1,Null,2026-05-01
7/28/2026 10:57:35 AM,202505,Other UK Airports,KIRKWALL,14669,15219,-3.613904,13597,14257,-4.629305,1072,962,11.434511,2026-05-01
7/28/2026 10:57:35 AM,202505,Other UK Airports,LANDS END (ST JUST),4282,6400,-33.093750,4274,6360,-32.798742,8,40,-80.000000,2026-05-01
7/28/2026 10:57:35 AM,202505,Other UK Airports,LEEDS BRADFORD,491297,452908,8.476114,491297,452908,8.476114,0,0,Null,2026-05-01
7/28/2026 10:57:35 AM,202505,Other UK Airports,LERWICK (TINGWALL),476,10,4660.000000,476,10,4660.000000,0,0,Null,2026-05-01
7/28/2026 10:57:35 AM,202505,Other UK Airports,LIVERPOOL (JOHN LENNON),541066,558722,-3.160069,541066,558722,-3.160069,0,0,Null,2026-05-01
7/28/2026 10:57:35 AM,202505,London Area Airports,LONDON CITY,298065,322461,-7.565566,298065,322461,-7.565566,0,0,Null,2026-05-01
7/28/2026 10:57:35 AM,202505,London Area Airports,LUTON,1753838,1622766,8.077073,1753706,1622331,8.097916,132,435,-69.655172,2026-05-01
7/28/2026 10:57:35 AM,202505,Other UK Airports,LYDD,3,0,Null,3,0,Null,0,0,Null,2026-05-01
7/28/2026 10:57:35 AM,202505,Other UK Airports,MANCHESTER,2930308,2917087,0.453226,2930308,2916632,0.468897,0,455,Null,2026-05-01
7/28/2026 10:57:35 AM,202505,Other UK Airports,NEWCASTLE,580586,536552,8.206847,580586,536531,8.211082,0,21,Null,2026-05-01
7/28/2026 10:57:35 AM,202505,Other UK Airports,NEWQUAY,42949,40355,6.427952,42949,40355,6.427952,0,0,Null,2026-05-01
7/28/2026 10:57:35 AM,202505,Other UK Airports,NORWICH,47738,46892,1.804146,47738,46892,1.804146,0,0,Null,2026-05-01
7/28/2026 10:57:35 AM,202505,Other UK Airports,OXFORD (KIDLINGTON),225,0,Null,225,0,Null,0,0,Null,2026-05-01
7/28/2026 10:57:35 AM,202505,Other UK Airports,PRESTWICK,74808,70894,5.520919,74808,70633,5.910835,0,261,Null,2026-05-01
7/28/2026 10:57:35 AM,202505,Other UK Airports,SOUTHAMPTON,82631,81640,1.213866,82631,81640,1.213866,0,0,Null,2026-05-01
7/28/2026 10:57:35 AM,202505,London Area Airports,SOUTHEND,86674,83204,4.170473,86674,83204,4.170473,0,0,Null,2026-05-01
7/28/2026 10:57:35 AM,202505,London Area Airports,STANSTED,2829477,2703981,4.641157,2829477,2703981,4.641157,0,0,Null,2026-05-01
7/28/2026 10:57:35 AM,202505,Other UK Airports,STORNOWAY,9653,9398,2.713343,9653,9398,2.713343,0,0,Null,2026-05-01
7/28/2026 10:57:35 AM,202505,Other UK Airports,SUMBURGH,26065,28844,-9.634586,26004,28815,-9.755336,61,29,110.344828,2026-05-01
7/28/2026 10:57:35 AM,202505,Other UK Airports,TEESSIDE INTERNATIONAL AIRPORT,25674,26792,-4.172887,25674,26665,-3.716482,0,127,Null,2026-05-01
7/28/2026 10:57:35 AM,202505,Other UK Airports,TIREE,1146,1198,-4.340568,1105,1181,-6.435224,41,17,141.176471,2026-05-01
7/28/2026 10:57:35 AM,202505,Other UK Airports,WICK JOHN O GROATS,233,583,-60.034305,233,583,-60.034305,0,0,Null,2026-05-01
8/17/2026 10:09:05 AM,202506,Other UK Airports,ABERDEEN,208201,212941,-2.225969,208201,212941,-2.225969,0,0,Null,2026-06-01
8/17/2026 10:09:05 AM,202506,Non UK Reporting Airports,ALDERNEY,4020,4386,-8.344733,4020,4386,-8.344733,0,0,Null,2026-06-01
8/17/2026 10:09:05 AM,202506,Other UK Airports,BARRA,1205,1381,-12.744388,1205,1381,-12.744388,0,0,Null,2026-06-01
8/17/2026 10:09:05 AM,202506,Other UK Airports,BELFAST CITY (GEORGE BEST),214373,201168,6.564165,214373,201103,6.598609,0,65,Null,2026-06-01
8/17/2026 10:09:05 AM,202506,Other UK Airports,BELFAST INTERNATIONAL,635199,640102,-0.765972,635199,640102,-0.765972,0,0,Null,2026-06-01
8/17/2026 10:09:05 AM,202506,Other UK Airports,BENBECULA,2342,2311,1.341411,2341,2311,1.298139,1,0,Null,2026-06-01
8/17/2026 10:09:05 AM,202506,Other UK Airports,BIGGIN HILL,556,1040,-46.538462,556,1040,-46.538462,0,0,Null,2026-06-01
8/17/2026 10:09:05 AM,202506,Other UK Airports,BIRMINGHAM,1366317,1361256,0.371789,1366317,1361106,0.382850,0,150,Null,2026-06-01
8/17/2026 10:09:05 AM,202506,Other UK Airports,BLACKPOOL,2145,1583,35.502211,2145,1583,35.502211,0,0,Null,2026-06-01
8/17/2026 10:09:05 AM,202506,Other UK Airports,BOURNEMOUTH,165225,171288,-3.539653,165225,171288,-3.539653,0,0,Null,2026-06-01
8/17/2026 10:09:05 AM,202506,Other UK Airports,BRISTOL,1094577,1083518,1.020657,1094186,1083518,0.984571,391,0,Null,2026-06-01
8/17/2026 10:09:05 AM,202506,Other UK Airports,CAMPBELTOWN,710,656,8.231707,710,656,8.231707,0,0,Null,2026-06-01
8/17/2026 10:09:05 AM,202506,Other UK Airports,CARDIFF WALES,136896,116385,17.623405,136475,116385,17.261675,421,0,Null,2026-06-01
8/17/2026 10:09:05 AM,202506,Other UK Airports,CITY OF DERRY (EGLINTON),21742,17741,22.552280,21742,17741,22.552280,0,0,Null,2026-06-01
8/17/2026 10:09:05 AM,202506,Other UK Airports,DUNDEE,3581,3296,8.646845,2743,2494,9.983962,838,802,4.488778,2026-06-01
8/17/2026 10:09:05 AM,202506,Other UK Airports,EAST MIDLANDS INTERNATIONAL,499768,493071,1.358222,499768,493071,1.358222,0,0,Null,2026-06-01
8/17/2026 10:09:05 AM,202506,Other UK Airports,EDINBURGH,1707051,1643153,3.888743,1707051,1643153,3.888743,0,0,Null,2026-06-01
8/17/2026 10:09:05 AM,202506,Other UK Airports,EXETER,70008,70704,-0.984386,69572,70704,-1.601041,436,0,Null,2026-06-01
8/17/2026 10:09:05 AM,202506,Other UK Airports,FARNBOROUGH,4559,4036,12.958375,4559,4036,12.958375,0,0,Null,2026-06-01
8/17/2026 10:09:05 AM,202506,London Area Airports,GATWICK,3873643,4122415,-6.034618,3873178,4122078,-6.038217,465,337,37.982196,2026-06-01
8/17/2026 10:09:05 AM,202506,Other UK Airports,GLASGOW,832132,825962,0.747008,831806,825670,0.743154,326,292,11.643836,2026-06-01
8/17/2026 10:09:05 AM,202506,Non UK Reporting Airports,GUERNSEY,65586,63864,2.696355,65395,63492,2.997228,191,372,-48.655914,2026-06-01
8/17/2026 10:09:05 AM,202506,London Area Airports,HEATHROW,7227536,7359020,-1.786705,7227310,7359020,-1.789776,226,0,Null,2026-06-01
8/17/2026 10:09:05 AM,202506,Other UK Airports,HUMBERSIDE,14892,14828,0.431616,14892,14828,0.431616,0,0,Null,2026-06-01
8/17/2026 10:09:05 AM,202506,Other UK Airports,INVERNESS,90741,82839,9.538985,90563,82443,9.849229,178,396,-55.050505,2026-06-01
8/17/2026 10:09:05 AM,202506,Other UK Airports,ISLAY,2793,3191,-12.472579,2793,3191,-12.472579,0,0,Null,2026-06-01
8/17/2026 10:09:05 AM,202506,Non UK Reporting Airports,ISLE OF MAN,62882,63604,-1.135149,62882,63604,-1.135149,0,0,Null,2026-06-01
8/17/2026 10:09:05 AM,202506,Other UK Airports,ISLES OF SCILLY (ST.MARYS),6106,6845,-10.796202,6106,6845,-10.796202,0,0,Null,2026-06-01
8/17/2026 10:09:05 AM,202506,Non UK Reporting Airports,JERSEY,138849,137968,0.638554,138818,137968,0.616085,31,0,Null,2026-06-01
8/17/2026 10:09:05 AM,202506,Other UK Airports,KIRKWALL,15157,15060,0.644090,14194,14101,0.659528,963,959,0.417101,2026-06-01
8/17/2026 10:09:05 AM,202506,Other UK Airports,LANDS END (ST JUST),3638,5383,-32.416868,3622,5344,-32.223054,16,39,-58.974359,2026-06-01
8/17/2026 10:09:05 AM,202506,Other UK Airports,LEEDS BRADFORD,507598,496774,2.178858,507598,496774,2.178858,0,0,Null,2026-06-01
8/17/2026 10:09:05 AM,202506,Other UK Airports,LERWICK (TINGWALL),428,98,336.734694,428,98,336.734694,0,0,Null,2026-06-01
8/17/2026 10:09:05 AM,202506,Other UK Airports,LIVERPOOL (JOHN LENNON),560667,556000,0.839388,560667,556000,0.839388,0,0,Null,2026-06-01
8/17/2026 10:09:05 AM,202506,London Area Airports,LONDON CITY,320728,354195,-9.448750,320728,354195,-9.448750,0,0,Null,2026-06-01
8/17/2026 10:09:05 AM,202506,London Area Airports,LUTON,1789437,1635088,9.439798,1789437,1634942,9.449571,0,146,Null,2026-06-01
8/17/2026 10:09:05 AM,202506,Other UK Airports,LYDD,0,2,Null,0,2,Null,0,0,Null,2026-06-01
8/17/2026 10:09:05 AM,202506,Other UK Airports,MANCHESTER,3057129,3018402,1.283030,3057129,3018208,1.289540,0,194,Null,2026-06-01
8/17/2026 10:09:05 AM,202506,Other UK Airports,NEWCASTLE,599792,572373,4.790408,599792,572373,4.790408,0,0,Null,2026-06-01
8/17/2026 10:09:05 AM,202506,Other UK Airports,NEWQUAY,46599,47601,-2.104998,46594,47601,-2.115502,5,0,Null,2026-06-01
8/17/2026 10:09:05 AM,202506,Other UK Airports,NORWICH,51134,51179,-0.087927,51134,51179,-0.087927,0,0,Null,2026-06-01
8/17/2026 10:09:05 AM,202506,Other UK Airports,OXFORD (KIDLINGTON),347,0,Null,347,0,Null,0,0,Null,2026-06-01
8/17/2026 10:09:05 AM,202506,Other UK Airports,PRESTWICK,77152,72603,6.265581,77152,72603,6.265581,0,0,Null,2026-06-01
8/17/2026 10:09:05 AM,202506,Other UK Airports,SOUTHAMPTON,86065,84515,1.833994,86065,84515,1.833994,0,0,Null,2026-06-01
8/17/2026 10:09:05 AM,202506,London Area Airports,SOUTHEND,83575,83648,-0.087270,83575,83648,-0.087270,0,0,Null,2026-06-01
8/17/2026 10:09:05 AM,202506,London Area Airports,STANSTED,2854451,2758809,3.466786,2854451,2758809,3.466786,0,0,Null,2026-06-01
8/17/2026 10:09:05 AM,202506,Other UK Airports,STORNOWAY,9702,9534,1.762115,9702,9534,1.762115,0,0,Null,2026-06-01
8/17/2026 10:09:05 AM,202506,Other UK Airports,SUMBURGH,28394,28967,-1.978113,28341,28876,-1.852750,53,91,-41.758242,2026-06-01
8/17/2026 10:09:05 AM,202506,Other UK Airports,TEESSIDE INTERNATIONAL AIRPORT,26880,28153,-4.521721,26880,28058,-4.198446,0,95,Null,2026-06-01
8/17/2026 10:09:05 AM,202506,Other UK Airports,TIREE,878,994,-11.670020,868,974,-10.882957,10,20,-50.000000,2026-06-01
8/17/2026 10:09:05 AM,202506,Other UK Airports,WICK JOHN O GROATS,300,561,-46.524064,300,561,-46.524064,0,0,Null,2026-06-01
